metric,value
accuracy,0.7987421383647799
roc_auc,0.8671635366291903
