fixed_acidity,volatile_acidity,citric_acid,residual_sugar,chlorides,free_sulfur_dioxide,total_sulfur_dioxide,density,ph,sulphates,alcohol,sulfur_ratio,acidity_sum,alcohol_density_ratio,ph_sq,log_alcohol,log_residual_sugar,log_chlorides
7.2,0.5,0.18,2.1,0.071,12.0,31.0,0.99761,3.52,0.72,9.6,0.3870967741810614,7.7,9.622998957886349,12.3904,2.3608540011180215,1.1314021114911006,0.06859279146561172
7.0,0.58,0.28,4.8,0.085,12.0,69.0,0.99633,3.32,0.7,11.0,0.17391304347574038,7.58,11.04051869256118,11.0224,2.4849066497880004,1.7578579175523736,0.08157998699242287
8.5,0.28,0.56,1.8,0.092,35.0,103.0,0.9969,3.3,0.75,10.5,0.3398058252394193,8.78,10.532651208212808,10.889999999999999,2.4423470353692043,1.0296194171811583,0.0880108773227133
7.1,0.52,0.03,2.6,0.076,21.0,92.0,0.99745,3.5,0.6,9.8,0.22826086956273628,7.619999999999999,9.825053877562732,12.25,2.379546134130174,1.2809338454620645,0.07325046173959267
7.1,0.61,0.02,2.5,0.081,17.0,87.0,0.99745,3.48,0.6,9.7,0.19540229884832871,7.71,9.724798225750867,12.1104,2.3702437414678603,1.252762968495368,0.07788653865707122
8.2,0.23,0.42,1.9,0.069,9.0,17.0,0.99376,3.21,0.54,12.3,0.5294117646747405,8.43,12.377233927329302,10.3041,2.5877640352277083,1.0647107369924282,0.06672363204290818
8.0,0.58,0.28,3.2,0.066,21.0,114.0,0.9973,3.22,0.54,9.4,0.1842105263141736,8.58,9.425448702070142,10.368400000000001,2.341805806147327,1.4350845252893227,0.0639133257436528
7.7,0.58,0.1,1.8,0.102,28.0,109.0,0.99565,3.08,0.49,9.8,0.2568807339425974,8.28,9.842816240804686,9.4864,2.379546134130174,1.0296194171811583,0.09712671073072274
7.0,0.57,0.02,2.0,0.072,17.0,26.0,0.99575,3.36,0.61,10.2,0.6538461538210059,7.57,10.243535013564111,11.289599999999998,2.4159137783010487,1.0986122886681096,0.06952606264861023
7.4,0.55,0.22,2.2,0.106,12.0,72.0,0.9959,3.05,0.63,9.2,0.16666666666435184,7.95,9.237875279407696,9.302499999999998,2.322387720290225,1.1631508098056809,0.10074990310014305
10.1,0.45,0.23,1.9,0.082,10.0,18.0,0.99774,3.22,0.65,9.3,0.5555555555246914,10.549999999999999,9.321065598932524,10.368400000000001,2.33214389523559,1.0647107369924282,0.07881118042428978
6.2,0.43,0.22,1.8,0.078,21.0,56.0,0.99633,3.52,0.6,9.5,0.3749999999933036,6.63,9.534993416302838,12.3904,2.3513752571634776,1.0296194171811583,0.07510747248680541
6.0,0.5,0.04,2.2,0.092,13.0,26.0,0.99647,3.46,0.47,10.0,0.4999999999807692,6.5,10.035425040357035,11.9716,2.3978952727983707,1.1631508098056809,0.0880108773227133
11.3,0.34,0.45,2.0,0.082,6.0,15.0,0.9988,2.94,0.66,9.2,0.39999999997333335,11.64,9.21105325469458,8.6436,2.322387720290225,1.0986122886681096,0.07881118042428978
10.6,0.28,0.39,15.5,0.069,6.0,23.0,1.0026,3.12,0.66,9.2,0.26086956520604915,10.879999999999999,9.176142021567781,9.7344,2.322387720290225,2.803360380906535,0.06672363204290818
7.2,0.695,0.13,2.0,0.076,12.0,20.0,0.99546,3.29,0.54,10.1,0.59999999997,7.8950000000000005,10.146063116402404,10.8241,2.4069451083182885,1.0986122886681096,0.07325046173959267
9.3,0.655,0.26,2.0,0.096,5.0,35.0,0.99738,3.25,0.42,9.6,0.14285714285306123,9.955,9.625218061696426,10.5625,2.3608540011180215,1.0986122886681096,0.0916671885258238
4.9,0.42,0.0,2.1,0.048,16.0,42.0,0.99154,3.71,0.74,14.0,0.3809523809433107,5.32,14.119450537427184,13.7641,2.70805020110221,1.1314021114911006,0.04688358589885042
8.1,0.53,0.22,2.2,0.078,33.0,89.0,0.99678,3.26,0.46,9.6,0.37078651684976643,8.629999999999999,9.631011848521226,10.6276,2.3608540011180215,1.1631508098056809,0.07510747248680541
8.0,0.38,0.06,1.8,0.078,12.0,49.0,0.99625,3.37,0.52,9.9,0.24489795917867557,8.38,9.937264732810776,11.356900000000001,2.388762789235098,1.0296194171811583,0.07510747248680541
10.9,0.39,0.47,1.8,0.118,6.0,14.0,0.9982,3.3,0.75,9.8,0.4285714285408163,11.290000000000001,9.817671799421287,10.889999999999999,2.379546134130174,1.0296194171811583,0.11154137473290741
8.6,0.53,0.22,2.0,0.1,7.0,27.0,0.9967,3.2,0.56,10.2,0.25925925924965704,9.129999999999999,10.233771435503389,10.240000000000002,2.4159137783010487,1.0986122886681096,0.09531017980432487
9.4,0.33,0.59,2.8,0.079,9.0,30.0,0.9976,3.12,0.54,12.0,0.29999999999,9.73,12.028869274229281,9.7344,2.5649493574615367,1.33500106673234,0.0760346862759976
6.9,0.74,0.03,2.3,0.054,7.0,16.0,0.99508,3.45,0.63,11.5,0.43749999997265626,7.640000000000001,11.556859738355852,11.902500000000002,2.5257286443082556,1.1939224684724346,0.05259245011917058
8.3,0.6,0.13,2.6,0.085,6.0,24.0,0.9984,3.31,0.59,9.2,0.24999999998958333,8.9,9.214743580514078,10.956100000000001,2.322387720290225,1.2809338454620645,0.08157998699242287
12.7,0.6,0.49,2.8,0.075,5.0,19.0,0.9994,3.14,0.57,11.4,0.26315789472299167,13.299999999999999,11.406844095050188,9.8596,2.517696472610991,1.33500106673234,0.07232066157962612
8.1,0.73,0.0,2.5,0.081,12.0,24.0,0.99798,3.38,0.46,9.6,0.49999999997916666,8.83,9.619431241488375,11.424399999999999,2.3608540011180215,1.252762968495368,0.07788653865707122
7.6,0.685,0.23,2.3,0.111,20.0,84.0,0.9964,3.21,0.61,9.3,0.23809523809240363,8.285,9.333600954101165,10.3041,2.33214389523559,1.1939224684724346,0.10526051065749295
8.2,0.78,0.0,2.2,0.089,13.0,26.0,0.9978,3.37,0.46,9.6,0.4999999999807692,8.979999999999999,9.621166556803802,11.356900000000001,2.3608540011180215,1.1631508098056809,0.08525984395082342
11.9,0.58,0.58,1.9,0.071,5.0,18.0,0.998,3.09,0.63,10.0,0.2777777777623457,12.48,10.020040070120201,9.5481,2.3978952727983707,1.0647107369924282,0.06859279146561172
7.4,0.64,0.07,1.8,0.1,8.0,23.0,0.9961,3.3,0.58,9.6,0.3478260869413989,8.040000000000001,9.637586578016679,10.889999999999999,2.3608540011180215,1.0296194171811583,0.09531017980432487
6.1,0.64,0.02,2.4,0.069,26.0,46.0,0.99358,3.47,0.45,11.0,0.5652173912920605,6.739999999999999,11.071076298767007,12.0409,2.4849066497880004,1.2237754316221157,0.06672363204290818
7.0,0.57,0.0,2.0,0.19,12.0,45.0,0.99676,3.31,0.6,9.4,0.26666666666074074,7.57,9.43055498873294,10.956100000000001,2.341805806147327,1.0986122886681096,0.173953307123438
6.2,0.39,0.43,2.0,0.071,14.0,24.0,0.99428,3.45,0.87,11.2,0.5833333333090278,6.59,11.264432542880845,11.902500000000002,2.501435951739211,1.0986122886681096,0.06859279146561172
12.0,0.28,0.49,1.9,0.074,10.0,21.0,0.9976,2.98,0.66,9.9,0.47619047616780047,12.28,9.923817151239158,8.8804,2.388762789235098,1.0647107369924282,0.07138999608667294
10.0,0.26,0.54,1.9,0.083,42.0,74.0,0.99451,2.98,0.63,11.8,0.5675675675598977,10.26,11.865139604563918,8.8804,2.5494451709255714,1.0647107369924282,0.07973496801885356
8.8,0.61,0.19,4.0,0.094,30.0,69.0,0.99787,3.22,0.5,10.0,0.434782608689351,9.41,10.021345455799507,10.368400000000001,2.3978952727983707,1.6094379124341003,0.08984070399978947
7.4,0.53,0.12,1.9,0.165,4.0,12.0,0.99702,3.26,0.86,9.2,0.33333333330555553,7.930000000000001,9.227497934617663,10.6276,2.322387720290225,1.0647107369924282,0.1527210870176639
5.8,1.01,0.66,2.0,0.039,15.0,88.0,0.99357,3.66,0.6,11.5,0.17045454545260846,6.81,11.574423531734631,13.395600000000002,2.5257286443082556,1.0986122886681096,0.03825871211709034
6.6,0.58,0.0,2.2,0.1,50.0,63.0,0.99544,3.59,0.68,11.4,0.793650793638196,7.18,11.45222212142146,12.8881,2.517696472610991,1.1631508098056809,0.09531017980432487
11.6,0.58,0.66,2.2,0.074,10.0,47.0,1.0008,3.25,0.57,9.0,0.21276595744228158,12.18,8.992805746410067,10.5625,2.302585092994046,1.1631508098056809,0.07138999608667294
10.7,0.46,0.39,2.0,0.061,7.0,15.0,0.9981,3.18,0.62,9.5,0.46666666663555556,11.16,9.518084350748337,10.112400000000001,2.3513752571634776,1.0986122886681096,0.05921185963184608
6.0,0.54,0.06,1.8,0.05,38.0,89.0,0.99236,3.3,0.5,10.55,0.42696629213003406,6.54,10.631222529494114,10.889999999999999,2.446685436967803,1.0296194171811583,0.04879016416943201
5.3,0.715,0.19,1.5,0.161,7.0,62.0,0.99395,3.62,0.61,11.0,0.1129032258046306,6.015,11.066955067088934,13.1044,2.4849066497880004,0.9162907318741551,0.14928170271575444
8.1,0.87,0.0,3.3,0.096,26.0,61.0,1.00025,3.6,0.72,9.8,0.426229508189734,8.969999999999999,9.79755060255181,12.96,2.379546134130174,1.4586150226995167,0.0916671885258238
6.8,0.64,0.03,2.3,0.075,14.0,31.0,0.99545,3.36,0.58,10.4,0.4516129032112383,7.4399999999999995,10.447536279624758,11.289599999999998,2.4336133554004498,1.1939224684724346,0.07232066157962612
6.9,0.45,0.11,2.4,0.043,6.0,12.0,0.99354,3.3,0.65,11.4,0.49999999995833333,7.3500000000000005,11.474122821955712,10.889999999999999,2.517696472610991,1.2237754316221157,0.04210117601863539
9.3,0.41,0.39,2.2,0.064,12.0,31.0,0.9984,3.26,0.65,10.2,0.3870967741810614,9.71,10.216346143613436,10.6276,2.4159137783010487,1.1631508098056809,0.06203539091945264
7.5,0.685,0.07,2.5,0.058,5.0,9.0,0.99632,3.38,0.55,10.9,0.5555555554938272,8.185,10.940260146398487,11.424399999999999,2.4765384001174837,1.252762968495368,0.05638033343610764
9.8,0.45,0.38,2.5,0.081,34.0,66.0,0.99726,3.15,0.58,9.8,0.5151515151437098,10.25,9.826925766774036,9.9225,2.379546134130174,1.252762968495368,0.07788653865707122
6.9,0.605,0.12,10.7,0.073,40.0,83.0,0.9993,3.45,0.52,9.4,0.48192771083756714,7.505000000000001,9.406584599813286,11.902500000000002,2.341805806147327,2.4595888418037104,0.07045846364856141
13.2,0.46,0.52,2.2,0.071,12.0,35.0,1.0006,3.1,0.56,9.0,0.342857142847347,13.66,8.994603229067955,9.610000000000001,2.302585092994046,1.1631508098056809,0.06859279146561172
8.6,0.37,0.65,6.4,0.08,3.0,8.0,0.99817,3.27,0.58,11.0,0.374999999953125,8.969999999999999,11.02016689439658,10.6929,2.4849066497880004,2.0014800002101243,0.07696104113612832
7.2,0.38,0.3,1.8,0.073,31.0,70.0,0.99685,3.42,0.59,9.5,0.4428571428508163,7.58,9.530019552058967,11.696399999999999,2.3513752571634776,1.0296194171811583,0.07045846364856141
5.6,0.31,0.78,13.9,0.074,23.0,92.0,0.99677,3.39,0.48,10.5,0.2499999999972826,5.909999999999999,10.534024889860223,11.4921,2.4423470353692043,2.7013612129514133,0.07138999608667294
6.1,0.56,0.0,2.2,0.079,6.0,9.0,0.9948,3.59,0.54,11.5,0.6666666665925925,6.66,11.56011257382377,12.8881,2.5257286443082556,1.1631508098056809,0.0760346862759976
6.9,0.44,0.0,1.4,0.07,32.0,38.0,0.99438,3.32,0.58,11.4,0.8421052631357342,7.340000000000001,11.464430085616737,11.0224,2.517696472610991,0.8754687373538999,0.06765864847381481
7.7,0.41,0.76,1.8,0.611,8.0,45.0,0.9968,3.06,1.26,9.4,0.17777777777382717,8.11,9.430176555547575,9.3636,2.341805806147327,1.0296194171811583,0.47685510419483734
6.3,0.68,0.01,3.7,0.103,32.0,54.0,0.99586,3.51,0.66,11.3,0.5925925925816187,6.9799999999999995,11.346976471243975,12.320099999999998,2.509599262378372,1.547562508716013,0.09803374027136541
6.8,0.56,0.22,1.8,0.074,15.0,24.0,0.99438,3.4,0.82,11.2,0.6249999999739584,7.359999999999999,11.263299733237494,11.559999999999999,2.501435951739211,1.0296194171811583,0.07138999608667294
9.8,0.51,0.19,3.2,0.081,8.0,30.0,0.9984,3.23,0.58,10.5,0.2666666666577778,10.31,10.516826912543243,10.4329,2.4423470353692043,1.4350845252893227,0.07788653865707122
5.2,0.34,0.0,1.8,0.05,27.0,63.0,0.9916,3.68,0.79,14.0,0.4285714285646259,5.54,14.11859619391025,13.5424,2.70805020110221,1.0296194171811583,0.04879016416943201
11.1,0.39,0.54,2.7,0.095,21.0,101.0,1.0001,3.13,0.51,9.5,0.20792079207714928,11.49,9.4990500854924,9.796899999999999,2.3513752571634776,1.308332819650179,0.09075436326846414
9.3,0.33,0.45,1.5,0.057,19.0,37.0,0.99498,3.18,0.89,11.1,0.5135135134996348,9.63,11.156003124529134,10.112400000000001,2.4932054526026954,0.9162907318741551,0.055434706888100586
7.5,0.52,0.42,2.3,0.087,8.0,38.0,0.9972,3.58,0.61,10.5,0.21052631578393355,8.02,10.529482540584153,12.8164,2.4423470353692043,1.1939224684724346,0.08342160813907239
11.6,0.42,0.53,3.3,0.105,33.0,98.0,1.001,3.2,0.95,9.2,0.3367346938741149,12.02,9.190809181627563,10.240000000000002,2.322387720290225,1.4586150226995167,0.09984533496971613
6.9,0.685,0.0,2.5,0.105,22.0,37.0,0.9966,3.46,0.57,10.6,0.5945945945785245,7.585000000000001,10.6361629433713,11.9716,2.451005098112319,1.252762968495368,0.09984533496971613
7.2,0.56,0.26,2.0,0.083,13.0,100.0,0.99586,3.26,0.52,9.9,0.1299999999987,7.76,9.941156377461535,10.6276,2.388762789235098,1.0986122886681096,0.07973496801885356
10.6,0.48,0.64,2.2,0.111,6.0,20.0,0.997,3.26,0.66,11.7,0.299999999985,11.08,11.735205605080035,10.6276,2.5416019934645457,1.1631508098056809,0.10526051065749295
9.1,0.25,0.34,2.0,0.071,45.0,67.0,0.99769,3.44,0.86,10.2,0.6716417910347516,9.35,10.223616543993007,11.833599999999999,2.4159137783010487,1.0986122886681096,0.06859279146561172
7.6,0.51,0.24,2.4,0.091,8.0,38.0,0.998,3.47,0.66,9.6,0.21052631578393355,8.11,9.619238467315393,12.0409,2.3608540011180215,1.2237754316221157,0.08709470685093376
7.1,0.46,0.2,1.9,0.077,28.0,54.0,0.9956,3.37,0.64,10.4,0.5185185185089164,7.56,10.44596222333672,11.356900000000001,2.4336133554004498,1.0647107369924282,0.07417939817425151
9.2,0.54,0.31,2.3,0.112,11.0,38.0,0.99699,3.24,0.56,10.9,0.2894736842029086,9.739999999999998,10.932908042274338,10.497600000000002,2.4765384001174837,1.1939224684724346,0.10616019582839063
7.9,0.19,0.42,1.6,0.057,18.0,30.0,0.994,3.29,0.69,11.2,0.59999999998,8.09,11.267605622467197,10.8241,2.501435951739211,0.9555114450274365,0.055434706888100586
7.5,0.42,0.32,2.7,0.067,7.0,25.0,0.99628,3.24,0.44,10.4,0.2799999999888,7.92,10.438832446261259,10.497600000000002,2.4336133554004498,1.308332819650179,0.06485097231961631
13.3,0.34,0.52,3.2,0.094,17.0,53.0,1.0014,3.05,0.81,9.5,0.3207547169750801,13.64,9.486718584494987,9.302499999999998,2.3513752571634776,1.4350845252893227,0.08984070399978947
10.6,0.36,0.59,2.2,0.152,6.0,18.0,0.9986,3.04,1.05,9.4,0.3333333333148148,10.959999999999999,9.413178440403387,9.2416,2.341805806147327,1.1631508098056809,0.1414995622736995
7.3,0.39,0.31,2.4,0.074,9.0,46.0,0.9962,3.41,0.54,9.4,0.1956521739087902,7.6899999999999995,9.435856244292456,11.628100000000002,2.341805806147327,1.2237754316221157,0.07138999608667294
7.4,0.74,0.07,1.7,0.086,15.0,48.0,0.99502,3.12,0.48,10.0,0.3124999999934896,8.14,10.050049235140953,9.7344,2.3978952727983707,0.9932517730102834,0.08250122151174369
11.9,0.4,0.65,2.15,0.068,7.0,27.0,0.9988,3.06,0.68,11.3,0.25925925924965704,12.3,11.313576280222692,9.3636,2.509599262378372,1.1474024528375417,0.0657877405380031
6.5,0.58,0.0,2.2,0.096,3.0,13.0,0.99557,3.62,0.62,11.5,0.2307692307514793,7.08,11.55117167898674,13.1044,2.5257286443082556,1.1631508098056809,0.0916671885258238
7.2,0.52,0.07,1.4,0.074,5.0,20.0,0.9973,3.32,0.81,9.6,0.2499999999875,7.720000000000001,9.625990163816315,11.0224,2.3608540011180215,0.8754687373538999,0.07138999608667294
9.9,0.35,0.41,2.3,0.083,11.0,61.0,0.9982,3.21,0.5,9.5,0.18032786884950283,10.25,9.517130825969614,10.3041,2.3513752571634776,1.1939224684724346,0.07973496801885356
7.7,0.63,0.08,1.9,0.076,15.0,27.0,0.9967,3.32,0.54,9.5,0.5555555555349794,8.33,9.531453787968843,11.0224,2.3513752571634776,1.0647107369924282,0.07325046173959267
8.7,0.78,0.51,1.7,0.415,12.0,66.0,0.99623,3.0,1.17,9.2,0.181818181815427,9.479999999999999,9.234815244235953,9.0,2.322387720290225,0.9932517730102834,0.34712953109520095
8.2,0.39,0.49,2.3,0.099,47.0,133.0,0.9979,3.38,0.99,9.8,0.35338345864395954,8.59,9.820623299107503,11.424399999999999,2.379546134130174,1.1939224684724346,0.09440067542148431
7.5,0.59,0.22,1.8,0.082,43.0,60.0,0.99499,3.1,0.42,9.2,0.7166666666547222,8.09,9.24632407436625,9.610000000000001,2.322387720290225,1.0296194171811583,0.07881118042428978
8.8,0.955,0.05,1.8,0.075,5.0,19.0,0.99616,3.3,0.44,9.6,0.26315789472299167,9.755,9.637006093763043,10.889999999999999,2.3608540011180215,1.0296194171811583,0.07232066157962612
8.4,0.56,0.04,2.0,0.082,10.0,22.0,0.9976,3.22,0.44,9.6,0.4545454545247934,8.96,9.623095419383425,10.368400000000001,2.3608540011180215,1.0986122886681096,0.07881118042428978
10.7,0.4,0.37,1.9,0.081,17.0,29.0,0.99674,3.12,0.65,11.2,0.5862068965315101,11.1,11.23663140715068,9.7344,2.501435951739211,1.0647107369924282,0.07788653865707122
11.2,0.28,0.56,1.9,0.075,17.0,60.0,0.998,3.16,0.58,9.8,0.2833333333286111,11.479999999999999,9.819639268717797,9.985600000000002,2.379546134130174,1.0647107369924282,0.07232066157962612
7.4,1.185,0.0,4.25,0.097,5.0,14.0,0.9966,3.63,0.54,10.7,0.35714285711734695,8.585,10.736504103214424,13.1769,2.4595888418037104,1.6582280766035324,0.0925791812930932
7.6,0.79,0.21,2.3,0.087,21.0,68.0,0.9955,3.12,0.44,9.2,0.3088235294072232,8.39,9.241587132856266,9.7344,2.322387720290225,1.1939224684724346,0.08342160813907239
7.5,0.4,0.12,3.0,0.092,29.0,53.0,0.9967,3.37,0.7,10.3,0.5471698113104307,7.9,10.334102528008327,11.356900000000001,2.424802725718295,1.3862943611198906,0.0880108773227133
6.0,0.42,0.19,2.0,0.075,22.0,47.0,0.99522,3.39,0.78,10.0,0.4680851063730195,6.42,10.048029571302799,11.4921,2.3978952727983707,1.0986122886681096,0.07232066157962612
9.6,0.88,0.28,2.4,0.086,30.0,147.0,0.9979,3.24,0.53,9.4,0.20408163265167292,10.48,9.419781531796993,10.497600000000002,2.341805806147327,1.2237754316221157,0.08250122151174369
7.9,0.31,0.32,1.9,0.066,14.0,36.0,0.99364,3.41,0.56,12.6,0.3888888888780865,8.21,12.68064891441503,11.628100000000002,2.6100697927420065,1.0647107369924282,0.0639133257436528
7.7,0.18,0.34,2.7,0.066,15.0,58.0,0.9947,3.37,0.78,11.8,0.25862068965071344,7.88,11.862873216182896,11.356900000000001,2.5494451709255714,1.308332819650179,0.0639133257436528
6.7,0.16,0.64,2.1,0.059,24.0,52.0,0.99494,3.34,0.71,11.2,0.46153846152958583,6.86,11.256960207392444,11.1556,2.501435951739211,1.1314021114911006,0.0573250666192694
12.4,0.49,0.58,3.0,0.103,28.0,99.0,1.0008,3.16,1.0,11.5,0.282828282825426,12.89,11.490807342635085,9.985600000000002,2.5257286443082556,1.3862943611198906,0.09803374027136541
6.8,0.6,0.18,1.9,0.079,18.0,86.0,0.9968,3.59,0.57,9.3,0.20930232557896158,7.3999999999999995,9.3298555283609,12.8881,2.33214389523559,1.0647107369924282,0.0760346862759976
7.8,0.5,0.17,1.6,0.082,21.0,102.0,0.996,3.39,0.48,9.5,0.20588235293915802,8.3,9.53815260086531,11.4921,2.3513752571634776,0.9555114450274365,0.07881118042428978
9.1,0.45,0.35,2.4,0.08,23.0,78.0,0.9987,3.38,0.62,9.5,0.29487179486801446,9.549999999999999,9.51236606637392,11.424399999999999,2.3513752571634776,1.2237754316221157,0.07696104113612832
9.3,0.27,0.41,2.0,0.091,6.0,16.0,0.998,3.28,0.7,9.7,0.3749999999765625,9.57,9.719438868016594,10.758399999999998,2.3702437414678603,1.0986122886681096,0.08709470685093376
6.8,0.61,0.2,1.8,0.077,11.0,65.0,0.9971,3.54,0.58,9.3,0.16923076922816568,7.41,9.32704843112321,12.531600000000001,2.33214389523559,1.0296194171811583,0.07417939817425151
7.6,0.54,0.13,2.5,0.097,24.0,66.0,0.99785,3.39,0.61,9.4,0.363636363630854,8.14,9.420253535681463,11.4921,2.341805806147327,1.252762968495368,0.0925791812930932
6.6,0.63,0.0,4.3,0.093,51.0,77.5,0.99558,3.2,0.45,9.5,0.6580645161205411,7.2299999999999995,9.542176410190867,10.240000000000002,2.3513752571634776,1.667706820558076,0.0889262091944015
8.4,0.665,0.61,2.0,0.112,13.0,95.0,0.997,3.16,0.54,9.1,0.13684210526171744,9.065000000000001,9.12738213728447,9.985600000000002,2.312535423847214,1.0986122886681096,0.10616019582839063
12.1,0.4,0.52,2.0,0.092,15.0,54.0,1.0,3.03,0.66,10.2,0.27777777777263374,12.5,10.199999989799998,9.1809,2.4159137783010487,1.0986122886681096,0.0880108773227133
6.8,0.5,0.11,1.5,0.075,16.0,49.0,0.99545,3.36,0.79,9.5,0.3265306122382341,7.3,9.543422563118769,11.289599999999998,2.3513752571634776,0.9162907318741551,0.07232066157962612
9.5,0.57,0.27,2.3,0.082,23.0,144.0,0.99782,3.27,0.55,9.4,0.15972222222111304,10.07,9.420536760717829,10.6929,2.341805806147327,1.1939224684724346,0.07881118042428978
9.0,0.69,0.0,2.4,0.088,19.0,38.0,0.999,3.35,0.6,9.3,0.49999999998684214,9.69,9.309309299990682,11.2225,2.33214389523559,1.2237754316221157,0.08434114843375087
7.5,0.61,0.26,1.9,0.073,24.0,88.0,0.99612,3.3,0.53,9.8,0.2727272727241735,8.11,9.838172097901687,10.889999999999999,2.379546134130174,1.0647107369924282,0.07045846364856141
8.8,0.7,0.0,1.7,0.069,8.0,19.0,0.99701,3.31,0.53,10.0,0.4210526315567867,9.5,10.029989659050573,10.956100000000001,2.3978952727983707,0.9932517730102834,0.06672363204290818
9.9,0.63,0.24,2.4,0.077,6.0,33.0,0.9974,3.09,0.57,9.4,0.1818181818126722,10.530000000000001,9.424503700196007,9.5481,2.341805806147327,1.2237754316221157,0.07417939817425151
7.7,0.58,0.01,1.8,0.088,12.0,18.0,0.99568,3.32,0.56,10.5,0.6666666666296296,8.28,10.545556794808014,11.0224,2.4423470353692043,1.0296194171811583,0.08434114843375087
6.9,0.84,0.21,4.1,0.074,16.0,65.0,0.99842,3.53,0.72,9.25,0.24615384615005917,7.74,9.264638118963324,12.460899999999999,2.327277705584417,1.62924053973028,0.07138999608667294
8.1,0.82,0.0,4.1,0.095,5.0,14.0,0.99854,3.36,0.53,9.6,0.35714285711734695,8.92,9.614036483652095,11.289599999999998,2.3608540011180215,1.62924053973028,0.09075436326846414
8.2,0.34,0.37,1.9,0.057,43.0,74.0,0.99408,3.23,0.81,12.0,0.5810810810732286,8.54,12.071463049179682,10.4329,2.5649493574615367,1.0647107369924282,0.055434706888100586
8.1,0.66,0.22,2.2,0.069,9.0,23.0,0.9968,3.3,1.2,10.3,0.39130434780907375,8.76,10.333065800227663,10.889999999999999,2.424802725718295,1.1631508098056809,0.06672363204290818
8.9,0.565,0.34,3.0,0.093,16.0,112.0,0.9998,3.38,0.61,9.5,0.14285714285586734,9.465,9.501900370572214,11.424399999999999,2.3513752571634776,1.3862943611198906,0.0889262091944015
6.4,0.47,0.4,2.4,0.071,8.0,19.0,0.9963,3.56,0.73,10.6,0.4210526315567867,6.87,10.63936564223691,12.6736,2.451005098112319,1.2237754316221157,0.06859279146561172
6.1,0.32,0.25,1.8,0.086,5.0,32.0,0.99464,3.36,0.44,10.1,0.1562499999951172,6.42,10.15442772243784,11.289599999999998,2.4069451083182885,1.0296194171811583,0.08250122151174369
6.1,0.6,0.08,1.8,0.071,14.0,45.0,0.99336,3.38,0.54,11.0,0.31111111110419754,6.699999999999999,11.073528216282588,11.424399999999999,2.4849066497880004,1.0296194171811583,0.06859279146561172
8.7,0.41,0.41,6.2,0.078,25.0,42.0,0.9953,3.24,0.77,12.6,0.5952380952239229,9.11,12.659499635627952,10.497600000000002,2.6100697927420065,1.9740810260220096,0.07510747248680541
11.9,0.695,0.53,3.4,0.128,7.0,21.0,0.9992,3.17,0.84,12.2,0.3333333333174603,12.595,12.209767802031857,10.0489,2.580216829592325,1.4816045409242156,0.12044615307586716
10.0,0.29,0.4,2.9,0.098,10.0,26.0,1.0006,3.48,0.91,9.7,0.3846153846005917,10.29,9.694183480217685,12.1104,2.3702437414678603,1.3609765531356006,0.09349034308733889
11.0,0.2,0.48,2.0,0.343,6.0,18.0,0.9979,3.3,0.71,10.5,0.3333333333148148,11.2,10.522096391900895,10.889999999999999,2.4423470353692043,1.0986122886681096,0.2949059175411005
7.0,0.49,0.49,5.6,0.06,26.0,121.0,0.9974,3.34,0.76,10.5,0.2148760330560754,7.49,10.527371154474263,11.1556,2.4423470353692043,1.8870696490323797,0.058268908123975775
7.3,0.73,0.24,1.9,0.108,18.0,102.0,0.9967,3.26,0.59,9.3,0.176470588233564,8.03,9.330791602958973,10.6276,2.33214389523559,1.0647107369924282,0.10255658832509207
12.4,0.35,0.49,2.6,0.079,27.0,69.0,0.9994,3.12,0.75,10.4,0.39130434782041584,12.75,10.40624373583526,9.7344,2.4336133554004498,1.2809338454620645,0.0760346862759976
8.5,0.28,0.35,1.7,0.061,6.0,15.0,0.99524,3.3,0.74,11.8,0.39999999997333335,8.78,11.856436626485635,10.889999999999999,2.5494451709255714,0.9932517730102834,0.05921185963184608
9.5,0.885,0.27,2.3,0.084,31.0,145.0,0.9978,3.24,0.53,9.4,0.21379310344680144,10.385,9.42072558687039,10.497600000000002,2.341805806147327,1.1939224684724346,0.08065790301745447
6.4,0.36,0.53,2.2,0.23,19.0,35.0,0.9934,3.37,0.93,12.4,0.5428571428416327,6.760000000000001,12.48238372007008,11.356900000000001,2.5952547069568657,1.1631508098056809,0.20701416938432615
5.4,0.835,0.08,1.2,0.046,13.0,93.0,0.9924,3.57,0.85,13.0,0.13978494623505608,6.235,13.099556617191096,12.7449,2.639057329615259,0.7884573603642702,0.044973365642731154
6.5,0.67,0.0,4.3,0.057,11.0,20.0,0.99488,3.45,0.56,11.8,0.5499999999725,7.17,11.860726909918055,11.902500000000002,2.5494451709255714,1.667706820558076,0.055434706888100586
14.3,0.31,0.74,1.8,0.075,6.0,15.0,1.0008,2.86,0.79,8.4,0.39999999997333335,14.610000000000001,8.393285363316062,8.179599999999999,2.2407096892759584,1.0296194171811583,0.07232066157962612
7.9,0.765,0.0,2.0,0.084,9.0,22.0,0.99619,3.33,0.68,10.9,0.40909090907231405,8.665000000000001,10.941687819651184,11.0889,2.4765384001174837,1.0986122886681096,0.08065790301745447
15.9,0.36,0.65,7.5,0.096,22.0,71.0,0.9976,2.98,0.84,14.9,0.3098591549252132,16.26,14.935846015501358,8.8804,2.766319109226186,2.1400661634962708,0.0916671885258238
5.2,0.49,0.26,2.3,0.09,23.0,74.0,0.9953,3.71,0.62,12.2,0.31081081080661066,5.69,12.257610758306429,13.7641,2.580216829592325,1.1939224684724346,0.08617769624105233
8.3,0.65,0.1,2.9,0.089,17.0,40.0,0.99803,3.29,0.55,9.5,0.42499999998937504,8.950000000000001,9.518751931786868,10.8241,2.3513752571634776,1.3609765531356006,0.08525984395082342
7.1,0.69,0.08,2.1,0.063,42.0,52.0,0.99608,3.42,0.6,10.2,0.8076923076767752,7.789999999999999,10.240141343827663,11.696399999999999,2.4159137783010487,1.1314021114911006,0.061095099359810875
9.0,0.785,0.24,1.7,0.078,10.0,21.0,0.99692,3.29,0.67,10.0,0.47619047616780047,9.785,10.030895147021932,10.8241,2.3978952727983707,0.9932517730102834,0.07510747248680541
7.5,0.49,0.19,1.9,0.076,10.0,44.0,0.9957,3.39,0.54,9.7,0.227272727267562,7.99,9.741890117764497,11.4921,2.3702437414678603,1.0647107369924282,0.07325046173959267
10.1,0.38,0.5,2.4,0.104,6.0,13.0,0.99643,3.22,0.65,11.6,0.4615384615029586,10.48,11.641560358839497,10.368400000000001,2.533696813957432,1.2237754316221157,0.09893994785490356
7.1,0.67,0.0,2.3,0.083,18.0,27.0,0.99768,3.44,0.54,9.4,0.6666666666419753,7.77,9.421858702768565,11.833599999999999,2.341805806147327,1.1939224684724346,0.07973496801885356
9.3,0.38,0.48,3.8,0.132,3.0,11.0,0.99577,3.23,0.57,13.2,0.2727272727024793,9.680000000000001,13.256073176279589,10.4329,2.653241964607215,1.5686159179138452,0.1239859797809912
9.3,0.48,0.29,2.1,0.127,6.0,16.0,0.9968,3.22,0.72,11.2,0.3749999999765625,9.780000000000001,11.23595504490775,10.368400000000001,2.501435951739211,1.1314021114911006,0.11955923505763925
7.1,0.66,0.0,2.4,0.052,6.0,11.0,0.99318,3.35,0.66,12.7,0.5454545454049586,7.76,12.787208750893887,11.2225,2.617395832834079,1.2237754316221157,0.050693114315518116
5.4,0.74,0.0,1.2,0.041,16.0,46.0,0.99258,4.01,0.59,12.5,0.34782608694896033,6.140000000000001,12.593443336966851,16.080099999999998,2.6026896854443837,0.7884573603642702,0.04018178963283183
6.8,0.47,0.08,2.2,0.064,18.0,38.0,0.99553,3.3,0.65,9.6,0.47368421051385046,7.27,9.643104668223856,10.889999999999999,2.3608540011180215,1.1631508098056809,0.06203539091945264
6.4,0.69,0.0,1.65,0.055,7.0,12.0,0.99162,3.47,0.53,12.9,0.5833333332847223,7.09,13.00901553719266,12.0409,2.631888840136646,0.9745596399981308,0.053540766928029816
7.3,0.52,0.32,2.1,0.07,51.0,70.0,0.99418,3.34,0.82,12.9,0.7285714285610204,7.82,12.975517498867895,11.1556,2.631888840136646,1.1314021114911006,0.06765864847381481
10.1,0.935,0.22,3.4,0.105,11.0,86.0,1.001,3.43,0.64,11.3,0.12790697674269874,11.035,11.288711277433856,11.7649,2.509599262378372,1.4816045409242156,0.09984533496971613
6.6,0.66,0.0,3.0,0.115,21.0,31.0,0.99629,3.45,0.63,10.3,0.6774193548168574,7.26,10.338355287779306,11.902500000000002,2.424802725718295,1.3862943611198906,0.10885440491208209
10.6,1.025,0.43,2.8,0.08,21.0,84.0,0.9985,3.06,0.57,10.1,0.2499999999970238,11.625,10.11517274900834,9.3636,2.4069451083182885,1.33500106673234,0.07696104113612832
5.0,0.38,0.01,1.6,0.048,26.0,60.0,0.99084,3.7,0.75,14.0,0.4333333333261111,5.38,14.129425523667367,13.690000000000001,2.70805020110221,0.9555114450274365,0.04688358589885042
8.6,0.635,0.68,1.8,0.403,19.0,56.0,0.99632,3.02,1.15,9.3,0.33928571427965565,9.235,9.33435040013816,9.1204,2.33214389523559,1.0296194171811583,0.3386128011203239
7.0,0.6,0.3,4.5,0.068,20.0,110.0,0.99914,3.3,1.17,10.2,0.18181818181652892,7.6,10.208779540195788,10.889999999999999,2.4159137783010487,1.7047480922384253,0.0657877405380031
7.8,0.815,0.01,2.6,0.074,48.0,90.0,0.99621,3.38,0.62,10.8,0.5333333333274074,8.615,10.841087711585823,11.424399999999999,2.468099531471619,1.2809338454620645,0.07138999608667294
7.8,0.53,0.33,2.4,0.08,24.0,144.0,0.99655,3.3,0.6,9.5,0.16666666666550928,8.33,9.532888455639066,10.889999999999999,2.3513752571634776,1.2237754316221157,0.07696104113612832
8.6,0.47,0.27,2.3,0.055,14.0,28.0,0.99516,3.18,0.8,11.2,0.49999999998214284,9.07,11.254471631441705,10.112400000000001,2.501435951739211,1.1939224684724346,0.053540766928029816
8.4,0.745,0.11,1.9,0.09,16.0,63.0,0.9965,3.19,0.82,9.6,0.25396825396422273,9.145,9.633718003378105,10.1761,2.3608540011180215,1.0647107369924282,0.08617769624105233
6.2,0.57,0.1,2.1,0.048,4.0,11.0,0.99448,3.44,0.76,10.8,0.36363636360330576,6.7700000000000005,10.859946896006006,11.833599999999999,2.468099531471619,1.1314021114911006,0.04688358589885042
8.4,0.59,0.29,2.6,0.109,31.0,119.0,0.99801,3.15,0.5,9.1,0.26050420167848315,8.99,9.11814509963012,9.9225,2.312535423847214,1.2809338454620645,0.10345870836822998
7.3,0.59,0.26,7.2,0.07,35.0,121.0,0.9981,3.37,0.49,9.4,0.2892561983447169,7.89,9.417893989161513,11.356900000000001,2.341805806147327,2.1041341542702074,0.06765864847381481
8.6,0.22,0.36,1.9,0.064,53.0,77.0,0.99604,3.47,0.87,11.0,0.6883116883027491,8.82,11.043733172318648,12.0409,2.4849066497880004,1.0647107369924282,0.06203539091945264
8.9,0.31,0.57,2.0,0.111,26.0,85.0,0.9971,3.26,0.53,9.7,0.3058823529375778,9.21,9.728211804504852,10.6276,2.3702437414678603,1.0986122886681096,0.10526051065749295
9.0,0.82,0.14,2.6,0.089,9.0,23.0,0.9984,3.39,0.63,9.8,0.39130434780907375,9.82,9.815705118373694,11.4921,2.379546134130174,1.2809338454620645,0.08525984395082342
10.1,0.31,0.35,1.6,0.075,9.0,28.0,0.99672,3.24,0.83,11.2,0.32142857141709186,10.41,11.236856879327336,10.497600000000002,2.501435951739211,0.9555114450274365,0.07232066157962612
9.0,0.43,0.34,2.5,0.08,26.0,86.0,0.9987,3.38,0.62,9.5,0.3023255813918334,9.43,9.51236606637392,11.424399999999999,2.3513752571634776,1.252762968495368,0.07696104113612832
7.9,0.34,0.36,1.9,0.065,5.0,10.0,0.99419,3.27,0.54,11.2,0.49999999995,8.24,11.265452266402345,10.6929,2.501435951739211,1.0647107369924282,0.06297479916138844
7.1,0.68,0.0,2.3,0.087,17.0,26.0,0.99783,3.45,0.53,9.5,0.6538461538210059,7.779999999999999,9.520659822293718,11.902500000000002,2.3513752571634776,1.1939224684724346,0.08342160813907239
7.1,0.34,0.28,2.0,0.082,31.0,68.0,0.99694,3.45,0.48,9.4,0.45588235293447227,7.4399999999999995,9.428852278543491,11.902500000000002,2.341805806147327,1.0986122886681096,0.07881118042428978
11.4,0.46,0.5,2.7,0.122,4.0,17.0,1.0006,3.13,0.7,10.2,0.235294117633218,11.860000000000001,10.19388365961035,9.796899999999999,2.4159137783010487,1.308332819650179,0.11511280710050457
7.0,0.975,0.04,2.0,0.087,12.0,67.0,0.99565,3.35,0.6,9.4,0.1791044776092671,7.975,9.441068639139187,11.2225,2.341805806147327,1.0986122886681096,0.08342160813907239
8.1,0.56,0.28,1.7,0.368,16.0,56.0,0.9968,3.11,1.28,9.3,0.28571428570918367,8.66,9.3298555283609,9.672099999999999,2.33214389523559,0.9932517730102834,0.3133498192003587
5.9,0.645,0.12,2.0,0.075,32.0,44.0,0.99547,3.57,0.71,10.2,0.7272727272561984,6.545,10.246416255390503,12.7449,2.4159137783010487,1.0986122886681096,0.07232066157962612
6.3,0.39,0.08,1.7,0.066,3.0,20.0,0.9954,3.34,0.58,9.4,0.1499999999925,6.6899999999999995,9.443439813699579,11.1556,2.341805806147327,0.9932517730102834,0.0639133257436528
5.9,0.44,0.0,1.6,0.042,3.0,11.0,0.9944,3.48,0.85,11.7,0.2727272727024793,6.340000000000001,11.76588896644621,12.1104,2.5416019934645457,0.9555114450274365,0.04114194333117518
8.8,0.44,0.49,2.8,0.083,18.0,111.0,0.9982,3.3,0.6,9.5,0.16216216216070123,9.24,9.517130825969614,10.889999999999999,2.3513752571634776,1.33500106673234,0.07973496801885356
7.6,0.715,0.0,2.1,0.068,30.0,35.0,0.99533,3.48,0.65,11.4,0.8571428571183675,8.315,11.453487776462593,12.1104,2.517696472610991,1.1314021114911006,0.0657877405380031
6.1,0.4,0.16,1.8,0.069,11.0,25.0,0.9955,3.42,0.74,10.1,0.4399999999824,6.5,10.145655439331335,11.696399999999999,2.4069451083182885,1.0296194171811583,0.06672363204290818
8.2,0.38,0.32,2.5,0.08,24.0,71.0,0.99624,3.27,0.85,11.0,0.33802816900932353,8.58,11.041516089454834,10.6929,2.4849066497880004,1.252762968495368,0.07696104113612832
10.7,0.9,0.34,6.6,0.112,23.0,99.0,1.00289,3.22,0.68,9.3,0.23232323232088561,11.6,9.273200441451005,10.368400000000001,2.33214389523559,2.028148247292285,0.10616019582839063
9.3,0.4,0.49,2.5,0.085,38.0,142.0,0.9978,3.22,0.55,9.4,0.2676056338009324,9.700000000000001,9.42072558687039,10.368400000000001,2.341805806147327,1.252762968495368,0.08157998699242287
10.6,0.36,0.6,2.2,0.152,7.0,18.0,0.9986,3.04,1.06,9.4,0.38888888886728395,10.959999999999999,9.413178440403387,9.2416,2.341805806147327,1.1631508098056809,0.1414995622736995
7.5,0.52,0.11,1.5,0.079,11.0,39.0,0.9968,3.42,0.58,9.6,0.28205128204405,8.02,9.630818609920928,11.696399999999999,2.3608540011180215,0.9162907318741551,0.0760346862759976
6.9,0.48,0.2,1.9,0.082,9.0,23.0,0.99585,3.39,0.43,9.05,0.39130434780907375,7.380000000000001,9.087714004029007,11.4921,2.307572634505085,1.0647107369924282,0.07881118042428978
10.6,0.36,0.57,2.3,0.087,6.0,20.0,0.99676,3.14,0.72,11.1,0.299999999985,10.959999999999999,11.136080890950598,9.8596,2.4932054526026954,1.1939224684724346,0.08342160813907239
5.9,0.395,0.13,2.4,0.056,14.0,28.0,0.99362,3.62,0.67,12.4,0.49999999998214284,6.295,12.479619962883579,13.1044,2.5952547069568657,1.2237754316221157,0.054488185284069734
7.4,0.7,0.0,1.9,0.076,11.0,34.0,0.9978,3.51,0.56,9.4,0.32352941175519034,8.1,9.42072558687039,12.320099999999998,2.341805806147327,1.0647107369924282,0.07325046173959267
8.1,0.78,0.1,3.3,0.09,4.0,13.0,0.99855,3.36,0.49,9.5,0.30769230766863903,8.879999999999999,9.513794993226384,11.289599999999998,2.3513752571634776,1.4586150226995167,0.08617769624105233
7.4,0.52,0.13,2.4,0.078,34.0,61.0,0.99528,3.43,0.59,10.8,0.5573770491711906,7.92,10.851217736866793,11.7649,2.468099531471619,1.2237754316221157,0.07510747248680541
7.9,0.3,0.68,8.3,0.05,37.5,289.0,0.99316,3.01,0.51,12.3,0.12975778546667904,8.200000000000001,12.384711413684894,9.060099999999998,2.5877640352277083,2.2300144001592104,0.04879016416943201
8.3,0.61,0.3,2.1,0.084,11.0,50.0,0.9972,3.4,0.61,10.2,0.21999999999560002,8.91,10.22864018228175,11.559999999999999,2.4159137783010487,1.1314021114911006,0.08065790301745447
10.4,0.52,0.45,2.0,0.08,6.0,13.0,0.99774,3.22,0.76,11.4,0.4615384615029586,10.92,11.425822347078576,10.368400000000001,2.517696472610991,1.0986122886681096,0.07696104113612832
7.3,0.55,0.01,1.8,0.093,9.0,15.0,0.99514,3.35,0.58,11.0,0.59999999996,7.85,11.053721073362823,11.2225,2.4849066497880004,1.0296194171811583,0.0889262091944015
7.8,0.57,0.31,1.8,0.069,26.0,120.0,0.99625,3.29,0.53,9.3,0.21666666666486112,8.37,9.335006264155579,10.8241,2.33214389523559,1.0296194171811583,0.06672363204290818
7.7,0.23,0.37,1.8,0.046,23.0,60.0,0.9971,3.41,0.71,12.1,0.38333333332694447,7.930000000000001,12.135192044794712,11.628100000000002,2.5726122302071057,1.0296194171811583,0.044973365642731154
7.7,0.27,0.68,3.5,0.358,5.0,10.0,0.9972,3.25,1.08,9.9,0.49999999995,7.970000000000001,9.927797823979345,10.5625,2.388762789235098,1.5040773967762742,0.30601302913650436
7.8,0.76,0.04,2.3,0.092,15.0,54.0,0.997,3.26,0.65,9.8,0.27777777777263374,8.56,9.829488455537124,10.6276,2.379546134130174,1.1939224684724346,0.0880108773227133
6.3,0.39,0.16,1.4,0.08,11.0,23.0,0.9955,3.34,0.56,9.3,0.47826086954442343,6.6899999999999995,9.342039166909052,11.1556,2.33214389523559,0.8754687373538999,0.07696104113612832
10.6,0.5,0.45,2.6,0.119,34.0,68.0,0.99708,3.23,0.72,10.9,0.49999999999264705,11.1,10.93192119896907,10.4329,2.4765384001174837,1.2809338454620645,0.11243542932978817
9.1,0.22,0.24,2.1,0.078,1.0,28.0,0.999,3.41,0.87,10.3,0.035714285713010205,9.32,10.31031029998968,11.628100000000002,2.424802725718295,1.1314021114911006,0.07510747248680541
7.8,0.87,0.26,3.8,0.107,31.0,67.0,0.99668,3.26,0.46,9.2,0.4626865671572733,8.67,9.230645734608252,10.6276,2.322387720290225,1.5686159179138452,0.10165365372649983
9.3,0.39,0.4,2.6,0.073,10.0,26.0,0.9984,3.34,0.75,10.2,0.3846153846005917,9.690000000000001,10.216346143613436,11.1556,2.4159137783010487,1.2809338454620645,0.07045846364856141
9.0,0.53,0.49,1.9,0.171,6.0,25.0,0.9975,3.27,0.61,9.4,0.2399999999904,9.53,9.42355888779593,10.6929,2.341805806147327,1.0647107369924282,0.1578580846155803
7.6,0.78,0.0,1.7,0.076,33.0,45.0,0.99612,3.31,0.62,10.7,0.7333333333170371,8.379999999999999,10.741677698729392,10.956100000000001,2.4595888418037104,0.9932517730102834,0.07325046173959267
7.9,0.37,0.23,1.8,0.077,23.0,49.0,0.9963,3.28,0.67,9.3,0.4693877550924615,8.27,9.33453778045314,10.758399999999998,2.33214389523559,1.0296194171811583,0.07417939817425151
8.2,0.5,0.35,2.9,0.077,21.0,127.0,0.9976,3.23,0.62,9.4,0.16535433070735941,8.7,9.422614264812937,10.4329,2.341805806147327,1.3609765531356006,0.07417939817425151
8.9,0.595,0.41,7.9,0.086,30.0,109.0,0.9998,3.27,0.57,9.3,0.27522935779564006,9.495000000000001,9.301860362770695,10.6929,2.33214389523559,2.186051276738094,0.08250122151174369
8.2,0.33,0.32,2.8,0.067,4.0,12.0,0.99473,3.3,0.76,12.8,0.33333333330555553,8.53,12.867813363558138,10.889999999999999,2.624668592163159,1.33500106673234,0.06485097231961631
8.2,0.39,0.38,1.5,0.058,10.0,29.0,0.9962,3.26,0.74,9.8,0.3448275861950059,8.59,9.837382041921922,10.6276,2.379546134130174,0.9162907318741551,0.05638033343610764
5.2,0.48,0.04,1.6,0.054,19.0,106.0,0.9927,3.54,0.62,12.2,0.17924528301717693,5.68,12.289714906527939,12.531600000000001,2.580216829592325,0.9555114450274365,0.05259245011917058
12.7,0.59,0.45,2.3,0.082,11.0,22.0,1.0,3.0,0.7,9.3,0.49999999997727274,13.29,9.2999999907,9.0,2.33214389523559,1.1939224684724346,0.07881118042428978
10.3,0.43,0.44,2.4,0.214,5.0,12.0,0.9994,3.19,0.63,9.5,0.41666666663194446,10.73,9.505703412541822,10.1761,2.3513752571634776,1.2237754316221157,0.19392069263730652
6.3,0.3,0.48,1.8,0.069,18.0,61.0,0.9959,3.44,0.78,10.3,0.29508196720827734,6.6,10.342403845423835,11.833599999999999,2.424802725718295,1.0296194171811583,0.06672363204290818
7.2,0.62,0.06,2.7,0.077,15.0,85.0,0.99746,3.51,0.54,9.5,0.17647058823321798,7.82,9.52419143672509,12.320099999999998,2.3513752571634776,1.308332819650179,0.07417939817425151
8.1,0.725,0.22,2.2,0.072,11.0,41.0,0.9967,3.36,0.55,9.1,0.2682926829202856,8.825,9.130129417949103,11.289599999999998,2.312535423847214,1.1631508098056809,0.06952606264861023
7.6,0.41,0.24,1.8,0.08,4.0,11.0,0.9962,3.28,0.59,9.5,0.36363636360330576,8.01,9.536237693699823,10.758399999999998,2.3513752571634776,1.0296194171811583,0.07696104113612832
10.0,0.73,0.43,2.3,0.059,15.0,31.0,0.9966,3.15,0.57,11.0,0.48387096772632676,10.73,11.0375275827438,9.9225,2.4849066497880004,1.1939224684724346,0.0573250666192694
9.0,0.66,0.17,3.0,0.077,5.0,13.0,0.9976,3.29,0.55,10.4,0.3846153845857988,9.66,10.425020037665377,10.8241,2.4336133554004498,1.3862943611198906,0.07417939817425151
8.2,0.31,0.4,2.2,0.058,6.0,10.0,0.99536,3.31,0.68,11.2,0.59999999994,8.51,11.252210244281255,10.956100000000001,2.501435951739211,1.1631508098056809,0.05638033343610764
6.5,0.885,0.0,2.3,0.166,6.0,12.0,0.99551,3.56,0.51,10.8,0.49999999995833333,7.385,10.848710700195166,12.6736,2.468099531471619,1.1939224684724346,0.15357908792830063
7.1,0.59,0.01,2.3,0.08,27.0,43.0,0.9955,3.42,0.58,10.7,0.6279069767295836,7.6899999999999995,10.748367643648047,11.696399999999999,2.4595888418037104,1.1939224684724346,0.07696104113612832
9.9,0.27,0.49,5.0,0.082,9.0,17.0,0.99484,3.19,0.52,12.5,0.5294117646747405,10.17,12.56483453362869,10.1761,2.6026896854443837,1.791759469228055,0.07881118042428978
12.2,0.34,0.5,2.4,0.066,10.0,21.0,1.0,3.12,1.18,9.2,0.47619047616780047,12.54,9.199999990799999,9.7344,2.322387720290225,1.2237754316221157,0.0639133257436528
7.4,0.785,0.19,5.2,0.094,19.0,98.0,0.99713,3.16,0.52,9.56666666666667,0.19387755101842982,8.185,9.594202016860859,9.985600000000002,2.3577043922151257,1.8245492920510458,0.08984070399978947
7.8,0.5,0.3,1.9,0.075,8.0,22.0,0.9959,3.31,0.56,10.4,0.3636363636198347,8.3,10.442815533243483,10.956100000000001,2.4336133554004498,1.0647107369924282,0.07232066157962612
6.8,0.62,0.08,1.9,0.068,28.0,38.0,0.99651,3.42,0.82,9.5,0.7368421052437674,7.42,9.533271106628863,11.696399999999999,2.3513752571634776,1.0647107369924282,0.0657877405380031
10.3,0.27,0.56,1.4,0.047,3.0,8.0,0.99471,3.16,0.51,11.8,0.374999999953125,10.57,11.86275395656749,9.985600000000002,2.5494451709255714,0.8754687373538999,0.045928931888399804
8.9,0.4,0.51,2.6,0.052,13.0,27.0,0.995,3.32,0.9,13.4,0.48148148146364883,9.3,13.467336669882075,11.0224,2.667228206581955,1.2809338454620645,0.050693114315518116
7.7,0.28,0.3,2.0,0.062,18.0,34.0,0.9952,3.28,0.9,11.3,0.5294117646903115,7.98,11.354501596307777,10.758399999999998,2.509599262378372,1.0986122886681096,0.06015392281974709
6.1,0.715,0.1,2.6,0.053,13.0,27.0,0.99362,3.57,0.5,11.9,0.48148148146364883,6.8149999999999995,11.976409480509242,12.7449,2.5572273113676265,1.2809338454620645,0.05164323315183845
8.5,0.21,0.52,1.9,0.09,9.0,23.0,0.99648,3.36,0.67,10.4,0.39130434780907375,8.71,10.436737304876427,11.289599999999998,2.4336133554004498,1.0647107369924282,0.08617769624105233
15.6,0.685,0.76,3.7,0.1,6.0,43.0,1.0032,2.95,0.68,11.2,0.13953488371768524,16.285,11.164274311040394,8.7025,2.501435951739211,1.547562508716013,0.09531017980432487
9.0,0.38,0.41,2.4,0.103,6.0,10.0,0.99604,3.13,0.58,11.9,0.59999999994,9.38,11.947311340962901,9.796899999999999,2.5572273113676265,1.2237754316221157,0.09803374027136541
8.8,0.6,0.29,2.2,0.098,5.0,15.0,0.9988,3.36,0.49,9.1,0.3333333333111111,9.4,9.110933110621813,11.289599999999998,2.312535423847214,1.1631508098056809,0.09349034308733889
6.7,0.54,0.13,2.0,0.076,15.0,36.0,0.9973,3.61,0.64,9.8,0.4166666666550926,7.24,9.826531625562488,13.0321,2.379546134130174,1.0986122886681096,0.07325046173959267
5.2,0.32,0.25,1.8,0.103,13.0,50.0,0.9957,3.38,0.55,9.2,0.2599999999948,5.5200000000000005,9.239730833343646,11.424399999999999,2.322387720290225,1.0296194171811583,0.09803374027136541
8.2,0.635,0.1,2.1,0.073,25.0,60.0,0.99638,3.29,0.75,10.9,0.41666666665972224,8.834999999999999,10.939601345932676,10.8241,2.4765384001174837,1.1314021114911006,0.07045846364856141
11.2,0.66,0.24,2.5,0.085,16.0,53.0,0.9993,3.06,0.72,11.0,0.30188679244713423,11.86,11.007705382760227,9.3636,2.4849066497880004,1.252762968495368,0.08157998699242287
10.0,0.56,0.24,2.2,0.079,19.0,58.0,0.9991,3.18,0.56,10.1,0.32758620689090373,10.56,10.109098178251328,10.112400000000001,2.4069451083182885,1.1631508098056809,0.0760346862759976
7.4,0.55,0.19,1.8,0.082,15.0,34.0,0.99655,3.49,0.68,10.5,0.44117647057525955,7.95,10.536350398337916,12.180100000000001,2.4423470353692043,1.0296194171811583,0.07881118042428978
6.6,0.61,0.0,1.6,0.069,4.0,8.0,0.99396,3.33,0.37,10.4,0.4999999999375,7.21,10.463197703666951,11.0889,2.4336133554004498,0.9555114450274365,0.06672363204290818
7.0,0.5,0.14,1.8,0.078,10.0,23.0,0.99636,3.53,0.61,10.4,0.43478260867674856,7.5,10.43799428877314,12.460899999999999,2.4336133554004498,1.0296194171811583,0.07510747248680541
10.2,0.645,0.36,1.8,0.053,5.0,14.0,0.9982,3.17,0.42,10.0,0.35714285711734695,10.844999999999999,10.018032448389068,10.0489,2.3978952727983707,1.0296194171811583,0.05164323315183845
7.1,0.48,0.28,2.8,0.068,6.0,16.0,0.99682,3.24,0.53,10.3,0.3749999999765625,7.58,10.332858479632373,10.497600000000002,2.424802725718295,1.33500106673234,0.0657877405380031
12.5,0.46,0.63,2.0,0.071,6.0,15.0,0.9988,2.99,0.87,10.2,0.39999999997333335,12.96,10.212254695422251,8.940100000000001,2.4159137783010487,1.0986122886681096,0.06859279146561172
7.1,0.47,0.0,2.2,0.067,7.0,14.0,0.99517,3.4,0.58,10.9,0.49999999996428574,7.569999999999999,10.952902508161518,11.559999999999999,2.4765384001174837,1.1631508098056809,0.06485097231961631
7.3,0.66,0.0,2.0,0.084,6.0,23.0,0.9983,3.61,0.96,9.9,0.26086956520604915,7.96,9.916858649787782,13.0321,2.388762789235098,1.0986122886681096,0.08065790301745447
7.6,0.35,0.6,2.6,0.073,23.0,44.0,0.99656,3.38,0.79,11.1,0.5227272727153927,7.949999999999999,11.138315795197162,11.424399999999999,2.4932054526026954,1.2809338454620645,0.07045846364856141
10.0,0.44,0.49,2.7,0.077,11.0,19.0,0.9963,3.23,0.63,11.6,0.5789473683905817,10.44,11.643079382070582,10.4329,2.533696813957432,1.308332819650179,0.07417939817425151
8.3,0.53,0.0,1.4,0.07,6.0,14.0,0.99593,3.25,0.64,10.0,0.4285714285408163,8.83,10.040866315864703,10.5625,2.3978952727983707,0.8754687373538999,0.06765864847381481
8.5,0.655,0.49,6.1,0.122,34.0,151.0,1.001,3.31,1.14,9.3,0.22516556291241613,9.155,9.290709281427864,10.956100000000001,2.33214389523559,1.9600947840472698,0.11511280710050457
8.7,0.33,0.38,3.3,0.063,10.0,19.0,0.99468,3.3,0.73,12.0,0.5263157894459833,9.03,12.06418143316023,10.889999999999999,2.5649493574615367,1.4586150226995167,0.061095099359810875
8.6,0.49,0.28,1.9,0.11,20.0,136.0,0.9972,2.93,1.95,9.9,0.14705882352833047,9.09,9.927797823979345,8.584900000000001,2.388762789235098,1.0647107369924282,0.10436001532424277
7.4,0.37,0.43,2.6,0.082,18.0,82.0,0.99708,3.33,0.68,9.7,0.21951219511927422,7.7700000000000005,9.728406938532107,11.0889,2.3702437414678603,1.2809338454620645,0.07881118042428978
7.1,0.43,0.17,1.8,0.082,27.0,51.0,0.99634,3.49,0.64,10.4,0.5294117646955018,7.529999999999999,10.438203815526624,12.180100000000001,2.4336133554004498,1.0296194171811583,0.07881118042428978
9.0,0.6,0.29,2.0,0.069,32.0,73.0,0.99654,3.34,0.57,10.0,0.43835616437755676,9.6,10.034720121585968,11.1556,2.3978952727983707,1.0986122886681096,0.06672363204290818
10.4,0.38,0.46,2.1,0.104,6.0,10.0,0.99664,3.12,0.65,11.8,0.59999999994,10.780000000000001,11.839781654519404,9.7344,2.5494451709255714,1.1314021114911006,0.09893994785490356
7.1,0.68,0.07,1.9,0.075,16.0,51.0,0.99685,3.38,0.52,9.5,0.31372549018992696,7.779999999999999,9.530019552058967,11.424399999999999,2.3513752571634776,1.0647107369924282,0.07232066157962612
7.1,0.56,0.14,1.6,0.078,7.0,18.0,0.99592,3.27,0.62,9.3,0.38888888886728395,7.66,9.33809943636226,10.6929,2.33214389523559,0.9555114450274365,0.07510747248680541
7.0,0.69,0.0,1.9,0.114,3.0,10.0,0.99636,3.35,0.6,9.7,0.29999999997,7.6899999999999995,9.735436980874947,11.2225,2.3702437414678603,1.0647107369924282,0.10795714150509228
11.6,0.41,0.58,2.8,0.096,25.0,101.0,1.00024,3.13,0.53,10.0,0.2475247524727968,12.01,9.997600565866591,9.796899999999999,2.3978952727983707,1.33500106673234,0.0916671885258238
6.7,0.28,0.28,2.4,0.012,36.0,100.0,0.99064,3.26,0.39,11.7,0.3599999999964,6.98,11.810546705351543,10.6276,2.5416019934645457,1.2237754316221157,0.011928570865273802
9.6,0.38,0.42,1.9,0.071,5.0,13.0,0.99659,3.15,0.75,10.5,0.3846153845857988,9.98,10.535927502246734,9.9225,2.4423470353692043,1.0647107369924282,0.06859279146561172
9.6,0.77,0.12,2.9,0.082,30.0,74.0,0.99865,3.3,0.64,10.4,0.4054054053999269,10.37,10.414058969194354,10.889999999999999,2.4336133554004498,1.3609765531356006,0.07881118042428978
7.3,0.35,0.24,2.0,0.067,28.0,48.0,0.99576,3.43,0.54,10.0,0.5833333333211806,7.6499999999999995,10.0425805314106,11.7649,2.3978952727983707,1.0986122886681096,0.06485097231961631
7.1,0.43,0.42,5.5,0.071,28.0,128.0,0.9973,3.42,0.71,10.5,0.21874999999829103,7.529999999999999,10.528426741674094,11.696399999999999,2.4423470353692043,1.8718021769015913,0.06859279146561172
11.1,0.35,0.48,3.1,0.09,5.0,21.0,0.9986,3.17,0.53,10.5,0.23809523808390023,11.45,10.514720598322931,10.0489,2.4423470353692043,1.410986973710262,0.08617769624105233
7.6,0.42,0.08,2.7,0.084,15.0,48.0,0.9968,3.21,0.59,10.0,0.3124999999934896,8.02,10.032102718667634,10.3041,2.3978952727983707,1.308332819650179,0.08065790301745447
12.0,0.45,0.55,2.0,0.073,25.0,49.0,0.9997,3.1,0.76,10.3,0.5102040816222407,12.45,10.303090916972002,9.610000000000001,2.424802725718295,1.0986122886681096,0.07045846364856141
7.9,0.5,0.33,2.0,0.084,15.0,143.0,0.9968,3.2,0.55,9.5,0.10489510489437137,8.4,9.530497582734252,10.240000000000002,2.3513752571634776,1.0986122886681096,0.08065790301745447
5.6,0.915,0.0,2.1,0.041,17.0,78.0,0.99346,3.68,0.73,11.4,0.21794871794592371,6.515,11.475046794561385,13.5424,2.517696472610991,1.1314021114911006,0.04018178963283183
9.1,0.66,0.15,3.2,0.097,9.0,59.0,0.99976,3.28,0.54,9.6,0.15254237287877048,9.76,9.602304543488133,10.758399999999998,2.3608540011180215,1.4350845252893227,0.0925791812930932
6.4,0.42,0.09,2.3,0.054,34.0,64.0,0.99724,3.41,0.68,10.4,0.5312499999916992,6.82,10.428783431843105,11.628100000000002,2.4336133554004498,1.1939224684724346,0.05259245011917058
6.7,0.48,0.02,2.2,0.08,36.0,111.0,0.99524,3.1,0.53,9.7,0.32432432432140246,7.18,9.746392820077174,9.610000000000001,2.3702437414678603,1.1631508098056809,0.07696104113612832
6.7,0.75,0.12,2.0,0.086,12.0,80.0,0.9958,3.38,0.52,10.1,0.149999999998125,7.45,10.14259890525949,11.424399999999999,2.4069451083182885,1.0986122886681096,0.08250122151174369
7.2,0.34,0.21,2.5,0.075,41.0,68.0,0.99586,3.37,0.54,10.1,0.6029411764617214,7.54,10.141987819430454,11.356900000000001,2.4069451083182885,1.252762968495368,0.07232066157962612
10.9,0.21,0.49,2.8,0.088,11.0,32.0,0.9972,3.22,0.68,11.7,0.34374999998925787,11.110000000000001,11.732851973793771,10.368400000000001,2.5416019934645457,1.33500106673234,0.08434114843375087
6.8,0.63,0.12,3.8,0.099,16.0,126.0,0.9969,3.28,0.61,9.5,0.12698412698311917,7.43,9.529541569335398,10.758399999999998,2.3513752571634776,1.5686159179138452,0.09440067542148431
6.2,0.7,0.15,5.1,0.076,13.0,27.0,0.99622,3.54,0.6,11.9,0.48148148146364883,6.9,11.945152665129037,12.531600000000001,2.5572273113676265,1.8082887711792655,0.07325046173959267
7.8,0.55,0.35,2.2,0.074,21.0,66.0,0.9974,3.25,0.56,9.2,0.31818181817699726,8.35,9.223982344872686,10.5625,2.322387720290225,1.1631508098056809,0.07138999608667294
6.1,0.38,0.15,1.8,0.072,6.0,19.0,0.9955,3.42,0.57,9.4,0.31578947366759,6.4799999999999995,9.442491200961838,11.696399999999999,2.341805806147327,1.0296194171811583,0.06952606264861023
12.8,0.615,0.66,5.8,0.083,7.0,42.0,1.0022,3.07,0.73,10.0,0.16666666666269842,13.415000000000001,9.978048283797596,9.4249,2.3978952727983707,1.916922612182061,0.07973496801885356
8.2,0.2,0.43,2.5,0.076,31.0,51.0,0.99672,3.53,0.81,10.4,0.6078431372429836,8.399999999999999,10.43422424508967,12.460899999999999,2.4336133554004498,1.252762968495368,0.07325046173959267
6.1,0.53,0.08,1.9,0.077,24.0,45.0,0.99528,3.6,0.68,10.3,0.5333333333214815,6.63,10.348846545345182,12.96,2.424802725718295,1.0647107369924282,0.07417939817425151
11.1,0.18,0.48,1.5,0.068,7.0,15.0,0.9973,3.22,0.64,10.1,0.46666666663555556,11.28,10.127343818181748,10.368400000000001,2.4069451083182885,0.9162907318741551,0.0657877405380031
7.7,0.835,0.0,2.6,0.081,6.0,14.0,0.9975,3.3,0.52,9.3,0.4285714285408163,8.535,9.323308261330018,10.889999999999999,2.33214389523559,1.2809338454620645,0.07788653865707122
10.3,0.44,0.5,4.5,0.107,5.0,13.0,0.998,3.28,0.83,11.5,0.3846153845857988,10.74,11.523046080638231,10.758399999999998,2.5257286443082556,1.7047480922384253,0.10165365372649983
8.3,0.33,0.42,2.3,0.07,9.0,20.0,0.99426,3.38,0.77,12.7,0.4499999999775,8.63,12.773318837353088,11.424399999999999,2.617395832834079,1.1939224684724346,0.06765864847381481
9.2,0.41,0.5,2.5,0.055,12.0,25.0,0.9952,3.34,0.79,13.3,0.4799999999808,9.61,13.364147896539242,11.1556,2.6602595372658615,1.252762968495368,0.053540766928029816
7.8,0.63,0.48,1.7,0.1,14.0,96.0,0.9961,3.19,0.62,9.5,0.14583333333181422,8.43,9.537195051162339,10.1761,2.3513752571634776,0.9932517730102834,0.09531017980432487
6.7,0.855,0.02,1.9,0.064,29.0,38.0,0.99472,3.3,0.56,10.75,0.7631578947167591,7.555,10.807061272712863,10.889999999999999,2.463853240590168,1.0647107369924282,0.06203539091945264
7.3,0.74,0.08,1.7,0.094,10.0,45.0,0.99576,3.24,0.5,9.8,0.22222222221728397,8.04,9.841728920782389,10.497600000000002,2.379546134130174,0.9932517730102834,0.08984070399978947
8.1,0.67,0.55,1.8,0.117,32.0,141.0,0.9968,3.17,0.62,9.4,0.22695035460831953,8.77,9.430176555547575,10.0489,2.341805806147327,1.0296194171811583,0.11064652008706366
9.0,0.48,0.32,2.8,0.084,21.0,122.0,0.9984,3.32,0.62,9.4,0.1721311475395727,9.48,9.415064093133951,11.0224,2.341805806147327,1.33500106673234,0.08065790301745447
8.7,0.69,0.0,3.2,0.084,13.0,33.0,0.9992,3.36,0.45,9.4,0.3939393939274564,9.389999999999999,9.407526011401597,11.289599999999998,2.341805806147327,1.4350845252893227,0.08065790301745447
6.0,0.58,0.2,2.4,0.075,15.0,50.0,0.99467,3.58,0.67,12.5,0.299999999994,6.58,12.566982001501017,12.8164,2.6026896854443837,1.2237754316221157,0.07232066157962612
8.3,0.54,0.28,1.9,0.077,11.0,40.0,0.9978,3.39,0.61,10.0,0.274999999993125,8.84,10.022048496670626,11.4921,2.3978952727983707,1.0647107369924282,0.07417939817425151
10.5,0.28,0.51,1.7,0.08,10.0,24.0,0.9982,3.2,0.89,9.4,0.4166666666493056,10.78,9.416950501485724,10.240000000000002,2.341805806147327,0.9932517730102834,0.07696104113612832
14.0,0.41,0.63,3.8,0.089,6.0,47.0,1.0014,3.01,0.81,10.8,0.12765957446536896,14.41,10.784901127636408,9.060099999999998,2.468099531471619,1.5686159179138452,0.08525984395082342
8.6,0.47,0.3,3.0,0.076,30.0,135.0,0.9976,3.3,0.53,9.4,0.22222222222057614,9.07,9.422614264812937,10.889999999999999,2.341805806147327,1.3862943611198906,0.07325046173959267
6.8,0.68,0.09,3.9,0.068,15.0,29.0,0.99524,3.41,0.52,11.1,0.5172413792925089,7.4799999999999995,11.153088691016148,11.628100000000002,2.4932054526026954,1.589235205116581,0.0657877405380031
6.2,0.51,0.14,1.9,0.056,15.0,34.0,0.99396,3.48,0.57,11.5,0.44117647057525955,6.71,11.569882076170186,12.1104,2.5257286443082556,1.0647107369924282,0.054488185284069734
12.2,0.45,0.49,1.4,0.075,3.0,6.0,0.9969,3.13,0.63,10.4,0.49999999991666666,12.649999999999999,10.432340244325069,9.796899999999999,2.4336133554004498,0.8754687373538999,0.07232066157962612
7.8,0.5,0.09,2.2,0.115,10.0,42.0,0.9971,3.18,0.62,9.5,0.23809523808956917,8.3,9.52763011781403,10.112400000000001,2.3513752571634776,1.1631508098056809,0.10885440491208209
8.5,0.47,0.27,1.9,0.058,18.0,38.0,0.99518,3.16,0.85,11.1,0.47368421051385046,8.97,11.153761117432262,9.985600000000002,2.4932054526026954,1.0647107369924282,0.05638033343610764
13.4,0.27,0.62,2.6,0.082,6.0,21.0,1.0002,3.16,0.67,9.7,0.28571428570068025,13.67,9.698060378226293,9.985600000000002,2.3702437414678603,1.2809338454620645,0.07881118042428978
6.6,0.7,0.08,2.6,0.106,14.0,27.0,0.99665,3.44,0.58,10.2,0.5185185184993141,7.3,10.234284843993091,11.833599999999999,2.4159137783010487,1.2809338454620645,0.10074990310014305
6.7,0.86,0.07,2.0,0.1,20.0,57.0,0.99598,3.6,0.74,11.7,0.35087719297630043,7.5600000000000005,11.747223828041504,12.96,2.5416019934645457,1.0986122886681096,0.09531017980432487
6.6,0.52,0.04,2.2,0.069,8.0,15.0,0.9956,3.4,0.63,9.4,0.5333333332977778,7.119999999999999,9.441542778785111,11.559999999999999,2.341805806147327,1.1631508098056809,0.06672363204290818
7.9,0.3,0.68,8.3,0.05,37.5,278.0,0.99316,3.01,0.51,12.3,0.13489208633045002,8.200000000000001,12.384711413684894,9.060099999999998,2.5877640352277083,2.2300144001592104,0.04879016416943201
7.7,0.75,0.27,3.8,0.11,34.0,89.0,0.99664,3.24,0.45,9.3,0.38202247190581995,8.45,9.331353337883938,10.497600000000002,2.33214389523559,1.5686159179138452,0.10436001532424277
6.9,0.49,0.19,1.7,0.079,13.0,26.0,0.99547,3.38,0.64,9.8,0.4999999999807692,7.390000000000001,9.844596010081073,11.424399999999999,2.379546134130174,0.9932517730102834,0.0760346862759976
9.8,0.25,0.49,2.7,0.088,15.0,33.0,0.9982,3.42,0.9,10.0,0.4545454545316805,10.05,10.018032448389068,11.696399999999999,2.3978952727983707,1.308332819650179,0.08434114843375087
9.9,0.5,0.5,13.8,0.205,48.0,82.0,1.00242,3.16,0.75,8.8,0.5853658536513979,10.4,8.778755403145631,9.985600000000002,2.2823823856765264,2.6946271807700692,0.1864795669426183
7.7,0.775,0.42,1.9,0.092,8.0,86.0,0.9959,3.23,0.59,9.5,0.09302325581287182,8.475,9.539110342866643,10.4329,2.3513752571634776,1.0647107369924282,0.0880108773227133
8.1,0.72,0.09,2.8,0.084,18.0,49.0,0.9994,3.43,0.72,11.1,0.36734693876801333,8.82,11.106663987285708,11.7649,2.4932054526026954,1.33500106673234,0.08065790301745447
9.0,0.82,0.05,2.4,0.081,26.0,96.0,0.99814,3.36,0.53,10.0,0.2708333333305121,9.82,10.018634650431167,11.289599999999998,2.3978952727983707,1.2237754316221157,0.07788653865707122
7.7,0.62,0.04,3.8,0.084,25.0,45.0,0.9978,3.34,0.53,9.5,0.5555555555432099,8.32,9.520946071837095,11.1556,2.3513752571634776,1.5686159179138452,0.08065790301745447
8.0,0.77,0.32,2.1,0.079,16.0,74.0,0.99656,3.27,0.5,9.8,0.21621621621329437,8.77,9.833828359723622,10.6929,2.379546134130174,1.1314021114911006,0.0760346862759976
7.7,0.69,0.05,2.7,0.075,15.0,27.0,0.9974,3.26,0.61,9.1,0.5555555555349794,8.39,9.123721667211028,10.6276,2.312535423847214,1.308332819650179,0.07232066157962612
6.7,0.64,0.23,2.1,0.08,11.0,119.0,0.99538,3.36,0.7,10.9,0.09243697478913918,7.34,10.950591722808785,11.289599999999998,2.4765384001174837,1.1314021114911006,0.07696104113612832
5.5,0.49,0.03,1.8,0.044,28.0,87.0,0.9908,3.5,0.82,14.0,0.3218390804560708,5.99,14.129995948597097,12.25,2.70805020110221,1.0296194171811583,0.04305948946044697
8.0,0.725,0.24,2.8,0.083,10.0,62.0,0.99685,3.35,0.56,10.0,0.1612903225780437,8.725,10.031599528483122,11.2225,2.3978952727983707,1.33500106673234,0.07973496801885356
11.9,0.38,0.49,2.7,0.098,12.0,42.0,1.0004,3.16,0.61,10.3,0.28571428570748303,12.280000000000001,10.295881637049298,9.985600000000002,2.424802725718295,1.308332819650179,0.09349034308733889
6.2,0.64,0.09,2.5,0.081,15.0,26.0,0.99538,3.57,0.63,12.0,0.5769230769008876,6.84,12.055697309514258,12.7449,2.5649493574615367,1.252762968495368,0.07788653865707122
9.1,0.68,0.11,2.8,0.093,11.0,44.0,0.99888,3.31,0.55,9.5,0.2499999999943182,9.78,9.510651920640466,10.956100000000001,2.3513752571634776,1.33500106673234,0.0889262091944015
8.5,0.37,0.32,1.8,0.066,26.0,51.0,0.99456,3.38,0.72,11.8,0.5098039215586313,8.87,11.864543102613677,11.424399999999999,2.5494451709255714,1.0296194171811583,0.0639133257436528
6.8,0.63,0.07,2.1,0.089,11.0,44.0,0.9953,3.47,0.55,10.4,0.2499999999943182,7.43,10.44911081035958,12.0409,2.4336133554004498,1.1314021114911006,0.08525984395082342
5.6,0.605,0.05,2.4,0.073,19.0,25.0,0.99258,3.56,0.55,12.9,0.7599999999696,6.205,12.99643352374979,12.6736,2.631888840136646,1.2237754316221157,0.07045846364856141
9.5,0.56,0.33,2.4,0.089,35.0,67.0,0.9972,3.28,0.73,11.8,0.5223880596936957,10.06,11.833132759894573,10.758399999999998,2.5494451709255714,1.2237754316221157,0.08525984395082342
8.7,0.84,0.0,1.4,0.065,24.0,33.0,0.9954,3.27,0.55,9.7,0.7272727272506888,9.54,9.744826190732544,10.6929,2.3702437414678603,0.8754687373538999,0.06297479916138844
9.9,0.44,0.46,2.2,0.091,10.0,41.0,0.99638,3.18,0.69,11.9,0.2439024390184414,10.34,11.943234496935673,10.112400000000001,2.5572273113676265,1.1631508098056809,0.08709470685093376
10.0,0.31,0.47,2.6,0.085,14.0,33.0,0.99965,3.36,0.8,10.5,0.4242424242295685,10.31,10.50367627619299,11.289599999999998,2.4423470353692043,1.2809338454620645,0.08157998699242287
8.0,0.42,0.32,2.5,0.08,26.0,122.0,0.99801,3.22,1.07,9.7,0.21311475409661382,8.42,9.71934147982551,10.368400000000001,2.3702437414678603,1.252762968495368,0.07696104113612832
7.0,0.5,0.25,2.0,0.07,3.0,22.0,0.9963,3.25,0.63,9.2,0.136363636357438,7.5,9.234166406469772,10.5625,2.322387720290225,1.0986122886681096,0.06765864847381481
7.9,0.2,0.35,1.7,0.054,7.0,15.0,0.99458,3.32,0.8,11.9,0.46666666663555556,8.1,11.964849472174336,11.0224,2.5572273113676265,0.9932517730102834,0.05259245011917058
7.5,0.41,0.15,3.7,0.104,29.0,94.0,0.99786,3.14,0.58,9.1,0.3085106382945903,7.91,9.119515754595318,9.8596,2.312535423847214,1.547562508716013,0.09893994785490356
6.8,0.65,0.02,2.1,0.078,8.0,15.0,0.99498,3.35,0.62,10.4,0.5333333332977778,7.45,10.452471395955225,11.2225,2.4336133554004498,1.1314021114911006,0.07510747248680541
6.5,0.88,0.03,5.6,0.079,23.0,47.0,0.99572,3.58,0.5,11.2,0.48936170211724767,7.38,11.2481420366688,12.8164,2.501435951739211,1.8870696490323797,0.0760346862759976
6.4,0.63,0.21,1.6,0.08,12.0,32.0,0.99689,3.58,0.66,9.8,0.3749999999882813,7.03,9.830573072424668,12.8164,2.379546134130174,0.9555114450274365,0.07696104113612832
7.2,0.49,0.24,2.2,0.07,5.0,36.0,0.996,3.33,0.48,9.4,0.13888888888503087,7.69,9.437750994540412,11.0889,2.341805806147327,1.1631508098056809,0.06765864847381481
7.9,1.04,0.05,2.2,0.084,13.0,29.0,0.9959,3.22,0.55,9.9,0.4482758620535077,8.940000000000001,9.940757094145239,10.368400000000001,2.388762789235098,1.1631508098056809,0.08065790301745447
9.8,0.34,0.39,1.4,0.066,3.0,7.0,0.9947,3.19,0.55,11.4,0.4285714285102041,10.14,11.46074192071907,10.1761,2.517696472610991,0.8754687373538999,0.0639133257436528
8.0,0.42,0.17,2.0,0.073,6.0,18.0,0.9972,3.29,0.61,9.2,0.3333333333148148,8.42,9.225832321273733,10.8241,2.322387720290225,1.0986122886681096,0.07045846364856141
7.5,0.63,0.27,2.0,0.083,17.0,91.0,0.99616,3.26,0.58,9.8,0.1868131868111339,8.13,9.837777054049775,10.6276,2.379546134130174,1.0986122886681096,0.07973496801885356
7.4,0.36,0.29,2.6,0.087,26.0,72.0,0.99645,3.39,0.68,11.0,0.3611111111060957,7.760000000000001,11.039189110302384,11.4921,2.4849066497880004,1.2809338454620645,0.08342160813907239
9.1,0.4,0.5,1.8,0.071,7.0,16.0,0.99462,3.21,0.69,12.5,0.43749999997265626,9.5,12.567613749404181,10.3041,2.6026896854443837,1.0296194171811583,0.06859279146561172
10.0,0.59,0.31,2.2,0.09,26.0,62.0,0.9994,3.18,0.63,10.2,0.4193548387029137,10.59,10.206123663992273,10.112400000000001,2.4159137783010487,1.1631508098056809,0.08617769624105233
8.6,0.8,0.11,2.3,0.084,12.0,31.0,0.9979,3.4,0.48,9.9,0.3870967741810614,9.4,9.92083374093513,11.559999999999999,2.388762789235098,1.1939224684724346,0.08065790301745447
7.1,0.53,0.07,1.7,0.071,15.0,24.0,0.9951,3.29,0.66,10.8,0.6249999999739584,7.63,10.853180573959222,10.8241,2.468099531471619,0.9932517730102834,0.06859279146561172
13.3,0.29,0.75,2.8,0.084,23.0,43.0,0.9986,3.04,0.68,11.4,0.5348837209177935,13.59,11.415982363893468,9.2416,2.517696472610991,1.33500106673234,0.08065790301745447
10.7,0.43,0.39,2.2,0.106,8.0,32.0,0.9986,2.89,0.5,9.6,0.24999999999218753,11.129999999999999,9.613458832752395,8.3521,2.3608540011180215,1.1631508098056809,0.10074990310014305
11.9,0.57,0.5,2.6,0.082,6.0,32.0,1.0006,3.12,0.78,10.7,0.18749999999414066,12.47,10.693583839003013,9.7344,2.4595888418037104,1.2809338454620645,0.07881118042428978
8.3,0.66,0.15,1.9,0.079,17.0,42.0,0.9972,3.31,0.54,9.6,0.4047619047522676,8.96,9.62695546567694,10.956100000000001,2.3608540011180215,1.0647107369924282,0.0760346862759976
8.6,0.49,0.29,2.0,0.11,19.0,133.0,0.9972,2.93,1.98,9.8,0.14285714285606876,9.09,9.827517037878543,8.584900000000001,2.379546134130174,1.0986122886681096,0.10436001532424277
7.3,0.33,0.47,2.1,0.077,5.0,11.0,0.9958,3.33,0.53,10.3,0.45454545450413225,7.63,10.343442447937898,11.0889,2.424802725718295,1.1314021114911006,0.07417939817425151
7.9,0.69,0.21,2.1,0.08,33.0,141.0,0.9962,3.25,0.51,9.9,0.2340425531898295,8.59,9.937763491329289,10.5625,2.388762789235098,1.1314021114911006,0.07696104113612832
10.9,0.32,0.52,1.8,0.132,17.0,44.0,0.99734,3.28,0.77,11.5,0.3863636363548554,11.22,11.530671574858452,10.758399999999998,2.5257286443082556,1.0296194171811583,0.1239859797809912
6.8,0.61,0.04,1.5,0.057,5.0,10.0,0.99525,3.42,0.6,9.5,0.49999999995,7.41,9.545340357151128,11.696399999999999,2.3513752571634776,0.9162907318741551,0.055434706888100586
7.7,0.915,0.12,2.2,0.143,7.0,23.0,0.9964,3.35,0.65,10.2,0.304347826073724,8.615,10.23685265933676,11.2225,2.4159137783010487,1.1631508098056809,0.13365638481267358
7.4,0.53,0.26,2.0,0.101,16.0,72.0,0.9957,3.15,0.57,9.4,0.2222222222191358,7.930000000000001,9.440594547111987,9.9225,2.341805806147327,1.0986122886681096,0.09621885774054292
7.4,0.47,0.46,2.2,0.114,7.0,20.0,0.99647,3.32,0.63,10.5,0.3499999999825,7.87,10.537196292374889,11.0224,2.4423470353692043,1.1631508098056809,0.10795714150509228
10.4,0.55,0.23,2.7,0.091,18.0,48.0,0.9994,3.22,0.64,10.3,0.3749999999921875,10.950000000000001,10.306183699913767,10.368400000000001,2.424802725718295,1.308332819650179,0.08709470685093376
11.9,0.37,0.69,2.3,0.078,12.0,24.0,0.9958,3.0,0.65,12.8,0.49999999997916666,12.27,12.853986731417969,9.0,2.624668592163159,1.1939224684724346,0.07510747248680541
11.5,0.45,0.5,3.0,0.078,19.0,47.0,1.0003,3.26,1.11,11.0,0.404255319140335,11.95,10.996700978709686,10.6276,2.4849066497880004,1.3862943611198906,0.07510747248680541
8.9,0.59,0.39,2.3,0.095,5.0,22.0,0.9986,3.37,0.58,10.3,0.2272727272623967,9.49,10.314440205973924,11.356900000000001,2.424802725718295,1.1939224684724346,0.09075436326846414
10.6,0.34,0.49,3.2,0.078,20.0,78.0,0.9992,3.19,0.7,10.0,0.2564102564069691,10.94,10.008006395108081,10.1761,2.3978952727983707,1.4350845252893227,0.07510747248680541
7.5,0.53,0.06,2.6,0.086,20.0,44.0,0.9965,3.38,0.59,10.7,0.454545454535124,8.03,10.737581524598513,11.424399999999999,2.4595888418037104,1.2809338454620645,0.08250122151174369
9.9,0.35,0.38,1.5,0.058,31.0,47.0,0.99676,3.26,0.82,10.6,0.6595744680710729,10.25,10.634455625592464,10.6276,2.451005098112319,0.9162907318741551,0.05638033343610764
8.3,0.49,0.36,1.8,0.222,6.0,16.0,0.998,3.18,0.6,9.5,0.3749999999765625,8.790000000000001,9.51903806661419,10.112400000000001,2.3513752571634776,1.0296194171811583,0.20048886074940359
7.6,0.55,0.21,2.2,0.071,7.0,28.0,0.9964,3.28,0.55,9.7,0.24999999999107142,8.15,9.735046156428096,10.758399999999998,2.3702437414678603,1.1631508098056809,0.06859279146561172
9.5,0.59,0.44,2.3,0.071,21.0,68.0,0.9992,3.46,0.63,9.5,0.3088235294072232,10.09,9.507606075352676,11.9716,2.3513752571634776,1.1939224684724346,0.06859279146561172
9.2,0.43,0.49,2.4,0.086,23.0,116.0,0.9976,3.23,0.64,9.5,0.19827586206725623,9.629999999999999,9.52285484209818,10.4329,2.3513752571634776,1.2237754316221157,0.08250122151174369
6.6,0.8,0.03,7.8,0.079,6.0,12.0,0.9963,3.52,0.5,12.2,0.49999999995833333,7.3999999999999995,12.245307625970785,12.3904,2.580216829592325,2.174751721484161,0.0760346862759976
7.6,0.9,0.06,2.5,0.079,5.0,10.0,0.9967,3.39,0.56,9.8,0.49999999995,8.5,9.832447065483649,11.4921,2.379546134130174,1.252762968495368,0.0760346862759976
5.0,1.02,0.04,1.4,0.045,41.0,85.0,0.9938,3.75,0.48,10.5,0.4823529411707958,6.02,10.565506127424525,14.0625,2.4423470353692043,0.8754687373538999,0.04401688541677432
8.9,0.75,0.14,2.5,0.086,9.0,30.0,0.99824,3.34,0.64,10.5,0.29999999999,9.65,10.518512571607516,11.1556,2.4423470353692043,1.252762968495368,0.08250122151174369
13.7,0.415,0.68,2.9,0.085,17.0,43.0,1.0014,3.06,0.8,10.0,0.3953488372001082,14.114999999999998,9.986019562626302,9.3636,2.3978952727983707,1.3609765531356006,0.08157998699242287
11.9,0.39,0.69,2.8,0.095,17.0,35.0,0.9994,3.1,0.61,10.8,0.4857142857004082,12.290000000000001,10.806483879521231,9.610000000000001,2.468099531471619,1.33500106673234,0.09075436326846414
7.1,0.31,0.3,2.2,0.053,36.0,127.0,0.9965,2.94,1.62,9.5,0.28346456692690186,7.409999999999999,9.53336677417625,8.6436,2.3513752571634776,1.1631508098056809,0.05164323315183845
11.1,0.42,0.47,2.65,0.085,9.0,34.0,0.99736,3.24,0.77,12.1,0.26470588234515574,11.52,12.132028543222077,10.497600000000002,2.5726122302071057,1.2947271675944,0.08157998699242287
7.7,0.69,0.22,1.9,0.084,18.0,94.0,0.9961,3.31,0.48,9.5,0.19148936170009054,8.39,9.537195051162339,10.956100000000001,2.3513752571634776,1.0647107369924282,0.08065790301745447
5.9,0.19,0.21,1.7,0.045,57.0,135.0,0.99341,3.32,0.44,9.5,0.42222222221909467,6.090000000000001,9.563020294175598,11.0224,2.3513752571634776,0.9932517730102834,0.04401688541677432
8.3,0.78,0.1,2.6,0.081,45.0,87.0,0.9983,3.48,0.53,10.0,0.5172413793043995,9.08,10.017028939179577,12.1104,2.3978952727983707,1.2809338454620645,0.07788653865707122
7.3,0.51,0.18,2.1,0.07,12.0,28.0,0.99768,3.52,0.73,9.5,0.42857142855612246,7.81,9.52209124215972,12.3904,2.3513752571634776,1.1314021114911006,0.06765864847381481
7.3,0.98,0.05,2.1,0.061,20.0,49.0,0.99705,3.31,0.55,9.7,0.4081632652977926,8.28,9.728699654251342,10.956100000000001,2.3702437414678603,1.1314021114911006,0.05921185963184608
6.2,0.46,0.29,2.1,0.074,32.0,98.0,0.99578,3.33,0.62,9.8,0.326530612241566,6.66,9.841531252042087,11.0889,2.379546134130174,1.1314021114911006,0.07138999608667294
8.3,0.3,0.49,3.8,0.09,11.0,24.0,0.99498,3.27,0.64,12.1,0.4583333333142361,8.600000000000001,12.161048451063289,10.6929,2.5726122302071057,1.5686159179138452,0.08617769624105233
7.8,0.53,0.04,1.7,0.076,17.0,31.0,0.9964,3.33,0.56,10.0,0.5483870967565037,8.33,10.036130058173294,11.0889,2.3978952727983707,0.9932517730102834,0.07325046173959267
7.6,0.41,0.33,2.5,0.078,6.0,23.0,0.9957,3.3,0.58,11.2,0.26086956520604915,8.01,11.248367971027047,10.889999999999999,2.501435951739211,1.252762968495368,0.07510747248680541
7.1,0.685,0.35,2.0,0.088,9.0,92.0,0.9963,3.28,0.62,9.4,0.09782608695545841,7.785,9.434909154436507,10.758399999999998,2.341805806147327,1.0986122886681096,0.08434114843375087
10.8,0.45,0.33,2.5,0.099,20.0,38.0,0.99818,3.24,0.71,10.8,0.5263157894598338,11.25,10.81969182830783,10.497600000000002,2.468099531471619,1.252762968495368,0.09440067542148431
8.3,1.02,0.02,3.4,0.084,6.0,11.0,0.99892,3.48,0.49,11.0,0.5454545454049586,9.32,11.011892833248014,12.1104,2.4849066497880004,1.4816045409242156,0.08065790301745447
7.8,0.5,0.12,1.8,0.178,6.0,21.0,0.996,3.28,0.87,9.8,0.28571428570068025,8.3,9.839357419840004,10.758399999999998,2.379546134130174,1.0296194171811583,0.16381808522939495
7.3,0.67,0.02,2.2,0.072,31.0,92.0,0.99566,3.32,0.68,11.1,0.33695652173546786,7.97,11.148383975304437,11.0224,2.4932054526026954,1.1631508098056809,0.06952606264861023
8.0,0.745,0.56,2.0,0.118,30.0,134.0,0.9968,3.24,0.66,9.4,0.22388059701325463,8.745,9.430176555547575,10.497600000000002,2.341805806147327,1.0986122886681096,0.11154137473290741
9.2,0.67,0.1,3.0,0.091,12.0,48.0,0.99888,3.31,0.54,9.5,0.2499999999947917,9.87,9.510651920640466,10.956100000000001,2.3513752571634776,1.3862943611198906,0.08709470685093376
8.6,0.63,0.17,2.9,0.099,21.0,119.0,0.998,3.09,0.52,9.3,0.17647058823381118,9.23,9.318637265211787,9.5481,2.33214389523559,1.3609765531356006,0.09440067542148431
9.0,0.58,0.25,2.0,0.104,8.0,21.0,0.99769,3.27,0.72,9.6,0.3809523809342404,9.58,9.622227335522831,10.6929,2.3608540011180215,1.0986122886681096,0.09893994785490356
8.7,0.7,0.24,2.5,0.226,5.0,15.0,0.9991,3.32,0.6,9.0,0.3333333333111111,9.399999999999999,9.008107287550688,11.0224,2.302585092994046,1.252762968495368,0.20375683751401966
7.3,1.07,0.09,1.7,0.178,10.0,89.0,0.9962,3.3,0.57,9.0,0.11235955056053529,8.37,9.03433044666299,10.889999999999999,2.302585092994046,0.9932517730102834,0.16381808522939495
8.7,0.82,0.02,1.2,0.07,36.0,48.0,0.9952,3.2,0.58,9.8,0.749999999984375,9.52,9.84726687113418,10.240000000000002,2.379546134130174,0.7884573603642702,0.06765864847381481
7.0,0.6,0.12,2.2,0.083,13.0,28.0,0.9966,3.52,0.62,10.2,0.4642857142691327,7.6,10.234798303998797,12.3904,2.4159137783010487,1.1631508098056809,0.07973496801885356
13.3,0.43,0.58,1.9,0.07,15.0,40.0,1.0004,3.06,0.49,9.0,0.37499999999062505,13.73,8.996401430431426,9.3636,2.302585092994046,1.0647107369924282,0.06765864847381481
8.9,0.61,0.49,2.0,0.27,23.0,110.0,0.9972,3.12,1.02,9.3,0.20909090908900826,9.51,9.326113107374537,9.7344,2.33214389523559,1.0986122886681096,0.23901690047049992
6.7,0.58,0.08,1.8,0.097,15.0,65.0,0.9959,3.28,0.54,9.2,0.23076923076568046,7.28,9.237875279407696,10.758399999999998,2.322387720290225,1.0296194171811583,0.0925791812930932
6.2,0.58,0.0,1.6,0.065,8.0,18.0,0.9966,3.56,0.84,9.4,0.44444444441975306,6.78,9.432069025253794,12.6736,2.341805806147327,0.9555114450274365,0.06297479916138844
6.9,0.4,0.14,2.4,0.085,21.0,40.0,0.9968,3.43,0.63,9.7,0.5249999999868751,7.300000000000001,9.731139637107605,11.7649,2.3702437414678603,1.2237754316221157,0.08157998699242287
6.0,0.49,0.0,2.3,0.068,15.0,33.0,0.99292,3.58,0.59,12.5,0.4545454545316805,6.49,12.589131035139658,12.8164,2.6026896854443837,1.1939224684724346,0.0657877405380031
9.8,0.39,0.43,1.65,0.068,5.0,11.0,0.99478,3.19,0.46,11.4,0.45454545450413225,10.190000000000001,11.459820250246468,10.1761,2.517696472610991,0.9745596399981308,0.0657877405380031
10.4,0.26,0.48,1.9,0.066,6.0,10.0,0.99724,3.33,0.87,10.9,0.59999999994,10.66,10.930167250681714,11.0889,2.4765384001174837,1.0647107369924282,0.0639133257436528
11.8,0.26,0.52,1.8,0.071,6.0,10.0,0.9968,3.2,0.72,10.2,0.59999999994,12.06,10.232744773040986,10.240000000000002,2.4159137783010487,1.0296194171811583,0.06859279146561172
7.7,0.51,0.28,2.1,0.087,23.0,54.0,0.998,3.42,0.74,9.2,0.42592592591803846,8.21,9.218436864510585,11.696399999999999,2.322387720290225,1.1314021114911006,0.08342160813907239
7.1,0.62,0.06,1.3,0.07,5.0,12.0,0.9942,3.17,0.48,9.8,0.41666666663194446,7.72,9.857171585337788,10.0489,2.379546134130174,0.832909122935104,0.06765864847381481
8.9,0.48,0.24,2.85,0.094,35.0,106.0,0.9982,3.1,0.53,9.2,0.330188679242168,9.38,9.216589852517941,9.610000000000001,2.322387720290225,1.3480731482996928,0.08984070399978947
7.8,0.91,0.07,1.9,0.058,22.0,47.0,0.99525,3.51,0.43,10.7,0.4680851063730195,8.709999999999999,10.75106756015969,12.320099999999998,2.4595888418037104,1.0647107369924282,0.05638033343610764
8.9,0.22,0.48,1.8,0.077,29.0,60.0,0.9968,3.39,0.53,9.4,0.4833333333252778,9.120000000000001,9.430176555547575,11.4921,2.341805806147327,1.0296194171811583,0.07417939817425151
8.5,0.585,0.18,2.1,0.078,5.0,30.0,0.9967,3.2,0.48,9.8,0.1666666666611111,9.085,9.832447065483649,10.240000000000002,2.379546134130174,1.1314021114911006,0.07510747248680541
7.6,0.645,0.03,1.9,0.086,14.0,57.0,0.9969,3.37,0.46,10.3,0.2456140350834103,8.245,10.332029280437327,11.356900000000001,2.424802725718295,1.0647107369924282,0.08250122151174369
7.5,0.58,0.14,2.2,0.077,27.0,60.0,0.9963,3.28,0.59,9.8,0.4499999999925,8.08,9.836394650369975,10.758399999999998,2.379546134130174,1.1631508098056809,0.07417939817425151
7.0,0.54,0.09,2.0,0.081,10.0,16.0,0.99479,3.43,0.59,11.5,0.6249999999609375,7.54,11.56022878038558,11.7649,2.5257286443082556,1.0986122886681096,0.07788653865707122
6.5,0.51,0.15,3.0,0.064,12.0,27.0,0.9929,3.33,0.59,12.8,0.44444444442798353,7.01,12.891529849036631,11.0889,2.624668592163159,1.3862943611198906,0.06203539091945264
7.4,0.39,0.48,2.0,0.082,14.0,67.0,0.9972,3.34,0.55,9.2,0.20895522387747828,7.79,9.225832321273733,11.1556,2.322387720290225,1.0986122886681096,0.07881118042428978
7.4,0.36,0.34,1.8,0.075,18.0,38.0,0.9933,3.38,0.88,13.6,0.47368421051385046,7.760000000000001,13.691734608183094,11.424399999999999,2.681021528714291,1.0296194171811583,0.07232066157962612
9.4,0.59,0.14,2.0,0.084,25.0,48.0,0.9981,3.14,0.56,9.7,0.5208333333224827,9.99,9.718465073921987,9.8596,2.3702437414678603,1.0986122886681096,0.08065790301745447
7.5,0.38,0.57,2.3,0.106,5.0,12.0,0.99605,3.36,0.55,11.4,0.41666666663194446,7.88,11.445208562376179,11.289599999999998,2.517696472610991,1.1939224684724346,0.10074990310014305
8.2,0.42,0.49,2.6,0.084,32.0,55.0,0.9988,3.34,0.75,8.7,0.5818181818076034,8.62,8.710452534330743,11.1556,2.272125885509337,1.2809338454620645,0.08065790301745447
8.6,0.47,0.47,2.4,0.074,7.0,29.0,0.9979,3.08,0.46,9.5,0.24137931033650417,9.07,9.51999197362462,9.4864,2.3513752571634776,1.2237754316221157,0.07138999608667294
7.4,0.63,0.07,2.4,0.09,11.0,37.0,0.9979,3.43,0.76,9.7,0.29729729728926224,8.030000000000001,9.720412857279875,11.7649,2.3702437414678603,1.2237754316221157,0.08617769624105233
8.1,0.33,0.44,1.5,0.042,6.0,12.0,0.99542,3.35,0.61,10.7,0.49999999995833333,8.43,10.74923146938053,11.2225,2.4595888418037104,0.9162907318741551,0.04114194333117518
13.2,0.38,0.55,2.7,0.081,5.0,16.0,1.0006,2.98,0.54,9.4,0.31249999998046873,13.58,9.394363372582088,8.8804,2.341805806147327,1.308332819650179,0.07788653865707122
10.1,0.65,0.37,5.1,0.11,11.0,65.0,1.0026,3.32,0.64,10.4,0.16923076922816568,10.75,10.373030111337492,11.0224,2.4336133554004498,1.8082887711792655,0.10436001532424277
12.5,0.38,0.6,2.6,0.081,31.0,72.0,0.9996,3.1,0.73,10.5,0.4305555555495756,12.88,10.504201670163864,9.610000000000001,2.4423470353692043,1.2809338454620645,0.07788653865707122
7.3,0.67,0.02,2.2,0.072,31.0,92.0,0.99566,3.32,0.68,11.0666666666667,0.33695652173546786,7.97,11.114905344748001,11.0224,2.4904468301636182,1.1631508098056809,0.06952606264861023
7.8,0.545,0.12,2.5,0.068,11.0,35.0,0.996,3.34,0.61,11.6,0.31428571427673474,8.345,11.646586333688166,11.1556,2.533696813957432,1.252762968495368,0.0657877405380031
11.9,0.58,0.66,2.5,0.072,6.0,37.0,0.9992,3.05,0.56,10.0,0.16216216215777943,12.48,10.008006395108081,9.302499999999998,2.3978952727983707,1.252762968495368,0.06952606264861023
11.4,0.26,0.44,3.6,0.071,6.0,19.0,0.9986,3.12,0.82,9.3,0.31578947366759,11.66,9.313038244228883,9.7344,2.33214389523559,1.5260563034950494,0.06859279146561172
7.2,0.39,0.44,2.6,0.066,22.0,48.0,0.99494,3.3,0.84,11.5,0.45833333332378473,7.59,11.558485927233315,10.889999999999999,2.5257286443082556,1.2809338454620645,0.0639133257436528
12.6,0.41,0.54,2.8,0.103,19.0,41.0,0.99939,3.21,0.76,11.3,0.4634146341350387,13.01,11.306897195982653,10.3041,2.509599262378372,1.33500106673234,0.09803374027136541
8.8,0.3,0.38,2.3,0.06,19.0,72.0,0.99543,3.39,0.72,11.8,0.26388888888522377,9.100000000000001,11.854173561321064,11.4921,2.5494451709255714,1.1939224684724346,0.058268908123975775
12.5,0.28,0.54,2.3,0.082,12.0,29.0,0.9997,3.11,1.36,9.8,0.41379310343400716,12.78,9.802940872458798,9.672099999999999,2.379546134130174,1.1939224684724346,0.07881118042428978
9.2,0.36,0.34,1.6,0.062,5.0,12.0,0.99667,3.2,0.67,10.5,0.41666666663194446,9.559999999999999,10.535081811898541,10.240000000000002,2.4423470353692043,0.9555114450274365,0.06015392281974709
10.6,0.31,0.49,2.2,0.063,18.0,40.0,0.9976,3.14,0.51,9.8,0.44999999998875007,10.91,9.823576573953913,9.8596,2.379546134130174,1.1631508098056809,0.061095099359810875
6.4,0.4,0.23,1.6,0.066,5.0,12.0,0.9958,3.34,0.56,9.2,0.41666666663194446,6.800000000000001,9.238802963206664,11.1556,2.322387720290225,0.9555114450274365,0.0639133257436528
7.8,0.56,0.19,2.0,0.081,17.0,108.0,0.9962,3.32,0.54,9.5,0.15740740740594994,8.36,9.536237693699823,11.0224,2.3513752571634776,1.0986122886681096,0.07788653865707122
5.0,0.4,0.5,4.3,0.046,29.0,80.0,0.9902,3.49,0.66,13.6,0.3624999999954687,5.4,13.734599057024239,12.180100000000001,2.681021528714291,1.667706820558076,0.044973365642731154
6.9,1.09,0.06,2.1,0.061,12.0,31.0,0.9948,3.51,0.43,11.4,0.3870967741810614,7.99,11.45958985579052,12.320099999999998,2.517696472610991,1.1314021114911006,0.05921185963184608
10.2,0.34,0.48,2.1,0.052,5.0,9.0,0.99458,3.2,0.69,12.1,0.5555555554938272,10.54,12.165939379269702,10.240000000000002,2.5726122302071057,1.1314021114911006,0.050693114315518116
7.4,0.35,0.33,2.4,0.068,9.0,26.0,0.9947,3.36,0.6,11.9,0.3461538461405325,7.75,11.963406040048854,11.289599999999998,2.5572273113676265,1.2237754316221157,0.0657877405380031
7.5,0.58,0.03,4.1,0.08,27.0,46.0,0.99592,3.02,0.47,9.2,0.5869565217263706,8.08,9.237689765003523,9.1204,2.322387720290225,1.62924053973028,0.07696104113612832
7.0,0.45,0.34,2.7,0.082,16.0,72.0,0.998,3.55,0.6,9.5,0.2222222222191358,7.45,9.51903806661419,12.6025,2.3513752571634776,1.308332819650179,0.07881118042428978
7.3,0.91,0.1,1.8,0.074,20.0,56.0,0.99672,3.35,0.56,9.2,0.35714285713647964,8.209999999999999,9.230275293733168,11.2225,2.322387720290225,1.0296194171811583,0.07138999608667294
7.8,0.59,0.33,2.0,0.074,24.0,120.0,0.9968,3.25,0.54,9.4,0.19999999999833332,8.39,9.430176555547575,10.5625,2.341805806147327,1.0986122886681096,0.07138999608667294
7.9,0.53,0.24,2.0,0.072,15.0,105.0,0.996,3.27,0.54,9.4,0.1428571428557823,8.43,9.437750994540412,10.6929,2.341805806147327,1.0986122886681096,0.06952606264861023
8.4,0.65,0.6,2.1,0.112,12.0,90.0,0.9973,3.2,0.52,9.2,0.13333333333185185,9.05,9.224907240323967,10.240000000000002,2.322387720290225,1.1314021114911006,0.10616019582839063
6.2,0.65,0.06,1.6,0.05,6.0,18.0,0.99348,3.57,0.54,11.95,0.3333333333148148,6.8500000000000005,12.028425321064917,12.7449,2.5610957881455465,0.9555114450274365,0.04879016416943201
10.1,0.37,0.34,2.4,0.085,5.0,17.0,0.99683,3.17,0.65,10.6,0.2941176470415225,10.469999999999999,10.633708846409409,10.0489,2.451005098112319,1.2237754316221157,0.08157998699242287
6.8,0.49,0.22,2.3,0.071,13.0,24.0,0.99438,3.41,0.83,11.3,0.5416666666440972,7.29,11.363864909427116,11.628100000000002,2.509599262378372,1.1939224684724346,0.06859279146561172
10.9,0.37,0.58,4.0,0.071,17.0,65.0,0.99935,3.22,0.78,10.1,0.2615384615344379,11.27,10.106569259912375,10.368400000000001,2.4069451083182885,1.6094379124341003,0.06859279146561172
7.1,0.875,0.05,5.7,0.082,3.0,14.0,0.99808,3.4,0.52,10.2,0.21428571427040816,7.975,10.219621663374056,11.559999999999999,2.4159137783010487,1.9021075263969205,0.07881118042428978
10.6,0.44,0.68,4.1,0.114,6.0,24.0,0.997,3.06,0.66,13.4,0.24999999998958333,11.04,13.440320949407903,9.3636,2.667228206581955,1.62924053973028,0.10795714150509228
8.7,0.48,0.3,2.8,0.066,10.0,28.0,0.9964,3.33,0.67,11.2,0.357142857130102,9.18,11.240465665154089,11.0889,2.501435951739211,1.33500106673234,0.0639133257436528
10.8,0.47,0.43,2.1,0.171,27.0,66.0,0.9982,3.17,0.76,10.8,0.40909090908471074,11.270000000000001,10.819475044260194,10.0489,2.468099531471619,1.1314021114911006,0.1578580846155803
6.2,0.45,0.2,1.6,0.069,3.0,15.0,0.9958,3.41,0.56,9.2,0.19999999998666668,6.65,9.238802963206664,11.628100000000002,2.322387720290225,0.9555114450274365,0.06672363204290818
11.5,0.18,0.51,4.0,0.104,4.0,23.0,0.9996,3.28,0.97,10.1,0.17391304347069944,11.68,10.104041606538573,10.758399999999998,2.4069451083182885,1.6094379124341003,0.09893994785490356
7.3,0.43,0.24,2.5,0.078,27.0,67.0,0.99648,3.6,0.59,11.1,0.4029850746208509,7.7299999999999995,11.139210008089265,12.96,2.4932054526026954,1.252762968495368,0.07510747248680541
9.1,0.775,0.22,2.2,0.079,12.0,48.0,0.9976,3.18,0.51,9.6,0.2499999999947917,9.875,9.623095419383425,10.112400000000001,2.3608540011180215,1.1631508098056809,0.0760346862759976
7.5,0.5,0.36,6.1,0.071,17.0,102.0,0.9978,3.35,0.8,10.5,0.1666666666650327,8.0,10.523150921504158,11.2225,2.4423470353692043,1.9600947840472698,0.06859279146561172
7.9,0.58,0.23,2.3,0.076,23.0,94.0,0.99686,3.21,0.58,9.5,0.24468085106122678,8.48,9.529923951678347,10.3041,2.3513752571634776,1.1939224684724346,0.07325046173959267
7.5,0.27,0.34,2.3,0.05,4.0,8.0,0.9951,3.4,0.64,11.0,0.4999999999375,7.77,11.05416539940291,11.559999999999999,2.4849066497880004,1.1939224684724346,0.04879016416943201
10.5,0.42,0.66,2.95,0.116,12.0,29.0,0.997,3.24,0.75,11.7,0.41379310343400716,10.92,11.735205605080035,10.497600000000002,2.5416019934645457,1.3737155789130306,0.1097508639591192
9.4,0.615,0.28,3.2,0.087,18.0,72.0,1.0001,3.31,0.53,9.7,0.24999999999652778,10.015,9.69903008729224,10.956100000000001,2.3702437414678603,1.4350845252893227,0.08342160813907239
7.8,0.53,0.01,1.6,0.077,3.0,19.0,0.995,3.16,0.46,9.8,0.157894736833795,8.33,9.84924622125704,9.985600000000002,2.379546134130174,0.9555114450274365,0.07417939817425151
8.9,0.4,0.32,5.6,0.087,10.0,47.0,0.9991,3.38,0.77,10.5,0.21276595744228158,9.3,10.50945850214247,11.424399999999999,2.4423470353692043,1.8870696490323797,0.08342160813907239
5.6,0.66,0.0,2.5,0.066,7.0,15.0,0.99256,3.52,0.58,12.9,0.46666666663555556,6.26,12.996695400785146,12.3904,2.631888840136646,1.252762968495368,0.0639133257436528
8.7,0.63,0.28,2.7,0.096,17.0,69.0,0.99734,3.26,0.63,10.2,0.2463768115906322,9.33,10.227204353352713,10.6276,2.4159137783010487,1.308332819650179,0.0916671885258238
8.3,0.625,0.2,1.5,0.08,27.0,119.0,0.9972,3.16,1.12,9.1,0.22689075630061437,8.925,9.125551535172933,9.985600000000002,2.312535423847214,0.9162907318741551,0.07696104113612832
6.3,0.47,0.0,1.4,0.055,27.0,33.0,0.9922,3.45,0.48,12.3,0.8181818181570248,6.77,12.396694202381886,11.902500000000002,2.5877640352277083,0.8754687373538999,0.053540766928029816
7.2,0.635,0.07,2.6,0.077,16.0,86.0,0.99748,3.51,0.54,9.7,0.18604651162574365,7.835,9.72450574475227,12.320099999999998,2.3702437414678603,1.2809338454620645,0.07417939817425151
6.6,0.5,0.0,1.8,0.062,21.0,28.0,0.99352,3.44,0.55,12.3,0.7499999999732143,7.1,12.380223838090604,11.833599999999999,2.5877640352277083,1.0296194171811583,0.06015392281974709
9.6,0.68,0.24,2.2,0.087,5.0,28.0,0.9988,3.14,0.6,10.2,0.178571428565051,10.28,10.212254695422251,9.8596,2.4159137783010487,1.1631508098056809,0.08342160813907239
7.9,0.32,0.51,1.8,0.341,17.0,56.0,0.9969,3.04,1.08,9.2,0.30357142856600766,8.22,9.228608677672174,9.2416,2.322387720290225,1.0296194171811583,0.2934156042995415
8.7,0.675,0.1,1.6,0.09,4.0,11.0,0.99745,3.31,0.65,9.55,0.36363636360330576,9.375,9.574414748033071,10.956100000000001,2.3561258599220753,0.9555114450274365,0.08617769624105233
8.4,0.31,0.29,3.1,0.194,14.0,26.0,0.99536,3.22,0.78,12.0,0.5384615384408284,8.71,12.055939547444202,10.368400000000001,2.5649493574615367,1.410986973710262,0.17730901497041035
11.6,0.23,0.57,1.8,0.074,3.0,8.0,0.9981,3.14,0.7,9.9,0.374999999953125,11.83,9.918845797095637,9.8596,2.388762789235098,1.0296194171811583,0.07138999608667294
8.5,0.66,0.2,2.1,0.097,23.0,113.0,0.99733,3.13,0.48,9.2,0.20353982300704831,9.16,9.22462975221378,9.796899999999999,2.322387720290225,1.1314021114911006,0.0925791812930932
7.3,0.38,0.21,2.0,0.08,7.0,35.0,0.9961,3.33,0.47,9.5,0.19999999999428572,7.68,9.537195051162339,11.0889,2.3513752571634776,1.0986122886681096,0.07696104113612832
7.4,0.36,0.3,1.8,0.074,17.0,24.0,0.99419,3.24,0.7,11.4,0.7083333333038194,7.760000000000001,11.466621056873816,10.497600000000002,2.517696472610991,1.0296194171811583,0.07138999608667294
8.0,0.6,0.22,2.1,0.08,25.0,105.0,0.99613,3.3,0.49,9.9,0.2380952380929705,8.6,9.93846183737217,10.889999999999999,2.388762789235098,1.1314021114911006,0.07696104113612832
6.4,0.57,0.12,2.3,0.12,25.0,36.0,0.99519,3.47,0.71,11.3,0.6944444444251544,6.970000000000001,11.354615690114837,12.0409,2.509599262378372,1.1939224684724346,0.11332868530700317
5.6,0.5,0.09,2.3,0.049,17.0,99.0,0.9937,3.63,0.63,13.0,0.17171717171543718,6.1,13.082419228054324,13.1769,2.639057329615259,1.1939224684724346,0.04783732941416013
8.3,0.675,0.26,2.1,0.084,11.0,43.0,0.9976,3.31,0.53,9.2,0.255813953482423,8.975000000000001,9.222133110242448,10.956100000000001,2.322387720290225,1.1314021114911006,0.08065790301745447
8.2,0.34,0.38,2.5,0.08,12.0,57.0,0.9978,3.3,0.47,9.0,0.21052631578578027,8.54,9.019843647003563,10.889999999999999,2.302585092994046,1.252762968495368,0.07696104113612832
7.0,0.62,0.18,1.5,0.062,7.0,50.0,0.9951,3.08,0.6,9.3,0.1399999999972,7.62,9.345794383131551,9.4864,2.33214389523559,0.9162907318741551,0.06015392281974709
6.9,0.84,0.21,4.1,0.074,16.0,65.0,0.99842,3.53,0.72,9.23333333333333,0.24615384615005917,7.74,9.247945077307532,12.460899999999999,2.3256503659250414,1.62924053973028,0.07138999608667294
8.1,0.545,0.18,1.9,0.08,13.0,35.0,0.9972,3.3,0.59,9.0,0.3714285714179592,8.645,9.025270749072131,10.889999999999999,2.302585092994046,1.0647107369924282,0.07696104113612832
7.2,0.53,0.13,2.0,0.058,18.0,22.0,0.99573,3.21,0.68,9.9,0.8181818181446281,7.73,9.942454269789547,10.3041,2.388762789235098,1.0986122886681096,0.05638033343610764
7.6,0.63,0.03,2.0,0.08,27.0,43.0,0.99578,3.44,0.64,10.9,0.6279069767295836,8.23,10.946192923189669,11.833599999999999,2.4765384001174837,1.0986122886681096,0.07696104113612832
5.9,0.55,0.1,2.2,0.062,39.0,51.0,0.99512,3.52,0.76,11.2,0.764705882337947,6.45,11.254924017952685,12.3904,2.501435951739211,1.1631508098056809,0.06015392281974709
9.6,0.5,0.36,2.8,0.116,26.0,55.0,0.99722,3.18,0.68,10.9,0.4727272727186777,10.1,10.930386463437971,10.112400000000001,2.4765384001174837,1.33500106673234,0.1097508639591192
9.5,0.37,0.52,2.0,0.082,6.0,26.0,0.998,3.18,0.51,9.5,0.23076923076035502,9.87,9.51903806661419,10.112400000000001,2.3513752571634776,1.0986122886681096,0.07881118042428978
9.0,0.54,0.49,2.9,0.094,41.0,110.0,0.9982,3.08,0.61,9.2,0.3727272727238843,9.54,9.216589852517941,9.4864,2.322387720290225,1.3609765531356006,0.08984070399978947
7.8,0.39,0.42,2.0,0.086,9.0,21.0,0.99526,3.39,0.66,11.6,0.42857142855102043,8.19,11.65524585369125,11.4921,2.533696813957432,1.0986122886681096,0.08250122151174369
8.0,0.48,0.34,2.2,0.073,16.0,25.0,0.9936,3.28,0.66,12.4,0.6399999999744,8.48,12.479871162963093,10.758399999999998,2.5952547069568657,1.1631508098056809,0.07045846364856141
9.5,0.46,0.24,2.7,0.092,14.0,44.0,0.998,3.12,0.74,10.0,0.3181818181745868,9.96,10.020040070120201,9.7344,2.3978952727983707,1.308332819650179,0.0880108773227133
9.4,0.4,0.31,2.2,0.09,13.0,62.0,0.9966,3.07,0.63,10.5,0.20967741935145684,9.8,10.535821783528174,9.4249,2.4423470353692043,1.1631508098056809,0.08617769624105233
7.2,0.65,0.02,2.3,0.094,5.0,31.0,0.9993,3.67,0.8,9.7,0.16129032257544224,7.8500000000000005,9.706794746615836,13.4689,2.3702437414678603,1.1939224684724346,0.08984070399978947
9.8,0.44,0.47,2.5,0.063,9.0,28.0,0.9981,3.24,0.65,10.8,0.32142857141709186,10.24,10.820559051377058,10.497600000000002,2.468099531471619,1.252762968495368,0.061095099359810875
11.5,0.59,0.59,2.6,0.087,13.0,49.0,0.9988,3.18,0.65,11.0,0.2653061224435652,12.09,11.01321584800439,10.112400000000001,2.4849066497880004,1.2809338454620645,0.08342160813907239
7.3,0.45,0.36,5.9,0.074,12.0,87.0,0.9978,3.33,0.83,10.5,0.1379310344811732,7.75,10.523150921504158,11.0889,2.4423470353692043,1.9315214116032138,0.07138999608667294
11.4,0.625,0.66,6.2,0.088,6.0,24.0,0.9988,3.11,0.99,13.3,0.24999999998958333,12.025,13.315979161678035,9.672099999999999,2.6602595372658615,1.9740810260220096,0.08434114843375087
10.8,0.26,0.45,3.3,0.06,20.0,49.0,0.9972,3.13,0.54,9.6,0.4081632652977926,11.06,9.62695546567694,9.796899999999999,2.3608540011180215,1.4586150226995167,0.058268908123975775
8.0,0.28,0.44,1.8,0.081,28.0,68.0,0.99501,3.36,0.66,11.2,0.41176470587629754,8.28,11.256168268403163,11.289599999999998,2.501435951739211,1.0296194171811583,0.07788653865707122
7.0,0.62,0.08,1.8,0.076,8.0,24.0,0.9978,3.48,0.53,9.0,0.3333333333194444,7.62,9.019843647003563,12.1104,2.302585092994046,1.0296194171811583,0.07325046173959267
7.2,0.41,0.3,2.1,0.083,35.0,72.0,0.997,3.44,0.52,9.4,0.48611111110435956,7.61,9.428284845107036,11.833599999999999,2.341805806147327,1.1314021114911006,0.07973496801885356
12.2,0.48,0.54,2.6,0.085,19.0,64.0,1.0,3.1,0.61,10.5,0.2968749999953613,12.68,10.4999999895,9.610000000000001,2.4423470353692043,1.2809338454620645,0.08157998699242287
6.4,0.38,0.14,2.2,0.038,15.0,25.0,0.99514,3.44,0.65,11.1,0.599999999976,6.78,11.15420944675703,11.833599999999999,2.4932054526026954,1.1631508098056809,0.037295784743696894
7.3,0.695,0.0,2.5,0.075,3.0,13.0,0.998,3.49,0.52,9.2,0.2307692307514793,7.995,9.218436864510585,12.180100000000001,2.322387720290225,1.252762968495368,0.07232066157962612
12.9,0.35,0.49,5.8,0.066,5.0,35.0,1.0014,3.2,0.66,12.0,0.14285714285306123,13.25,11.983223475151563,10.240000000000002,2.5649493574615367,1.916922612182061,0.0639133257436528
7.8,0.59,0.18,2.3,0.076,17.0,54.0,0.9975,3.43,0.59,10.0,0.31481481480898493,8.39,10.025062646591415,11.7649,2.3978952727983707,1.1939224684724346,0.07325046173959267
10.0,0.43,0.33,2.7,0.095,28.0,89.0,0.9984,3.22,0.68,10.0,0.3146067415694988,10.43,10.016025630993564,10.368400000000001,2.3978952727983707,1.308332819650179,0.09075436326846414
15.5,0.645,0.49,4.2,0.095,10.0,23.0,1.00315,2.92,0.74,11.1,0.43478260867674856,16.145,11.065144782868817,8.526399999999999,2.4932054526026954,1.6486586255873816,0.09075436326846414
9.6,0.33,0.52,2.2,0.074,13.0,25.0,0.99509,3.36,0.76,12.4,0.5199999999792,9.93,12.461184402957336,11.289599999999998,2.5952547069568657,1.1631508098056809,0.07138999608667294
8.5,0.44,0.5,1.9,0.369,15.0,38.0,0.99634,3.01,1.1,9.4,0.39473684209487536,8.94,9.434530371725987,9.060099999999998,2.341805806147327,1.0647107369924282,0.3140805463063118
10.6,1.02,0.43,2.9,0.076,26.0,88.0,0.9984,3.08,0.57,10.1,0.295454545451188,11.62,10.1161858873035,9.4864,2.4069451083182885,1.3609765531356006,0.07325046173959267
6.6,0.725,0.09,5.5,0.117,9.0,17.0,0.99655,3.35,0.49,10.8,0.5294117646747405,7.324999999999999,10.837388981147571,11.2225,2.468099531471619,1.8718021769015913,0.11064652008706366
8.9,0.5,0.21,2.2,0.088,21.0,39.0,0.99692,3.33,0.83,11.1,0.5384615384477318,9.4,11.134293613194345,11.0889,2.4932054526026954,1.1631508098056809,0.08434114843375087
10.4,0.44,0.73,6.55,0.074,38.0,76.0,0.999,3.17,0.85,12.0,0.49999999999342104,10.84,12.012011999987976,10.0489,2.5649493574615367,2.0215475632609334,0.07138999608667294
8.1,0.575,0.22,2.1,0.077,12.0,65.0,0.9967,3.29,0.51,9.2,0.18461538461254437,8.674999999999999,9.230460510454037,10.8241,2.322387720290225,1.1314021114911006,0.07417939817425151
11.0,0.3,0.58,2.1,0.054,7.0,19.0,0.998,3.31,0.88,10.5,0.3684210526121884,11.3,10.52104207362621,10.956100000000001,2.4423470353692043,1.1314021114911006,0.05259245011917058
6.4,0.67,0.08,2.1,0.045,19.0,48.0,0.9949,3.49,0.49,11.4,0.39583333332508686,7.07,11.458438022456088,12.180100000000001,2.517696472610991,1.1314021114911006,0.04401688541677432
12.5,0.6,0.49,4.3,0.1,5.0,14.0,1.001,3.25,0.74,11.9,0.35714285711734695,13.1,11.888111876235653,10.5625,2.5572273113676265,1.667706820558076,0.09531017980432487
8.0,0.59,0.16,1.8,0.065,3.0,16.0,0.9962,3.42,0.92,10.5,0.18749999998828126,8.59,10.540052187773489,11.696399999999999,2.4423470353692043,1.0296194171811583,0.06297479916138844
6.8,0.56,0.03,1.7,0.084,18.0,35.0,0.9968,3.44,0.63,10.0,0.5142857142710204,7.359999999999999,10.032102718667634,11.833599999999999,2.3978952727983707,0.9932517730102834,0.08065790301745447
6.2,0.6,0.08,2.0,0.09,32.0,44.0,0.9949,3.45,0.58,10.5,0.7272727272561984,6.8,10.553824494367449,11.902500000000002,2.4423470353692043,1.0986122886681096,0.08617769624105233
9.9,0.5,0.24,2.3,0.103,6.0,14.0,0.9978,3.34,0.52,10.0,0.4285714285408163,10.4,10.022048496670626,11.1556,2.3978952727983707,1.1939224684724346,0.09803374027136541
7.5,0.52,0.16,1.9,0.085,12.0,35.0,0.9968,3.38,0.62,9.5,0.342857142847347,8.02,9.530497582734252,11.424399999999999,2.3513752571634776,1.0647107369924282,0.08157998699242287
5.6,0.66,0.0,2.2,0.087,3.0,11.0,0.99378,3.71,0.63,12.8,0.2727272727024793,6.26,12.880114298053781,13.7641,2.624668592163159,1.1631508098056809,0.08342160813907239
8.0,0.3,0.63,1.6,0.081,16.0,29.0,0.99588,3.3,0.78,10.8,0.5517241379120095,8.3,10.844680071048039,10.889999999999999,2.468099531471619,0.9555114450274365,0.07788653865707122
6.8,0.67,0.02,1.8,0.05,5.0,11.0,0.9962,3.48,0.52,9.5,0.45454545450413225,7.47,9.536237693699823,12.1104,2.3513752571634776,1.0296194171811583,0.04879016416943201
7.5,0.6,0.03,1.8,0.095,25.0,99.0,0.995,3.35,0.54,10.1,0.25252525252270175,8.1,10.150753758642459,11.2225,2.4069451083182885,1.0296194171811583,0.09075436326846414
8.1,0.87,0.0,2.2,0.084,10.0,31.0,0.99656,3.25,0.5,9.8,0.32258064515088447,8.969999999999999,9.833828359723622,10.5625,2.379546134130174,1.1631508098056809,0.08065790301745447
12.5,0.46,0.49,4.5,0.07,26.0,49.0,0.9981,3.05,0.57,9.6,0.5306122448871304,12.96,9.618274712335163,9.302499999999998,2.3608540011180215,1.7047480922384253,0.06765864847381481
7.6,0.49,0.33,1.9,0.074,27.0,85.0,0.99706,3.41,0.58,9.0,0.3176470588197924,8.09,9.026538012730892,11.628100000000002,2.302585092994046,1.0647107369924282,0.07138999608667294
7.5,0.4,0.18,1.6,0.079,24.0,58.0,0.9965,3.34,0.58,9.4,0.4137931034411415,7.9,9.433015544974396,11.1556,2.341805806147327,0.9555114450274365,0.0760346862759976
8.6,0.33,0.4,2.6,0.083,16.0,68.0,0.99782,3.3,0.48,9.4,0.23529411764359862,8.93,9.420536760717829,10.889999999999999,2.341805806147327,1.2809338454620645,0.07973496801885356
6.0,0.51,0.0,2.1,0.064,40.0,54.0,0.995,3.54,0.93,10.7,0.7407407407270233,6.51,10.753768833413297,12.531600000000001,2.4595888418037104,1.1314021114911006,0.06203539091945264
7.1,0.735,0.16,1.9,0.1,15.0,77.0,0.9966,3.27,0.64,9.3,0.19480519480266487,7.835,9.331727865410668,10.6929,2.33214389523559,1.0647107369924282,0.09531017980432487
10.2,0.29,0.49,2.6,0.059,5.0,13.0,0.9976,3.05,0.74,10.5,0.3846153845857988,10.489999999999998,10.525260614950621,9.302499999999998,2.4423470353692043,1.2809338454620645,0.0573250666192694
5.4,0.74,0.09,1.7,0.089,16.0,26.0,0.99402,3.67,0.56,11.6,0.6153846153609468,6.140000000000001,11.66978530445083,13.4689,2.533696813957432,0.9932517730102834,0.08525984395082342
7.0,0.36,0.21,2.4,0.086,24.0,69.0,0.99556,3.4,0.53,10.1,0.34782608695148076,7.36,10.145043985149018,11.559999999999999,2.4069451083182885,1.2237754316221157,0.08250122151174369
9.1,0.76,0.68,1.7,0.414,18.0,64.0,0.99652,2.9,1.33,9.1,0.28124999999560546,9.86,9.131778580327762,8.41,2.312535423847214,0.9932517730102834,0.346422567474381
7.8,0.54,0.26,2.0,0.088,23.0,48.0,0.9981,3.41,0.74,9.2,0.47916666665668406,8.34,9.217513265987863,11.628100000000002,2.322387720290225,1.0986122886681096,0.08434114843375087
7.0,0.69,0.08,1.8,0.097,22.0,89.0,0.9959,3.34,0.54,9.2,0.24719101123317763,7.6899999999999995,9.237875279407696,11.1556,2.322387720290225,1.0296194171811583,0.0925791812930932
9.5,0.78,0.22,1.9,0.077,6.0,32.0,0.9988,3.26,0.56,10.6,0.18749999999414066,10.28,10.612735271713321,10.6276,2.451005098112319,1.0647107369924282,0.07417939817425151
6.5,0.4,0.1,2.0,0.076,30.0,47.0,0.99554,3.36,0.48,9.4,0.6382978723268448,6.9,9.442111809227042,11.289599999999998,2.341805806147327,1.0986122886681096,0.07325046173959267
7.8,0.6,0.14,2.4,0.086,3.0,15.0,0.9975,3.42,0.6,10.8,0.19999999998666668,8.4,10.827067658318729,11.696399999999999,2.468099531471619,1.2237754316221157,0.08250122151174369
7.3,0.835,0.03,2.1,0.092,10.0,19.0,0.9966,3.39,0.47,9.6,0.5263157894459833,8.135,9.632751344940043,11.4921,2.3608540011180215,1.1314021114911006,0.0880108773227133
9.6,0.32,0.47,1.4,0.056,9.0,24.0,0.99695,3.22,0.82,10.3,0.374999999984375,9.92,10.331511098518973,10.368400000000001,2.424802725718295,0.8754687373538999,0.054488185284069734
9.2,0.52,1.0,3.4,0.61,32.0,69.0,0.9996,2.74,2.0,9.4,0.4637681159353077,9.719999999999999,9.403761495194317,7.507600000000001,2.341805806147327,1.4816045409242156,0.4762341789963716
8.0,0.64,0.22,2.4,0.094,5.0,33.0,0.99612,3.37,0.58,11.0,0.15151515151056016,8.64,11.042846232338627,11.356900000000001,2.4849066497880004,1.2237754316221157,0.08984070399978947
12.5,0.37,0.55,2.6,0.083,25.0,68.0,0.9995,3.15,0.82,10.4,0.3676470588181228,12.87,10.405202590890243,9.9225,2.4336133554004498,1.2809338454620645,0.07973496801885356
7.2,0.34,0.24,2.0,0.071,30.0,52.0,0.99576,3.44,0.58,10.1,0.5769230769119823,7.54,10.143006336724707,11.833599999999999,2.4069451083182885,1.0986122886681096,0.06859279146561172
6.9,0.54,0.3,2.2,0.088,9.0,105.0,0.99725,3.25,1.18,10.5,0.08571428571346938,7.44,10.528954614661364,10.5625,2.4423470353692043,1.1631508098056809,0.08434114843375087
8.3,0.655,0.12,2.3,0.083,15.0,113.0,0.9966,3.17,0.66,9.8,0.1327433628306837,8.955,9.833433664626297,10.0489,2.379546134130174,1.1939224684724346,0.07973496801885356
12.3,0.39,0.63,2.3,0.091,6.0,18.0,1.0004,3.16,0.49,9.5,0.3333333333148148,12.690000000000001,9.496201509899839,9.985600000000002,2.3513752571634776,1.1939224684724346,0.08709470685093376
10.5,0.39,0.46,2.2,0.075,14.0,27.0,0.99598,3.06,0.84,11.4,0.5185185184993141,10.89,11.446012960655825,9.3636,2.517696472610991,1.1631508098056809,0.07232066157962612
6.4,0.56,0.15,1.8,0.078,17.0,65.0,0.99294,3.33,0.6,10.5,0.2615384615344379,6.960000000000001,10.574657068327737,11.0889,2.4423470353692043,1.0296194171811583,0.07510747248680541
10.3,0.53,0.48,2.5,0.063,6.0,25.0,0.9998,3.12,0.59,9.3,0.2399999999904,10.83,9.301860362770695,9.7344,2.33214389523559,1.252762968495368,0.061095099359810875
5.6,0.85,0.05,1.4,0.045,12.0,88.0,0.9924,3.56,0.82,12.9,0.13636363636208676,6.449999999999999,12.998790797058858,12.6736,2.631888840136646,0.8754687373538999,0.04401688541677432
6.7,0.7,0.08,3.75,0.067,8.0,16.0,0.99334,3.43,0.52,12.6,0.49999999996875,7.4,12.684478614890693,11.7649,2.6100697927420065,1.55814461804655,0.06485097231961631
7.6,0.54,0.02,1.7,0.085,17.0,31.0,0.99589,3.37,0.51,10.4,0.5483870967565037,8.14,10.44292039236972,11.356900000000001,2.4336133554004498,0.9932517730102834,0.08157998699242287
7.9,0.43,0.21,1.6,0.106,10.0,37.0,0.9966,3.17,0.91,9.5,0.2702702702629657,8.33,9.53241018509692,10.0489,2.3513752571634776,0.9555114450274365,0.10074990310014305
13.8,0.49,0.67,3.0,0.093,6.0,15.0,0.9986,3.02,0.93,12.0,0.39999999997333335,14.290000000000001,12.016823540940493,9.1204,2.5649493574615367,1.3862943611198906,0.0889262091944015
6.3,0.76,0.0,2.9,0.072,26.0,52.0,0.99379,3.51,0.6,11.5,0.49999999999038464,7.06,11.571861246770585,12.320099999999998,2.5257286443082556,1.3609765531356006,0.06952606264861023
11.9,0.38,0.51,2.0,0.121,7.0,20.0,0.9996,3.24,0.76,10.4,0.3499999999825,12.280000000000001,10.40416165425754,10.497600000000002,2.4336133554004498,1.0986122886681096,0.11422114409002286
7.6,0.52,0.12,3.0,0.067,12.0,53.0,0.9971,3.36,0.57,9.1,0.22641509433535068,8.12,9.126466744432387,11.289599999999998,2.312535423847214,1.3862943611198906,0.06485097231961631
6.9,0.55,0.15,2.2,0.076,19.0,40.0,0.9961,3.41,0.59,10.1,0.47499999998812503,7.45,10.139544212288381,11.628100000000002,2.4069451083182885,1.1631508098056809,0.07325046173959267
6.5,0.53,0.06,2.0,0.063,29.0,44.0,0.99489,3.38,0.83,10.3,0.6590909090759298,7.03,10.352903325641122,11.424399999999999,2.424802725718295,1.0986122886681096,0.061095099359810875
11.6,0.53,0.66,3.65,0.121,6.0,14.0,0.9978,3.05,0.74,11.5,0.4285714285408163,12.129999999999999,11.52535577117122,9.302499999999998,2.5257286443082556,1.536867219599265,0.11422114409002286
8.2,0.35,0.33,2.4,0.076,11.0,47.0,0.99599,3.27,0.81,11.0,0.23404255318650974,8.549999999999999,11.044287582160175,10.6929,2.4849066497880004,1.2237754316221157,0.07325046173959267
7.9,0.51,0.25,2.9,0.077,21.0,45.0,0.9974,3.49,0.96,12.1,0.46666666665629636,8.41,12.131541997060816,12.180100000000001,2.5726122302071057,1.3609765531356006,0.07417939817425151
10.5,0.24,0.42,1.8,0.077,6.0,22.0,0.9976,3.21,1.05,10.8,0.272727272714876,10.74,10.825982346806354,10.3041,2.468099531471619,1.0296194171811583,0.07417939817425151
7.4,0.59,0.08,4.4,0.086,6.0,29.0,0.9974,3.38,0.5,9.0,0.20689655171700358,7.99,9.023460989549369,11.424399999999999,2.302585092994046,1.6863989535702286,0.08250122151174369
8.2,0.28,0.6,3.0,0.104,10.0,22.0,0.99828,3.39,0.68,10.6,0.4545454545247934,8.479999999999999,10.618263402433923,11.4921,2.451005098112319,1.3862943611198906,0.09893994785490356
8.0,1.18,0.21,1.9,0.083,14.0,41.0,0.99532,3.34,0.47,10.5,0.341463414625818,9.18,10.549371045945655,11.1556,2.4423470353692043,1.0647107369924282,0.07973496801885356
7.1,0.63,0.06,2.0,0.083,8.0,29.0,0.99855,3.67,0.73,9.6,0.27586206895600474,7.7299999999999995,9.613940203681397,13.4689,2.3608540011180215,1.0986122886681096,0.07973496801885356
10.3,0.34,0.52,2.8,0.159,15.0,75.0,0.9998,3.18,0.64,9.4,0.1999999999973333,10.64,9.401880366671454,10.112400000000001,2.341805806147327,1.33500106673234,0.14755756435761466
8.6,0.38,0.36,3.0,0.081,30.0,119.0,0.997,3.2,0.56,9.4,0.252100840334016,8.98,9.428284845107036,10.240000000000002,2.341805806147327,1.3862943611198906,0.07788653865707122
7.7,0.935,0.43,2.2,0.114,22.0,114.0,0.997,3.25,0.73,9.2,0.19298245613865805,8.635,9.227683039891993,10.5625,2.322387720290225,1.1631508098056809,0.10795714150509228
9.0,0.46,0.23,2.8,0.092,28.0,104.0,0.9983,3.1,0.56,9.2,0.26923076922818046,9.46,9.21566662404521,9.610000000000001,2.322387720290225,1.33500106673234,0.0880108773227133
10.4,0.41,0.55,3.2,0.076,22.0,54.0,0.9996,3.15,0.89,9.9,0.40740740739986286,10.81,9.90396157472593,9.9225,2.388762789235098,1.4350845252893227,0.07325046173959267
8.1,1.33,0.0,1.8,0.082,3.0,12.0,0.9964,3.54,0.48,10.9,0.24999999997916666,9.43,10.93938176340889,12.531600000000001,2.4765384001174837,1.0296194171811583,0.07881118042428978
8.9,0.62,0.19,3.9,0.17,51.0,148.0,0.9986,3.17,0.93,9.2,0.34459459459226627,9.52,9.212898048054377,10.0489,2.322387720290225,1.589235205116581,0.15700374880966475
7.3,0.67,0.05,3.6,0.107,6.0,20.0,0.9972,3.4,0.63,10.1,0.299999999985,7.97,10.128359396180947,11.559999999999999,2.4069451083182885,1.5260563034950494,0.10165365372649983
8.3,0.42,0.38,2.5,0.094,24.0,60.0,0.9979,3.31,0.7,10.8,0.39999999999333335,8.72,10.82272771738378,10.956100000000001,2.468099531471619,1.252762968495368,0.08984070399978947
6.6,0.735,0.02,7.9,0.122,68.0,124.0,0.9994,3.47,0.53,9.9,0.548387096769771,7.335,9.905943556227793,12.0409,2.388762789235098,2.186051276738094,0.11511280710050457
10.4,0.61,0.49,2.1,0.2,5.0,16.0,0.9994,3.16,0.63,8.4,0.31249999998046873,11.01,8.4050430174054,9.985600000000002,2.2407096892759584,1.1314021114911006,0.18232155679395462
8.1,0.38,0.28,2.1,0.066,13.0,30.0,0.9968,3.23,0.73,9.7,0.4333333333188889,8.48,9.731139637107605,10.4329,2.3702437414678603,1.1314021114911006,0.0639133257436528
7.2,0.63,0.03,2.2,0.08,17.0,88.0,0.99745,3.53,0.58,9.8,0.19318181817962293,7.83,9.825053877562732,12.460899999999999,2.379546134130174,1.1631508098056809,0.07696104113612832
7.0,0.56,0.17,1.7,0.065,15.0,24.0,0.99514,3.44,0.68,10.55,0.6249999999739584,7.5600000000000005,10.60152339308889,11.833599999999999,2.446685436967803,0.9932517730102834,0.06297479916138844
5.9,0.29,0.25,13.4,0.067,72.0,160.0,0.99721,3.33,0.54,10.3,0.44999999999718754,6.19,10.328817390189812,11.0889,2.424802725718295,2.667228206581955,0.06485097231961631
8.8,0.55,0.04,2.2,0.119,14.0,56.0,0.9962,3.21,0.6,10.9,0.24999999999553574,9.350000000000001,10.941577985402954,10.3041,2.4765384001174837,1.1631508098056809,0.11243542932978817
10.4,0.43,0.5,2.3,0.068,13.0,19.0,0.996,3.1,0.87,11.4,0.6842105262797784,10.83,11.445783121038371,9.610000000000001,2.517696472610991,1.1939224684724346,0.0657877405380031
10.3,0.41,0.42,2.4,0.213,6.0,14.0,0.9994,3.19,0.62,9.5,0.4285714285408163,10.71,9.505703412541822,10.1761,2.3513752571634776,1.2237754316221157,0.19309662996191307
11.3,0.62,0.67,5.2,0.086,6.0,19.0,0.9988,3.22,0.69,13.4,0.31578947366759,11.92,13.416099305750802,10.368400000000001,2.667228206581955,1.8245492920510458,0.08250122151174369
7.6,0.36,0.31,1.7,0.079,26.0,65.0,0.99716,3.46,0.62,9.5,0.3999999999938461,7.96,9.52705683187547,11.9716,2.3513752571634776,0.9932517730102834,0.0760346862759976
5.7,0.6,0.0,1.4,0.063,11.0,18.0,0.99191,3.45,0.56,12.2,0.6111111110771605,6.3,12.299502966701109,11.902500000000002,2.580216829592325,0.8754687373538999,0.061095099359810875
7.1,0.43,0.42,5.5,0.07,29.0,129.0,0.9973,3.42,0.72,10.5,0.22480620154864492,7.529999999999999,10.528426741674094,11.696399999999999,2.4423470353692043,1.8718021769015913,0.06765864847381481
7.9,0.33,0.23,1.7,0.077,18.0,45.0,0.99625,3.29,0.65,9.3,0.39999999999111113,8.23,9.335006264155579,10.8241,2.33214389523559,0.9932517730102834,0.07417939817425151
6.9,0.67,0.06,2.1,0.08,8.0,33.0,0.99845,3.68,0.71,9.6,0.24242424241689625,7.57,9.614903090174868,13.5424,2.3608540011180215,1.1314021114911006,0.07696104113612832
9.9,0.54,0.45,2.3,0.071,16.0,40.0,0.9991,3.39,0.62,9.4,0.39999999999,10.440000000000001,9.40846761144183,11.4921,2.341805806147327,1.1939224684724346,0.06859279146561172
9.2,0.31,0.36,2.2,0.079,11.0,31.0,0.99615,3.33,0.86,12.0,0.3548387096659729,9.51,12.046378545353232,11.0889,2.5649493574615367,1.1631508098056809,0.0760346862759976
10.9,0.53,0.49,4.6,0.118,10.0,17.0,1.0002,3.07,0.56,11.7,0.588235294083045,11.43,11.697660456211096,9.4249,2.5416019934645457,1.7227665977411035,0.11154137473290741
8.9,0.28,0.45,1.7,0.067,7.0,12.0,0.99354,3.25,0.55,12.3,0.5833333332847223,9.18,12.379974623689058,10.5625,2.5877640352277083,0.9932517730102834,0.06485097231961631
6.6,0.58,0.02,2.4,0.069,19.0,40.0,0.99387,3.38,0.66,12.6,0.47499999998812503,7.18,12.677714376449924,11.424399999999999,2.6100697927420065,1.2237754316221157,0.06672363204290818
8.2,0.57,0.26,2.2,0.06,28.0,65.0,0.9959,3.3,0.43,10.1,0.43076923076260354,8.77,10.141580469784536,10.889999999999999,2.4069451083182885,1.1631508098056809,0.058268908123975775
8.7,0.54,0.26,2.5,0.097,7.0,31.0,0.9976,3.27,0.6,9.3,0.22580645160561916,9.239999999999998,9.322373687527694,10.6929,2.33214389523559,1.252762968495368,0.0925791812930932
7.3,0.58,0.3,2.4,0.074,15.0,55.0,0.9968,3.46,0.59,10.2,0.27272727272231406,7.88,10.232744773040986,11.9716,2.4159137783010487,1.2237754316221157,0.07138999608667294
7.9,0.24,0.4,1.6,0.056,11.0,25.0,0.9967,3.32,0.87,8.7,0.4399999999824,8.14,8.728805047929361,11.0224,2.272125885509337,0.9555114450274365,0.054488185284069734
7.2,1.0,0.0,3.0,0.102,7.0,16.0,0.99586,3.43,0.46,10.0,0.43749999997265626,8.2,10.041572098445995,11.7649,2.3978952727983707,1.3862943611198906,0.09712671073072274
7.4,0.64,0.17,5.4,0.168,52.0,98.0,0.99736,3.28,0.5,9.5,0.5306122448925448,8.040000000000001,9.525146376909897,10.758399999999998,2.3513752571634776,1.8562979903656263,0.15529288440603534
9.4,0.27,0.53,2.4,0.074,6.0,18.0,0.9962,3.2,1.13,12.0,0.3333333333148148,9.67,12.045773928883985,10.240000000000002,2.5649493574615367,1.2237754316221157,0.07138999608667294
10.8,0.5,0.46,2.5,0.073,5.0,27.0,1.0001,3.05,0.64,9.5,0.18518518517832647,11.3,9.4990500854924,9.302499999999998,2.3513752571634776,1.252762968495368,0.07045846364856141
7.6,0.95,0.03,2.0,0.09,7.0,20.0,0.9959,3.2,0.56,9.6,0.3499999999825,8.549999999999999,9.639522030686292,10.240000000000002,2.3608540011180215,1.0986122886681096,0.08617769624105233
5.4,0.58,0.08,1.9,0.059,20.0,31.0,0.99484,3.5,0.64,10.2,0.6451612903017689,5.98,10.252904979441011,12.25,2.4159137783010487,1.0647107369924282,0.0573250666192694
11.6,0.44,0.64,2.1,0.059,5.0,15.0,0.998,3.21,0.67,10.2,0.3333333333111111,12.04,10.220440871522603,10.3041,2.4159137783010487,1.1314021114911006,0.0573250666192694
7.7,0.57,0.21,1.5,0.069,4.0,9.0,0.99458,3.16,0.54,9.8,0.4444444443950617,8.27,9.853405447672984,9.985600000000002,2.379546134130174,0.9162907318741551,0.06672363204290818
13.5,0.53,0.79,4.8,0.12,23.0,77.0,1.0018,3.18,0.77,13.0,0.29870129869741946,14.03,12.976642031366897,10.112400000000001,2.639057329615259,1.7578579175523736,0.11332868530700317
6.8,0.775,0.0,3.0,0.102,8.0,23.0,0.9965,3.45,0.56,10.7,0.3478260869413989,7.575,10.737581524598513,11.902500000000002,2.4595888418037104,1.3862943611198906,0.09712671073072274
7.7,0.56,0.2,2.0,0.075,9.0,39.0,0.9987,3.48,0.62,9.3,0.23076923076331363,8.26,9.312105728134469,12.1104,2.33214389523559,1.0986122886681096,0.07232066157962612
8.4,0.62,0.12,1.8,0.072,38.0,46.0,0.99504,3.38,0.89,11.8,0.8260869565037808,9.02,11.85881973402193,11.424399999999999,2.5494451709255714,1.0296194171811583,0.06952606264861023
7.0,0.51,0.09,2.1,0.062,4.0,9.0,0.99584,3.35,0.54,10.5,0.4444444443950617,7.51,10.543862457278417,11.2225,2.4423470353692043,1.1314021114911006,0.06015392281974709
7.8,0.58,0.02,2.0,0.073,9.0,18.0,0.9968,3.36,0.57,9.5,0.4999999999722222,8.379999999999999,9.530497582734252,11.289599999999998,2.3513752571634776,1.0986122886681096,0.07045846364856141
7.0,0.745,0.12,1.8,0.114,15.0,64.0,0.99588,3.22,0.59,9.5,0.23437499999633787,7.745,9.539301914347812,10.368400000000001,2.3513752571634776,1.0296194171811583,0.10795714150509228
7.2,0.415,0.36,2.0,0.081,13.0,45.0,0.9972,3.48,0.64,9.2,0.28888888888246916,7.615,9.225832321273733,12.1104,2.322387720290225,1.0986122886681096,0.07788653865707122
8.8,0.27,0.46,2.1,0.095,20.0,29.0,0.99488,3.26,0.56,11.3,0.6896551723900118,9.07,11.358153735768985,10.6276,2.509599262378372,1.1314021114911006,0.09075436326846414
7.2,0.45,0.15,2.0,0.078,10.0,28.0,0.99609,3.29,0.51,9.9,0.357142857130102,7.65,9.93886093632216,10.8241,2.388762789235098,1.0986122886681096,0.07510747248680541
7.8,0.52,0.25,1.9,0.081,14.0,38.0,0.9984,3.43,0.65,9.0,0.3684210526218837,8.32,9.014423067894208,11.7649,2.302585092994046,1.0647107369924282,0.07788653865707122
6.6,0.61,0.01,1.9,0.08,8.0,25.0,0.99746,3.69,0.73,10.5,0.3199999999872,7.21,10.526737903748785,13.6161,2.4423470353692043,1.0647107369924282,0.07696104113612832
9.5,0.37,0.52,2.0,0.088,12.0,51.0,0.99613,3.29,0.58,11.1,0.23529411764244523,9.87,11.143123878265765,10.8241,2.4932054526026954,1.0986122886681096,0.08434114843375087
7.0,0.43,0.3,2.0,0.085,6.0,39.0,0.99346,3.33,0.46,11.9,0.1538461538422091,7.43,11.978338320638638,11.0889,2.5572273113676265,1.0986122886681096,0.08157998699242287
7.6,0.31,0.34,2.5,0.082,26.0,35.0,0.99356,3.22,0.59,12.5,0.7428571428359184,7.909999999999999,12.581021767602337,10.368400000000001,2.6026896854443837,1.252762968495368,0.07881118042428978
7.1,0.755,0.15,1.8,0.107,20.0,84.0,0.99593,3.19,0.5,9.5,0.23809523809240363,7.8549999999999995,9.538823000071469,10.1761,2.3513752571634776,1.0296194171811583,0.10165365372649983
6.2,0.44,0.39,2.5,0.077,6.0,14.0,0.99555,3.51,0.69,11.0,0.4285714285408163,6.640000000000001,11.049168790066627,12.320099999999998,2.4849066497880004,1.252762968495368,0.07417939817425151
9.4,0.3,0.56,2.8,0.08,6.0,17.0,0.9964,3.15,0.92,11.7,0.352941176449827,9.700000000000001,11.742272168062755,9.9225,2.5416019934645457,1.33500106673234,0.07696104113612832
10.2,0.33,0.46,1.9,0.081,6.0,9.0,0.99628,3.1,0.48,10.4,0.6666666665925925,10.53,10.438832446261259,9.610000000000001,2.4336133554004498,1.0647107369924282,0.07788653865707122
10.4,0.34,0.58,3.7,0.174,6.0,16.0,0.997,3.19,0.7,11.3,0.3749999999765625,10.74,11.334001994649949,10.1761,2.509599262378372,1.547562508716013,0.16041672140590468
6.5,0.615,0.0,1.9,0.065,9.0,18.0,0.9972,3.46,0.65,9.2,0.4999999999722222,7.115,9.225832321273733,11.9716,2.322387720290225,1.0647107369924282,0.06297479916138844
7.1,0.75,0.01,2.2,0.059,11.0,18.0,0.99242,3.39,0.4,12.8,0.6111111110771605,7.85,12.897765046152069,11.4921,2.624668592163159,1.1631508098056809,0.0573250666192694
8.8,0.24,0.35,1.7,0.055,13.0,27.0,0.99394,3.14,0.59,11.3,0.48148148146364883,9.040000000000001,11.368895495332822,9.8596,2.509599262378372,0.9932517730102834,0.053540766928029816
9.9,0.59,0.07,3.4,0.102,32.0,71.0,1.00015,3.31,0.71,9.8,0.4507042253457647,10.49,9.798530210669869,10.956100000000001,2.379546134130174,1.4816045409242156,0.09712671073072274
7.9,0.33,0.41,1.5,0.056,6.0,35.0,0.99396,3.29,0.71,11.0,0.1714285714236735,8.23,11.066843725032353,10.8241,2.4849066497880004,0.9162907318741551,0.054488185284069734
9.1,0.28,0.46,9.0,0.114,3.0,9.0,0.99901,3.18,0.6,10.9,0.3333333332962963,9.379999999999999,10.910801682755126,10.112400000000001,2.4765384001174837,2.302585092994046,0.10795714150509228
9.9,0.49,0.58,3.5,0.094,9.0,43.0,1.0004,3.29,0.58,9.0,0.20930232557652786,10.39,8.996401430431426,10.8241,2.302585092994046,1.5040773967762742,0.08984070399978947
7.3,0.59,0.26,2.0,0.08,17.0,104.0,0.99584,3.28,0.52,9.9,0.16346153845996672,7.89,9.941356031148223,10.758399999999998,2.388762789235098,1.0986122886681096,0.07696104113612832
7.3,0.305,0.39,1.2,0.059,7.0,11.0,0.99331,3.29,0.52,11.5,0.6363636363057851,7.6049999999999995,11.57745314999602,10.8241,2.5257286443082556,0.7884573603642702,0.0573250666192694
8.1,0.825,0.24,2.1,0.084,5.0,13.0,0.9972,3.37,0.77,10.7,0.3846153845857988,8.924999999999999,10.730044112785755,11.356900000000001,2.4595888418037104,1.1314021114911006,0.08065790301745447
8.2,1.33,0.0,1.7,0.081,3.0,12.0,0.9964,3.53,0.49,10.9,0.24999999997916666,9.53,10.93938176340889,12.460899999999999,2.4765384001174837,0.9932517730102834,0.07788653865707122
7.8,0.82,0.29,4.3,0.083,21.0,64.0,0.99642,3.16,0.53,9.4,0.32812499999487305,8.62,9.43377289753942,9.985600000000002,2.341805806147327,1.667706820558076,0.07973496801885356
7.0,0.4,0.32,3.6,0.061,9.0,29.0,0.99416,3.28,0.49,11.3,0.31034482757550536,7.4,11.366379645764887,10.758399999999998,2.509599262378372,1.5260563034950494,0.05921185963184608
6.5,0.9,0.0,1.6,0.052,9.0,17.0,0.99467,3.5,0.63,10.9,0.5294117646747405,7.4,10.958408305308888,12.25,2.4765384001174837,0.9555114450274365,0.050693114315518116
7.1,0.68,0.0,2.2,0.073,12.0,22.0,0.9969,3.48,0.5,9.3,0.545454545429752,7.779999999999999,9.328919641559917,12.1104,2.33214389523559,1.1631508098056809,0.07045846364856141
8.4,0.56,0.08,2.1,0.105,16.0,44.0,0.9958,3.13,0.52,11.0,0.3636363636280992,8.96,11.046394847312317,9.796899999999999,2.4849066497880004,1.1314021114911006,0.09984533496971613
7.1,0.46,0.14,2.8,0.076,15.0,37.0,0.99624,3.36,0.49,10.7,0.4054054053944485,7.56,10.740383832469702,11.289599999999998,2.4595888418037104,1.33500106673234,0.07325046173959267
7.5,0.77,0.2,8.1,0.098,30.0,92.0,0.99892,3.2,0.58,9.2,0.3260869565181947,8.27,9.209946733261976,10.240000000000002,2.322387720290225,2.2082744135228043,0.09349034308733889
7.1,0.22,0.49,1.8,0.039,8.0,18.0,0.99344,3.39,0.56,12.4,0.44444444441975306,7.319999999999999,12.481881127715937,11.4921,2.5952547069568657,1.0296194171811583,0.03825871211709034
8.4,0.37,0.53,1.8,0.413,9.0,26.0,0.9979,3.06,1.06,9.1,0.3461538461405325,8.77,9.11915020631411,9.3636,2.312535423847214,1.0296194171811583,0.3457151037023904
10.6,0.83,0.37,2.6,0.086,26.0,70.0,0.9981,3.16,0.52,9.9,0.3714285714232653,11.43,9.918845797095637,9.985600000000002,2.388762789235098,1.2809338454620645,0.08250122151174369
10.5,0.59,0.49,2.1,0.07,14.0,47.0,0.9991,3.3,0.56,9.6,0.29787234041919425,11.09,9.608647773387402,10.889999999999999,2.3608540011180215,1.1314021114911006,0.06765864847381481
8.2,0.51,0.24,2.0,0.079,16.0,86.0,0.99764,3.34,0.64,9.5,0.18604651162574365,8.709999999999999,9.522473026820824,11.1556,2.3513752571634776,1.0986122886681096,0.0760346862759976
8.4,0.39,0.1,1.7,0.075,6.0,25.0,0.99581,3.09,0.43,9.7,0.2399999999904,8.790000000000001,9.740814000923054,9.5481,2.3702437414678603,0.9932517730102834,0.07232066157962612
9.8,1.24,0.34,2.0,0.079,32.0,151.0,0.998,3.15,0.53,9.5,0.21192052979992107,11.040000000000001,9.51903806661419,9.9225,2.3513752571634776,1.0986122886681096,0.0760346862759976
9.1,0.37,0.32,2.1,0.064,4.0,15.0,0.99576,3.3,0.8,11.2,0.2666666666488889,9.469999999999999,11.247690195179873,10.889999999999999,2.501435951739211,1.1314021114911006,0.06203539091945264
7.1,0.35,0.29,2.5,0.096,20.0,53.0,0.9962,3.42,0.65,11.0,0.3773584905589178,7.449999999999999,11.04195943481032,11.696399999999999,2.4849066497880004,1.252762968495368,0.0916671885258238
7.0,0.54,0.0,2.1,0.079,39.0,55.0,0.9956,3.39,0.84,11.4,0.7090909090780165,7.54,11.450381667888328,11.4921,2.517696472610991,1.1314021114911006,0.0760346862759976
7.7,0.66,0.04,1.6,0.039,4.0,9.0,0.9962,3.4,0.47,9.4,0.4444444443950617,8.36,9.435856244292456,11.559999999999999,2.341805806147327,0.9555114450274365,0.03825871211709034
10.5,0.51,0.64,2.4,0.107,6.0,15.0,0.9973,3.09,0.66,11.8,0.39999999997333335,11.01,11.831946243024221,9.5481,2.5494451709255714,1.2237754316221157,0.10165365372649983
9.7,0.66,0.34,2.6,0.094,12.0,88.0,0.99796,3.26,0.66,10.1,0.13636363636208676,10.36,10.120646107939551,10.6276,2.4069451083182885,1.2809338454620645,0.08984070399978947
9.1,0.47,0.49,2.6,0.094,38.0,106.0,0.9982,3.08,0.59,9.1,0.35849056603435386,9.57,9.116409528034051,9.4864,2.312535423847214,1.2809338454620645,0.08984070399978947
9.2,0.56,0.18,1.6,0.078,10.0,21.0,0.99576,3.15,0.49,9.9,0.47619047616780047,9.76,9.942154726096495,9.9225,2.388762789235098,0.9555114450274365,0.07510747248680541
9.1,0.29,0.33,2.05,0.063,13.0,27.0,0.99516,3.26,0.84,11.7,0.48148148146364883,9.389999999999999,11.756903400702496,10.6276,2.5416019934645457,1.11514159061932,0.061095099359810875
8.1,0.29,0.36,2.2,0.048,35.0,53.0,0.995,3.27,1.01,12.4,0.6603773584781061,8.389999999999999,12.46231154526401,10.6929,2.5952547069568657,1.1631508098056809,0.04688358589885042
8.2,0.28,0.4,2.4,0.052,4.0,10.0,0.99356,3.33,0.7,12.8,0.39999999996,8.479999999999999,12.882966290024795,11.0889,2.624668592163159,1.2237754316221157,0.050693114315518116
6.7,0.62,0.21,1.9,0.079,8.0,62.0,0.997,3.52,0.58,9.3,0.12903225806243498,7.32,9.327983942499516,12.3904,2.33214389523559,1.0647107369924282,0.0760346862759976
8.2,0.26,0.34,2.5,0.073,16.0,47.0,0.99594,3.4,0.78,11.3,0.34042553190765057,8.459999999999999,11.346065012605113,11.559999999999999,2.509599262378372,1.252762968495368,0.07045846364856141
6.2,0.36,0.24,2.2,0.095,19.0,42.0,0.9946,3.57,0.57,11.7,0.45238095237018144,6.5600000000000005,11.763523012503997,12.7449,2.5416019934645457,1.1631508098056809,0.09075436326846414
6.0,0.64,0.05,1.9,0.066,9.0,17.0,0.99496,3.52,0.78,10.6,0.5294117646747405,6.64,10.65369461018162,12.3904,2.451005098112319,1.0647107369924282,0.0639133257436528
12.0,0.37,0.76,4.2,0.066,7.0,38.0,1.0004,3.22,0.6,13.0,0.18421052631094184,12.37,12.994802066178726,10.368400000000001,2.639057329615259,1.6486586255873816,0.0639133257436528
12.0,0.5,0.59,1.4,0.073,23.0,42.0,0.998,2.92,0.68,10.5,0.5476190476060091,12.5,10.52104207362621,8.526399999999999,2.4423470353692043,0.8754687373538999,0.07045846364856141
9.0,0.36,0.52,2.1,0.111,5.0,10.0,0.99568,3.31,0.62,11.3,0.49999999995,9.36,11.34902778869815,10.956100000000001,2.509599262378372,1.1314021114911006,0.10526051065749295
6.8,0.69,0.0,5.6,0.124,21.0,58.0,0.9997,3.46,0.72,10.2,0.3620689655109988,7.49,10.203060908069359,11.9716,2.4159137783010487,1.8870696490323797,0.11689375147149933
9.0,0.62,0.04,1.9,0.146,27.0,90.0,0.9984,3.16,0.7,9.4,0.29999999999666666,9.62,9.415064093133951,9.985600000000002,2.341805806147327,1.0647107369924282,0.1362776182925478
7.2,0.38,0.31,2.0,0.056,15.0,29.0,0.99472,3.23,0.76,11.3,0.5172413792925089,7.58,11.359980686665613,10.4329,2.509599262378372,1.0986122886681096,0.054488185284069734
6.9,0.39,0.24,2.1,0.102,4.0,7.0,0.99462,3.44,0.58,11.4,0.5714285713469388,7.29,11.461663739456615,11.833599999999999,2.517696472610991,1.1314021114911006,0.09712671073072274
11.1,0.44,0.42,2.2,0.064,14.0,19.0,0.99758,3.25,0.57,10.4,0.7368421052243768,11.54,10.425229043860915,10.5625,2.4336133554004498,1.1631508098056809,0.06203539091945264
7.9,0.545,0.06,4.0,0.087,27.0,61.0,0.9965,3.36,0.67,10.7,0.44262295081241604,8.445,10.737581524598513,11.289599999999998,2.4595888418037104,1.6094379124341003,0.08342160813907239
10.0,0.35,0.45,2.5,0.092,20.0,88.0,0.99918,3.15,0.43,9.4,0.2272727272701446,10.35,9.40771431633168,9.9225,2.341805806147327,1.252762968495368,0.0880108773227133
8.8,0.685,0.26,1.6,0.088,16.0,23.0,0.99694,3.32,0.47,9.4,0.6956521738827978,9.485000000000001,9.428852278543491,11.0224,2.341805806147327,0.9555114450274365,0.08434114843375087
7.7,0.965,0.1,2.1,0.112,11.0,22.0,0.9963,3.26,0.5,9.5,0.49999999997727274,8.665000000000001,9.535280528419873,10.6276,2.3513752571634776,1.1314021114911006,0.10616019582839063
5.1,0.585,0.0,1.7,0.044,14.0,86.0,0.99264,3.56,0.94,12.9,0.16279069767252569,5.685,12.995647955960221,12.6736,2.631888840136646,0.9932517730102834,0.04305948946044697
7.2,0.655,0.03,1.8,0.078,7.0,12.0,0.99587,3.34,0.39,9.5,0.5833333332847223,7.855,9.539397702973885,11.1556,2.3513752571634776,1.0296194171811583,0.07510747248680541
11.5,0.315,0.54,2.1,0.084,5.0,15.0,0.9987,2.98,0.7,9.2,0.3333333333111111,11.815,9.211975559014743,8.8804,2.322387720290225,1.1314021114911006,0.08065790301745447
6.8,0.81,0.05,2.0,0.07,6.0,14.0,0.99562,3.51,0.66,10.8,0.4285714285408163,7.609999999999999,10.847512092115958,12.320099999999998,2.468099531471619,1.0986122886681096,0.06765864847381481
10.0,0.69,0.11,1.4,0.084,8.0,24.0,0.99578,2.88,0.47,9.7,0.3333333333194444,10.69,9.741107463755942,8.2944,2.3702437414678603,0.8754687373538999,0.08065790301745447
7.0,0.655,0.16,2.1,0.074,8.0,25.0,0.99606,3.37,0.55,9.7,0.3199999999872,7.655,9.738369164770829,11.356900000000001,2.3702437414678603,1.1314021114911006,0.07138999608667294
7.0,0.685,0.0,1.9,0.067,40.0,63.0,0.9979,3.6,0.81,9.9,0.6349206349105568,7.6850000000000005,9.92083374093513,12.96,2.388762789235098,1.0647107369924282,0.06485097231961631
10.6,0.42,0.48,2.7,0.065,5.0,18.0,0.9972,3.21,0.87,11.3,0.2777777777623457,11.02,11.331728829390567,10.3041,2.509599262378372,1.308332819650179,0.06297479916138844
6.8,0.68,0.21,2.1,0.07,9.0,23.0,0.99546,3.38,0.6,10.3,0.39130434780907375,7.4799999999999995,10.346975257321263,11.424399999999999,2.424802725718295,1.1314021114911006,0.06765864847381481
4.6,0.52,0.15,2.1,0.054,8.0,65.0,0.9934,3.9,0.56,13.1,0.12307692307502958,5.119999999999999,13.187034413945003,15.209999999999999,2.6461747973841225,1.1314021114911006,0.05259245011917058
7.5,0.71,0.0,1.6,0.092,22.0,31.0,0.99635,3.38,0.58,10.0,0.7096774193319458,8.21,10.036633702979241,11.424399999999999,2.3978952727983707,0.9555114450274365,0.0880108773227133
7.2,0.38,0.38,2.8,0.068,23.0,42.0,0.99356,3.34,0.72,12.9,0.5476190476060091,7.58,12.983614464165612,11.1556,2.631888840136646,1.33500106673234,0.0657877405380031
7.2,0.53,0.14,2.1,0.064,15.0,29.0,0.99323,3.35,0.61,12.1,0.5172413792925089,7.73,12.182475345909332,11.2225,2.5726122302071057,1.1314021114911006,0.06203539091945264
11.7,0.28,0.47,1.7,0.054,17.0,32.0,0.99686,3.15,0.67,10.6,0.5312499999833985,11.979999999999999,10.633388830293734,9.9225,2.451005098112319,0.9932517730102834,0.05259245011917058
6.1,0.59,0.01,2.1,0.056,5.0,13.0,0.99472,3.52,0.56,11.4,0.3846153845857988,6.6899999999999995,11.460511489202478,12.3904,2.517696472610991,1.1314021114911006,0.054488185284069734
7.7,0.56,0.08,2.5,0.114,14.0,46.0,0.9971,3.24,0.66,9.6,0.3043478260803403,8.26,9.627920961159441,10.497600000000002,2.3608540011180215,1.252762968495368,0.10795714150509228
7.0,0.59,0.0,1.7,0.052,3.0,8.0,0.996,3.41,0.47,10.3,0.374999999953125,7.59,10.341365451464494,11.628100000000002,2.424802725718295,0.9932517730102834,0.050693114315518116
6.2,0.56,0.09,1.7,0.053,24.0,32.0,0.99402,3.54,0.6,11.3,0.7499999999765626,6.76,11.367980512094345,12.531600000000001,2.509599262378372,0.9932517730102834,0.05164323315183845
8.4,0.6,0.1,2.2,0.085,14.0,111.0,0.9964,3.15,0.66,9.8,0.12612612612498986,9.0,9.835407457009829,9.9225,2.379546134130174,1.1631508098056809,0.08157998699242287
8.6,0.49,0.51,2.0,0.422,16.0,62.0,0.9979,3.03,1.17,9.0,0.25806451612486997,9.09,9.018939764486483,9.1809,2.302585092994046,1.0986122886681096,0.3520643313810491
8.2,0.74,0.09,2.0,0.067,5.0,10.0,0.99418,3.28,0.57,11.8,0.49999999995,8.94,11.869078022220245,10.758399999999998,2.5494451709255714,1.0986122886681096,0.06485097231961631
8.8,0.61,0.14,2.4,0.067,10.0,42.0,0.9969,3.19,0.59,9.5,0.23809523808956917,9.41,9.529541569335398,10.1761,2.3513752571634776,1.2237754316221157,0.06485097231961631
11.8,0.33,0.49,3.4,0.093,54.0,80.0,1.0002,3.3,0.76,10.7,0.6749999999915625,12.13,10.697860417218694,10.889999999999999,2.4595888418037104,1.4816045409242156,0.0889262091944015
8.0,0.33,0.53,2.5,0.091,18.0,80.0,0.9976,3.37,0.8,9.6,0.22499999999718748,8.33,9.623095419383425,11.356900000000001,2.3608540011180215,1.252762968495368,0.08709470685093376
7.8,0.61,0.29,1.6,0.114,9.0,29.0,0.9974,3.26,1.56,9.1,0.31034482757550536,8.41,9.123721667211028,10.6276,2.312535423847214,0.9555114450274365,0.10795714150509228
7.4,0.58,0.0,2.0,0.064,7.0,11.0,0.99562,3.45,0.58,11.3,0.6363636363057851,7.98,11.349711726010215,11.902500000000002,2.509599262378372,1.0986122886681096,0.06203539091945264
7.2,0.645,0.0,1.9,0.097,15.0,39.0,0.99675,3.37,0.58,9.2,0.3846153846055227,7.845000000000001,9.229997482588415,11.356900000000001,2.322387720290225,1.0647107369924282,0.0925791812930932
8.2,1.0,0.09,2.3,0.065,7.0,37.0,0.99685,3.32,0.55,9.0,0.18918918918407598,9.2,9.02843957563481,11.0224,2.302585092994046,1.1939224684724346,0.06297479916138844
5.0,0.42,0.24,2.0,0.06,19.0,50.0,0.9917,3.72,0.74,14.0,0.37999999999240003,5.42,14.117172517780405,13.838400000000002,2.70805020110221,1.0986122886681096,0.058268908123975775
8.5,0.34,0.4,4.7,0.055,3.0,9.0,0.99738,3.38,0.66,11.6,0.3333333332962963,8.84,11.630471824549849,11.424399999999999,2.533696813957432,1.7404661748405044,0.053540766928029816
9.8,0.37,0.39,2.5,0.079,28.0,65.0,0.99729,3.16,0.59,9.8,0.43076923076260354,10.17,9.826630157901283,9.985600000000002,2.379546134130174,1.252762968495368,0.0760346862759976
7.4,0.67,0.12,1.6,0.186,5.0,21.0,0.996,3.39,0.54,9.5,0.23809523808390023,8.07,9.53815260086531,11.4921,2.3513752571634776,0.9555114450274365,0.1705863005755337
8.2,0.64,0.27,2.0,0.095,5.0,77.0,0.99747,3.13,0.62,9.1,0.06493506493422162,8.84,9.123081386785486,9.796899999999999,2.312535423847214,1.0986122886681096,0.09075436326846414
9.9,0.4,0.53,6.7,0.097,6.0,19.0,0.9986,3.27,0.82,11.7,0.31578947366759,10.3,11.71640295241698,10.6929,2.5416019934645457,2.0412203288596382,0.0925791812930932
6.9,0.58,0.2,1.75,0.058,8.0,22.0,0.99322,3.38,0.49,11.7,0.3636363636198347,7.48,11.779867489800983,11.424399999999999,2.5416019934645457,1.0116009116784799,0.05638033343610764
7.9,0.29,0.49,2.2,0.096,21.0,59.0,0.99714,3.31,0.67,10.1,0.3559322033837978,8.19,10.128968840755592,10.956100000000001,2.4069451083182885,1.1631508098056809,0.0916671885258238
6.6,0.815,0.02,2.7,0.072,17.0,34.0,0.9955,3.58,0.89,12.3,0.49999999998529415,7.414999999999999,12.355600188492618,12.8164,2.5877640352277083,1.308332819650179,0.06952606264861023
7.0,0.42,0.19,2.3,0.071,18.0,36.0,0.99476,3.39,0.56,10.9,0.49999999998611117,7.42,10.95741685335416,11.4921,2.4765384001174837,1.1939224684724346,0.06859279146561172
8.4,0.635,0.36,2.0,0.089,15.0,55.0,0.99745,3.31,0.57,10.4,0.27272727272231406,9.035,10.42658778843392,10.956100000000001,2.4336133554004498,1.0986122886681096,0.08525984395082342
8.3,0.705,0.12,2.6,0.092,12.0,28.0,0.9994,3.51,0.72,10.0,0.42857142855612246,9.005,10.006003592149288,12.320099999999998,2.3978952727983707,1.2809338454620645,0.0880108773227133
7.2,0.61,0.08,4.0,0.082,26.0,108.0,0.99641,3.25,0.51,9.4,0.24074074073851165,7.8100000000000005,9.43386757516096,10.5625,2.341805806147327,1.6094379124341003,0.07881118042428978
8.4,0.34,0.42,2.1,0.072,23.0,36.0,0.99392,3.11,0.78,12.4,0.638888888871142,8.74,12.475853174827096,9.672099999999999,2.5952547069568657,1.1314021114911006,0.06952606264861023
8.3,0.845,0.01,2.2,0.07,5.0,14.0,0.9967,3.32,0.58,11.0,0.35714285711734695,9.145000000000001,11.03642017554287,11.0224,2.4849066497880004,1.1631508098056809,0.06765864847381481
10.2,0.36,0.64,2.9,0.122,10.0,41.0,0.998,3.23,0.66,12.5,0.2439024390184414,10.559999999999999,12.52505008765025,10.4329,2.6026896854443837,1.3609765531356006,0.11511280710050457
10.2,0.4,0.4,2.5,0.068,41.0,54.0,0.99754,3.38,0.86,10.5,0.759259259245199,10.6,10.525893687946455,11.424399999999999,2.4423470353692043,1.252762968495368,0.0657877405380031
10.0,0.32,0.59,2.2,0.077,3.0,15.0,0.9994,3.2,0.78,9.6,0.19999999998666668,10.32,9.605763448463314,10.240000000000002,2.3608540011180215,1.1631508098056809,0.07417939817425151
7.2,0.36,0.46,2.1,0.074,24.0,44.0,0.99534,3.4,0.85,11.0,0.5454545454421488,7.5600000000000005,11.051499978849941,11.559999999999999,2.4849066497880004,1.1314021114911006,0.07138999608667294
6.7,0.42,0.27,8.6,0.068,24.0,148.0,0.9948,3.16,0.57,11.3,0.1621621621610665,7.12,11.359067137757272,9.985600000000002,2.509599262378372,2.2617630984737906,0.0657877405380031
7.9,0.4,0.3,1.8,0.157,2.0,45.0,0.99727,3.31,0.91,9.5,0.04444444444345679,8.3,9.526005986818008,10.956100000000001,2.3513752571634776,1.0296194171811583,0.1458304482115395
8.7,0.765,0.22,2.3,0.064,9.0,42.0,0.9963,3.1,0.55,9.4,0.21428571428061227,9.465,9.434909154436507,9.610000000000001,2.341805806147327,1.1939224684724346,0.06203539091945264
10.1,0.31,0.44,2.3,0.08,22.0,46.0,0.9988,3.32,0.67,9.7,0.47826086955482044,10.41,9.711653975058416,11.0224,2.3702437414678603,1.1939224684724346,0.07696104113612832
9.2,0.53,0.24,2.6,0.078,28.0,139.0,0.99788,3.21,0.57,9.5,0.20143884891941413,9.729999999999999,9.520182777969111,10.3041,2.3513752571634776,1.2809338454620645,0.07510747248680541
7.6,0.29,0.49,2.7,0.092,25.0,60.0,0.9971,3.31,0.61,10.1,0.41666666665972224,7.89,10.129375177886496,10.956100000000001,2.4069451083182885,1.308332819650179,0.0880108773227133
9.3,0.775,0.27,2.8,0.078,24.0,56.0,0.9984,3.31,0.67,10.6,0.42857142856377556,10.075000000000001,10.616987168853179,10.956100000000001,2.451005098112319,1.33500106673234,0.07510747248680541
7.1,0.715,0.0,2.35,0.071,21.0,47.0,0.99632,3.29,0.45,9.4,0.44680851062879134,7.8149999999999995,9.43471975927943,10.8241,2.341805806147327,1.208960345836975,0.06859279146561172
8.8,0.33,0.41,5.9,0.073,7.0,13.0,0.99658,3.3,0.62,12.1,0.5384615384201183,9.13,12.141523999938265,10.889999999999999,2.5726122302071057,1.9315214116032138,0.07045846364856141
12.8,0.84,0.63,2.4,0.088,13.0,35.0,0.9997,3.1,0.6,10.4,0.3714285714179592,13.64,10.403120925874642,9.610000000000001,2.4336133554004498,1.2237754316221157,0.08434114843375087
6.9,0.56,0.03,1.5,0.086,36.0,46.0,0.99522,3.53,0.57,10.6,0.7826086956351608,7.460000000000001,10.650911345580965,12.460899999999999,2.451005098112319,0.9162907318741551,0.08250122151174369
5.1,0.51,0.18,2.1,0.042,16.0,101.0,0.9924,3.46,0.87,12.9,0.15841584158258995,5.609999999999999,12.998790797058858,11.9716,2.631888840136646,1.1314021114911006,0.04114194333117518
9.3,0.5,0.36,1.8,0.084,6.0,17.0,0.99704,3.27,0.77,10.8,0.352941176449827,9.8,10.832062895338138,10.6929,2.468099531471619,1.0296194171811583,0.08065790301745447
6.2,0.785,0.0,2.1,0.06,6.0,13.0,0.99664,3.59,0.61,10.0,0.4615384615029586,6.985,10.033713266541868,12.8881,2.3978952727983707,1.1314021114911006,0.058268908123975775
11.6,0.475,0.4,1.4,0.091,6.0,28.0,0.99704,3.07,0.65,10.0333333333333,0.21428571427806123,12.075,10.063120158940643,9.4249,2.4009209937149043,0.8754687373538999,0.08709470685093376
10.5,0.36,0.47,2.2,0.074,9.0,23.0,0.99638,3.23,0.76,12.0,0.39130434780907375,10.86,12.043597812035973,10.4329,2.5649493574615367,1.1631508098056809,0.07138999608667294
8.0,0.18,0.37,0.9,0.049,36.0,109.0,0.99007,2.89,0.44,12.7,0.3302752293547681,8.18,12.827375829156145,8.3521,2.617395832834079,0.6418538861723948,0.04783732941416013
7.7,1.005,0.15,2.1,0.102,11.0,32.0,0.99604,3.23,0.48,10.0,0.34374999998925787,8.705,10.03975742938059,10.4329,2.3978952727983707,1.1314021114911006,0.09712671073072274
6.7,0.76,0.02,1.8,0.078,6.0,12.0,0.996,3.55,0.63,9.95,0.49999999995833333,7.46,9.989959829327349,12.6025,2.3933394562625097,1.0296194171811583,0.07510747248680541
6.4,0.37,0.25,1.9,0.074,21.0,49.0,0.9974,3.57,0.62,9.8,0.42857142856268227,6.7700000000000005,9.825546410842646,12.7449,2.379546134130174,1.0647107369924282,0.07138999608667294
7.8,0.6,0.26,2.0,0.08,31.0,131.0,0.99622,3.21,0.52,9.9,0.2366412213722394,8.4,9.937563981914073,10.3041,2.388762789235098,1.0986122886681096,0.07696104113612832
6.7,0.46,0.24,1.7,0.077,18.0,34.0,0.9948,3.39,0.6,10.6,0.5294117646903115,7.16,10.655408111524519,11.4921,2.451005098112319,0.9932517730102834,0.07417939817425151
9.9,0.74,0.19,5.8,0.111,33.0,76.0,0.99878,3.14,0.55,9.4,0.4342105263100762,10.64,9.411481998626844,9.8596,2.341805806147327,1.916922612182061,0.10526051065749295
7.4,0.5,0.47,2.0,0.086,21.0,73.0,0.997,3.36,0.57,9.1,0.28767123287277163,7.9,9.12738213728447,11.289599999999998,2.312535423847214,1.0986122886681096,0.08250122151174369
7.6,0.43,0.31,2.1,0.069,13.0,74.0,0.9958,3.26,0.54,9.9,0.17567567567330167,8.03,9.941755362581086,10.6276,2.388762789235098,1.1314021114911006,0.06672363204290818
9.1,0.3,0.34,2.0,0.064,12.0,25.0,0.99516,3.26,0.84,11.7,0.4799999999808,9.4,11.756903400702496,10.6276,2.5416019934645457,1.0986122886681096,0.06203539091945264
12.7,0.6,0.65,2.3,0.063,6.0,25.0,0.9997,3.03,0.57,9.9,0.2399999999904,13.299999999999999,9.902970881361437,9.1809,2.388762789235098,1.1939224684724346,0.061095099359810875
6.7,0.75,0.01,2.4,0.078,17.0,32.0,0.9955,3.55,0.61,12.8,0.5312499999833985,7.45,12.857860358756545,12.6025,2.624668592163159,1.2237754316221157,0.07510747248680541
7.7,0.39,0.12,1.7,0.097,19.0,27.0,0.99596,3.16,0.49,9.4,0.7037037036776406,8.09,9.438130035906935,9.985600000000002,2.341805806147327,0.9932517730102834,0.0925791812930932
8.7,0.69,0.31,3.0,0.086,23.0,81.0,1.0002,3.48,0.74,11.6,0.283950617280445,9.389999999999999,11.597680452311856,12.1104,2.533696813957432,1.3862943611198906,0.08250122151174369
9.1,0.795,0.0,2.6,0.096,11.0,26.0,0.9994,3.35,0.83,9.4,0.42307692306065087,9.895,9.40564337662033,11.2225,2.341805806147327,1.2809338454620645,0.0916671885258238
8.0,0.705,0.05,1.9,0.074,8.0,19.0,0.9962,3.34,0.95,10.5,0.4210526315567867,8.705,10.540052187773489,11.1556,2.4423470353692043,1.0647107369924282,0.07138999608667294
8.7,0.42,0.45,2.4,0.072,32.0,59.0,0.99617,3.33,0.77,12.0,0.5423728813467394,9.12,12.046136691482241,11.0889,2.5649493574615367,1.2237754316221157,0.06952606264861023
10.2,0.41,0.43,2.2,0.11,11.0,37.0,0.99728,3.16,0.67,10.8,0.29729729728926224,10.61,10.82945610978917,9.985600000000002,2.468099531471619,1.1631508098056809,0.10436001532424277
6.6,0.705,0.07,1.6,0.076,6.0,15.0,0.9962,3.44,0.58,10.7,0.39999999997333335,7.305,10.74081508658822,11.833599999999999,2.4595888418037104,0.9555114450274365,0.07325046173959267
12.6,0.31,0.72,2.2,0.072,6.0,29.0,0.9987,2.88,0.82,9.8,0.20689655171700358,12.91,9.812756573733097,8.2944,2.379546134130174,1.1631508098056809,0.06952606264861023
9.0,0.58,0.25,2.8,0.075,9.0,104.0,0.99779,3.23,0.57,9.7,0.08653846153762944,9.58,9.721484470959336,10.4329,2.3702437414678603,1.33500106673234,0.07232066157962612
5.0,1.04,0.24,1.6,0.05,32.0,96.0,0.9934,3.74,0.62,11.5,0.3333333333298611,6.04,11.576404256516605,13.987600000000002,2.5257286443082556,0.9555114450274365,0.04879016416943201
5.8,0.29,0.26,1.7,0.063,3.0,11.0,0.9915,3.39,0.54,13.5,0.2727272727024793,6.09,13.61573372303002,11.4921,2.6741486494265287,0.9932517730102834,0.061095099359810875
9.1,0.64,0.23,3.1,0.095,13.0,38.0,0.9998,3.28,0.59,9.7,0.342105263148892,9.74,9.701940378373735,10.758399999999998,2.3702437414678603,1.410986973710262,0.09075436326846414
5.6,0.615,0.0,1.6,0.089,16.0,59.0,0.9943,3.58,0.52,9.9,0.2711864406733697,6.215,9.95675348490722,12.8164,2.388762789235098,0.9555114450274365,0.08525984395082342
10.8,0.32,0.44,1.6,0.063,16.0,37.0,0.9985,3.22,0.78,10.0,0.4324324324207451,11.120000000000001,10.015022523770632,10.368400000000001,2.3978952727983707,0.9555114450274365,0.061095099359810875
5.9,0.61,0.08,2.1,0.071,16.0,24.0,0.99376,3.56,0.77,11.1,0.6666666666388888,6.510000000000001,11.169698910028881,12.6736,2.4932054526026954,1.1314021114911006,0.06859279146561172
8.3,0.26,0.42,2.0,0.08,11.0,27.0,0.9974,3.21,0.8,9.4,0.40740740739231823,8.56,9.424503700196007,10.3041,2.341805806147327,1.0986122886681096,0.07696104113612832
6.9,0.635,0.17,2.4,0.241,6.0,18.0,0.9961,3.4,0.59,10.3,0.3333333333148148,7.535,10.340327265997063,11.559999999999999,2.424802725718295,1.2237754316221157,0.21591750622247016
9.5,0.46,0.49,6.3,0.064,5.0,17.0,0.9988,3.21,0.73,11.0,0.2941176470415225,9.96,11.01321584800439,10.3041,2.4849066497880004,1.9878743481543455,0.06203539091945264
8.2,0.44,0.24,2.3,0.063,10.0,28.0,0.99613,3.25,0.53,10.2,0.357142857130102,8.639999999999999,10.239627347595567,10.5625,2.4159137783010487,1.1939224684724346,0.061095099359810875
6.9,0.4,0.24,2.5,0.083,30.0,45.0,0.9959,3.26,0.58,10.0,0.6666666666518519,7.300000000000001,10.041168781964888,10.6276,2.3978952727983707,1.252762968495368,0.07973496801885356
8.9,0.35,0.4,3.6,0.11,12.0,24.0,0.99549,3.23,0.7,12.0,0.49999999997916666,9.25,12.054365174884364,10.4329,2.5649493574615367,1.5260563034950494,0.10436001532424277
7.7,0.43,0.25,2.6,0.073,29.0,63.0,0.99615,3.37,0.58,10.5,0.4603174603101537,8.13,10.540581227184077,11.356900000000001,2.4423470353692043,1.2809338454620645,0.07045846364856141
5.8,0.68,0.02,1.8,0.087,21.0,94.0,0.9944,3.54,0.52,10.0,0.2234042553167723,6.4799999999999995,10.056315355936933,12.531600000000001,2.3978952727983707,1.0296194171811583,0.08342160813907239
8.3,0.56,0.22,2.4,0.082,10.0,86.0,0.9983,3.37,0.62,9.5,0.11627906976608977,8.860000000000001,9.516177492220598,11.356900000000001,2.3513752571634776,1.2237754316221157,0.07881118042428978
5.1,0.47,0.02,1.3,0.034,18.0,44.0,0.9921,3.9,0.62,12.8,0.4090909090816116,5.569999999999999,12.901925196147642,15.209999999999999,2.624668592163159,0.832909122935104,0.03343477608623739
7.7,0.67,0.23,2.1,0.088,17.0,96.0,0.9962,3.32,0.48,9.5,0.1770833333314887,8.370000000000001,9.536237693699823,11.0224,2.3513752571634776,1.1314021114911006,0.08434114843375087
8.0,0.62,0.33,2.7,0.088,16.0,37.0,0.9972,3.31,0.58,10.7,0.4324324324207451,8.62,10.730044112785755,10.956100000000001,2.4595888418037104,1.308332819650179,0.08434114843375087
10.8,0.4,0.41,2.2,0.084,7.0,17.0,0.9984,3.08,0.67,9.3,0.41176470585813146,11.200000000000001,9.314903836824016,9.4864,2.33214389523559,1.1631508098056809,0.08065790301745447
12.0,0.39,0.66,3.0,0.093,12.0,30.0,0.9996,3.18,0.63,10.8,0.3999999999866667,12.39,10.804321717882832,10.112400000000001,2.468099531471619,1.3862943611198906,0.0889262091944015
6.8,0.83,0.09,1.8,0.074,4.0,25.0,0.99534,3.38,0.45,9.6,0.1599999999936,7.63,9.644945436087221,11.424399999999999,2.3608540011180215,1.0296194171811583,0.07138999608667294
11.6,0.47,0.44,1.6,0.147,36.0,51.0,0.99836,3.38,0.86,9.9,0.7058823529273357,12.07,9.916262660847527,11.424399999999999,2.388762789235098,0.9555114450274365,0.13714983814723364
6.9,0.5,0.04,1.5,0.085,19.0,49.0,0.9958,3.35,0.78,9.5,0.387755102032903,7.4,9.540068277224274,11.2225,2.3513752571634776,0.9162907318741551,0.08157998699242287
12.3,0.27,0.49,3.1,0.079,28.0,46.0,0.9993,3.2,0.8,10.2,0.6086956521606806,12.57,10.207144991286755,10.240000000000002,2.4159137783010487,1.410986973710262,0.0760346862759976
6.4,0.885,0.0,2.3,0.166,6.0,12.0,0.99551,3.56,0.51,10.8,0.49999999995833333,7.285,10.848710700195166,12.6736,2.468099531471619,1.1939224684724346,0.15357908792830063
6.6,0.52,0.08,2.4,0.07,13.0,26.0,0.99358,3.4,0.72,12.5,0.4999999999807692,7.119999999999999,12.580768521326146,11.559999999999999,2.6026896854443837,1.2237754316221157,0.06765864847381481
8.9,0.31,0.36,2.6,0.056,10.0,39.0,0.99562,3.4,0.69,11.8,0.2564102564036818,9.21,11.851911359904472,11.559999999999999,2.5494451709255714,1.2809338454620645,0.054488185284069734
7.3,0.55,0.03,1.6,0.072,17.0,42.0,0.9956,3.37,0.48,9.0,0.4047619047522676,7.85,9.039775000964468,11.356900000000001,2.302585092994046,0.9555114450274365,0.06952606264861023
6.4,0.64,0.21,1.8,0.081,14.0,31.0,0.99689,3.59,0.66,9.8,0.4516129032112383,7.04,9.830573072424668,12.8881,2.379546134130174,1.0296194171811583,0.07788653865707122
7.1,0.16,0.44,2.5,0.068,17.0,31.0,0.99328,3.35,0.54,12.4,0.5483870967565037,7.26,12.483891740008968,11.2225,2.5952547069568657,1.252762968495368,0.0657877405380031
9.3,0.715,0.24,2.1,0.07,5.0,20.0,0.9966,3.12,0.59,9.9,0.2499999999875,10.015,9.933774824469422,9.7344,2.388762789235098,1.1314021114911006,0.06765864847381481
6.7,0.675,0.07,2.4,0.089,17.0,82.0,0.9958,3.35,0.54,10.1,0.20731707316820344,7.375,10.14259890525949,11.2225,2.4069451083182885,1.2237754316221157,0.08525984395082342
6.6,0.84,0.03,2.3,0.059,32.0,48.0,0.9952,3.52,0.56,12.3,0.6666666666527779,7.4399999999999995,12.359324746423509,12.3904,2.5877640352277083,1.1939224684724346,0.0573250666192694
6.0,0.33,0.32,12.9,0.054,6.0,113.0,0.99572,3.3,0.56,11.5,0.053097345132273474,6.33,11.549431555508143,10.889999999999999,2.5257286443082556,2.631888840136646,0.05259245011917058
8.1,0.66,0.7,2.2,0.098,25.0,129.0,0.9972,3.08,0.53,9.0,0.1937984496109008,8.76,9.025270749072131,9.4864,2.302585092994046,1.1631508098056809,0.09349034308733889
6.3,0.98,0.01,2.0,0.057,15.0,33.0,0.99488,3.6,0.46,11.2,0.4545454545316805,7.279999999999999,11.25763910093917,12.96,2.501435951739211,1.0986122886681096,0.055434706888100586
11.5,0.54,0.71,4.4,0.124,6.0,15.0,0.9984,3.01,0.83,11.8,0.39999999997333335,12.04,11.818910244572407,9.060099999999998,2.5494451709255714,1.6863989535702286,0.11689375147149933
7.0,0.685,0.0,1.9,0.099,9.0,22.0,0.99606,3.34,0.6,9.7,0.40909090907231405,7.6850000000000005,9.738369164770829,11.1556,2.3702437414678603,1.0647107369924282,0.09440067542148431
9.4,0.685,0.11,2.7,0.077,6.0,31.0,0.9984,3.19,0.7,10.1,0.1935483870905307,10.085,10.1161858873035,10.1761,2.4069451083182885,1.308332819650179,0.07417939817425151
7.7,0.54,0.26,1.9,0.089,23.0,147.0,0.99636,3.26,0.59,9.7,0.15646258503294924,8.24,9.735436980874947,10.6276,2.3702437414678603,1.0647107369924282,0.08525984395082342
6.6,0.895,0.04,2.3,0.068,7.0,13.0,0.99582,3.53,0.58,10.8,0.5384615384201183,7.494999999999999,10.845333483114084,12.460899999999999,2.468099531471619,1.1939224684724346,0.0657877405380031
7.8,0.735,0.08,2.4,0.092,10.0,41.0,0.9974,3.24,0.71,9.8,0.2439024390184414,8.535,9.825546410842646,10.497600000000002,2.379546134130174,1.2237754316221157,0.0880108773227133
7.0,0.65,0.02,2.1,0.066,8.0,25.0,0.9972,3.47,0.67,9.5,0.3199999999872,7.65,9.52667467957614,12.0409,2.3513752571634776,1.1314021114911006,0.0639133257436528
8.8,0.24,0.54,2.5,0.083,25.0,57.0,0.9983,3.39,0.54,9.2,0.43859649122037553,9.040000000000001,9.21566662404521,11.4921,2.322387720290225,1.252762968495368,0.07973496801885356
8.0,0.38,0.44,1.9,0.098,6.0,15.0,0.9956,3.3,0.64,11.4,0.39999999997333335,8.38,11.450381667888328,10.889999999999999,2.517696472610991,1.0647107369924282,0.09349034308733889
6.9,0.63,0.33,6.7,0.235,66.0,115.0,0.99787,3.22,0.56,9.5,0.5739130434732703,7.53,9.520278183009532,10.368400000000001,2.3513752571634776,2.0412203288596382,0.21107097007994052
7.9,0.35,0.46,3.6,0.078,15.0,37.0,0.9973,3.35,0.86,12.8,0.4054054053944485,8.25,12.834653551755087,11.2225,2.624668592163159,1.5260563034950494,0.07510747248680541
9.1,0.52,0.33,1.3,0.07,9.0,30.0,0.9978,3.24,0.6,9.3,0.29999999999,9.62,9.320505101903684,10.497600000000002,2.33214389523559,0.832909122935104,0.06765864847381481
8.0,0.715,0.22,2.3,0.075,13.0,81.0,0.99688,3.24,0.54,9.5,0.1604938271585124,8.715,9.52973275667108,10.497600000000002,2.3513752571634776,1.1939224684724346,0.07232066157962612
8.8,0.37,0.48,2.1,0.097,39.0,145.0,0.9975,3.04,1.03,9.3,0.2689655172395244,9.17,9.323308261330018,9.2416,2.33214389523559,1.1314021114911006,0.0925791812930932
8.5,0.32,0.42,2.3,0.075,12.0,19.0,0.99434,3.14,0.71,11.8,0.63157894733518,8.82,11.867168159917968,9.8596,2.5494451709255714,1.1939224684724346,0.07232066157962612
7.6,0.42,0.25,3.9,0.104,28.0,90.0,0.99784,3.15,0.57,9.1,0.3111111111076543,8.02,9.11969853972611,9.9225,2.312535423847214,1.589235205116581,0.09893994785490356
9.3,0.37,0.44,1.6,0.038,21.0,42.0,0.99526,3.24,0.81,10.8,0.4999999999880953,9.67,10.851435794815993,10.497600000000002,2.468099531471619,0.9555114450274365,0.037295784743696894
8.2,0.24,0.34,5.1,0.062,8.0,22.0,0.9974,3.22,0.94,10.9,0.3636363636198347,8.44,10.928413865120902,10.368400000000001,2.4765384001174837,1.8082887711792655,0.06015392281974709
7.4,0.965,0.0,2.2,0.088,16.0,32.0,0.99756,3.58,0.67,10.2,0.49999999998437505,8.365,10.224948865005665,12.8164,2.4159137783010487,1.1631508098056809,0.08434114843375087
6.4,0.79,0.04,2.2,0.061,11.0,17.0,0.99588,3.53,0.65,10.4,0.6470588234913495,7.19,10.443025253601816,12.460899999999999,2.4336133554004498,1.1631508098056809,0.05921185963184608
6.4,0.31,0.09,1.4,0.066,15.0,28.0,0.99459,3.42,0.7,10.0,0.5357142856951531,6.71,10.054394262907937,11.696399999999999,2.3978952727983707,0.8754687373538999,0.0639133257436528
7.2,0.73,0.02,2.5,0.076,16.0,42.0,0.9972,3.44,0.52,9.3,0.3809523809433107,7.93,9.326113107374537,11.833599999999999,2.33214389523559,1.252762968495368,0.07325046173959267
7.6,0.48,0.31,2.8,0.07,4.0,15.0,0.99693,3.22,0.55,10.3,0.2666666666488889,8.08,10.331718365048983,10.368400000000001,2.424802725718295,1.33500106673234,0.06765864847381481
8.0,0.58,0.16,2.0,0.12,3.0,7.0,0.99454,3.22,0.58,11.2,0.4285714285102041,8.58,11.261487711644088,10.368400000000001,2.501435951739211,1.0986122886681096,0.11332868530700317
7.2,0.62,0.06,2.5,0.078,17.0,84.0,0.99746,3.51,0.53,9.7,0.2023809523785431,7.82,9.724700730129829,12.320099999999998,2.3702437414678603,1.252762968495368,0.07510747248680541
6.6,0.58,0.02,2.0,0.062,37.0,53.0,0.99374,3.35,0.76,11.6,0.6981132075339979,7.18,11.67307342798612,11.2225,2.533696813957432,1.0986122886681096,0.06015392281974709
11.5,0.3,0.6,2.0,0.067,12.0,27.0,0.9981,3.11,0.97,10.1,0.44444444442798353,11.8,10.119226520269285,9.672099999999999,2.4069451083182885,1.0986122886681096,0.06485097231961631
9.1,0.3,0.41,2.0,0.068,10.0,24.0,0.99523,3.27,0.85,11.7,0.4166666666493056,9.4,11.75607647302023,10.6929,2.5416019934645457,1.0986122886681096,0.0657877405380031
6.8,0.91,0.06,2.0,0.06,4.0,11.0,0.99592,3.53,0.64,10.9,0.36363636360330576,7.71,10.944654178102002,12.460899999999999,2.4765384001174837,1.0986122886681096,0.058268908123975775
8.3,0.715,0.15,1.8,0.089,10.0,52.0,0.9968,3.23,0.77,9.5,0.19230769230399408,9.015,9.530497582734252,10.4329,2.3513752571634776,1.0296194171811583,0.08525984395082342
8.9,0.29,0.35,1.9,0.067,25.0,57.0,0.997,3.18,1.36,10.3,0.43859649122037553,9.19,10.330992968574732,10.112400000000001,2.424802725718295,1.0647107369924282,0.06485097231961631
6.9,0.49,0.1,2.3,0.074,12.0,30.0,0.9959,3.42,0.58,10.2,0.3999999999866667,7.390000000000001,10.241992157604184,11.696399999999999,2.4159137783010487,1.1939224684724346,0.07138999608667294
10.1,0.43,0.4,2.6,0.092,13.0,52.0,0.99834,3.22,0.64,10.0,0.24999999999519232,10.53,10.016627591785737,10.368400000000001,2.3978952727983707,1.2809338454620645,0.0880108773227133
9.1,0.21,0.37,1.6,0.067,6.0,10.0,0.99552,3.23,0.58,11.1,0.59999999994,9.31,11.149951772792157,10.4329,2.4932054526026954,0.9555114450274365,0.06485097231961631
7.2,0.34,0.32,2.5,0.09,43.0,113.0,0.9966,3.32,0.79,11.1,0.3805309734479599,7.54,11.137868742586926,11.0224,2.4932054526026954,1.252762968495368,0.08617769624105233
7.4,0.785,0.19,5.2,0.094,19.0,98.0,0.99713,3.16,0.52,9.6,0.19387755101842982,8.185,9.627631292180928,9.985600000000002,2.3608540011180215,1.8245492920510458,0.08984070399978947
9.7,0.295,0.4,1.5,0.073,14.0,21.0,0.99556,3.14,0.51,10.9,0.6666666666349206,9.995,10.948611825556862,9.8596,2.4765384001174837,0.9162907318741551,0.07045846364856141
7.6,0.51,0.15,2.8,0.11,33.0,73.0,0.9955,3.17,0.63,10.2,0.4520547945143554,8.11,10.24610747338412,10.0489,2.4159137783010487,1.33500106673234,0.10436001532424277
11.3,0.37,0.41,2.3,0.088,6.0,16.0,0.9988,3.09,0.8,9.3,0.3749999999765625,11.67,9.311173398767348,9.5481,2.33214389523559,1.1939224684724346,0.08434114843375087
9.1,0.34,0.42,1.8,0.058,9.0,18.0,0.99392,3.18,0.55,11.4,0.4999999999722222,9.44,11.469735983308782,10.112400000000001,2.517696472610991,1.0296194171811583,0.05638033343610764
6.1,0.21,0.4,1.4,0.066,40.5,165.0,0.9912,3.25,0.59,11.9,0.24545454545305787,6.31,12.005649705401888,10.5625,2.5572273113676265,0.8754687373538999,0.0639133257436528
8.9,0.62,0.18,3.8,0.176,52.0,145.0,0.9986,3.16,0.88,9.2,0.3586206896526992,9.52,9.212898048054377,9.985600000000002,2.322387720290225,1.5686159179138452,0.16211884947643518
7.0,0.69,0.07,2.5,0.091,15.0,21.0,0.99572,3.38,0.6,11.3,0.7142857142517007,7.6899999999999995,11.348571876281914,11.424399999999999,2.509599262378372,1.252762968495368,0.08709470685093376
8.3,0.34,0.4,2.4,0.065,24.0,48.0,0.99554,3.34,0.86,11.0,0.4999999999895834,8.64,11.049279776755048,11.1556,2.4849066497880004,1.2237754316221157,0.06297479916138844
6.6,0.695,0.0,2.1,0.075,12.0,56.0,0.9968,3.49,0.67,9.2,0.21428571428188778,7.295,9.229534501174223,12.180100000000001,2.322387720290225,1.1314021114911006,0.07232066157962612
8.4,0.37,0.43,2.3,0.063,12.0,19.0,0.9955,3.17,0.81,11.2,0.63157894733518,8.77,11.250627813911976,10.0489,2.501435951739211,1.1939224684724346,0.061095099359810875
9.2,0.59,0.24,3.3,0.101,20.0,47.0,0.9988,3.26,0.67,9.6,0.42553191488456316,9.79,9.611533830985648,10.6276,2.3608540011180215,1.4586150226995167,0.09621885774054292
10.4,0.33,0.63,2.8,0.084,5.0,22.0,0.9998,3.26,0.74,11.2,0.2272727272623967,10.73,11.202240436885136,10.6276,2.501435951739211,1.33500106673234,0.08065790301745447
7.8,0.44,0.28,2.7,0.1,18.0,95.0,0.9966,3.22,0.67,9.4,0.18947368420853186,8.24,9.432069025253794,10.368400000000001,2.341805806147327,1.308332819650179,0.09531017980432487
12.4,0.42,0.49,4.6,0.073,19.0,43.0,0.9978,3.02,0.61,9.5,0.4418604651060033,12.82,9.520946071837095,9.1204,2.3513752571634776,1.7227665977411035,0.07045846364856141
6.0,0.31,0.47,3.6,0.067,18.0,42.0,0.99549,3.39,0.66,11.0,0.42857142856122454,6.31,11.049834743644,11.4921,2.4849066497880004,1.5260563034950494,0.06485097231961631
5.2,0.645,0.0,2.15,0.08,15.0,28.0,0.99444,3.78,0.61,12.5,0.5357142856951531,5.845000000000001,12.569888567867455,14.2884,2.6026896854443837,1.1474024528375417,0.07696104113612832
8.8,0.48,0.41,3.3,0.092,26.0,52.0,0.9982,3.31,0.53,10.5,0.49999999999038464,9.280000000000001,10.518934070808521,10.956100000000001,2.4423470353692043,1.4586150226995167,0.0880108773227133
7.6,0.5,0.29,2.3,0.086,5.0,14.0,0.99502,3.32,0.62,11.5,0.35714285711734695,8.1,11.557556620412095,11.0224,2.5257286443082556,1.1939224684724346,0.08250122151174369
5.1,0.42,0.0,1.8,0.044,18.0,88.0,0.99157,3.68,0.73,13.6,0.20454545454313017,5.52,13.71562268552334,13.5424,2.681021528714291,1.0296194171811583,0.04305948946044697
6.9,0.51,0.23,2.0,0.072,13.0,22.0,0.99438,3.4,0.84,11.2,0.5909090908822314,7.41,11.263299733237494,11.559999999999999,2.501435951739211,1.0986122886681096,0.06952606264861023
10.2,0.29,0.65,2.4,0.075,6.0,17.0,0.99565,3.22,0.63,11.8,0.352941176449827,10.489999999999998,11.851554249132171,10.368400000000001,2.5494451709255714,1.2237754316221157,0.07232066157962612
7.4,0.635,0.1,2.4,0.08,16.0,33.0,0.99736,3.58,0.69,10.8,0.4848484848337925,8.035,10.828587460065988,12.8164,2.468099531471619,1.2237754316221157,0.07696104113612832
5.6,0.54,0.04,1.7,0.049,5.0,13.0,0.9942,3.72,0.58,11.4,0.3846153845857988,6.14,11.466505721719468,13.838400000000002,2.517696472610991,0.9932517730102834,0.04783732941416013
10.8,0.89,0.3,2.6,0.132,7.0,60.0,0.99786,2.99,1.18,10.2,0.11666666666472222,11.690000000000001,10.221874801854092,8.940100000000001,2.4159137783010487,1.2809338454620645,0.1239859797809912
10.0,0.46,0.44,2.9,0.065,4.0,8.0,0.99674,3.33,0.62,12.2,0.4999999999375,10.46,12.239902068503419,11.0889,2.580216829592325,1.3609765531356006,0.06297479916138844
10.2,0.42,0.57,3.4,0.07,4.0,10.0,0.9971,3.04,0.63,9.6,0.39999999996,10.62,9.627920961159441,9.2416,2.3608540011180215,1.4816045409242156,0.06765864847381481
7.8,0.32,0.44,2.7,0.104,8.0,17.0,0.99732,3.33,0.78,11.0,0.470588235266436,8.12,11.029559207646935,11.0889,2.4849066497880004,1.308332819650179,0.09893994785490356
7.0,0.64,0.02,2.1,0.067,9.0,23.0,0.997,3.47,0.67,9.4,0.39130434780907375,7.64,9.428284845107036,12.0409,2.341805806147327,1.1314021114911006,0.06485097231961631
8.9,0.875,0.13,3.45,0.088,4.0,14.0,0.9994,3.44,0.52,11.5,0.2857142856938775,9.775,11.50690413097168,11.833599999999999,2.5257286443082556,1.4929040961781488,0.08434114843375087
8.0,0.62,0.35,2.8,0.086,28.0,52.0,0.997,3.31,0.62,10.8,0.5384615384511835,8.62,10.832497481612341,10.956100000000001,2.468099531471619,1.33500106673234,0.08250122151174369
10.3,0.59,0.42,2.8,0.09,35.0,73.0,0.999,3.28,0.7,9.5,0.47945205478795266,10.89,9.50950949999048,10.758399999999998,2.3513752571634776,1.33500106673234,0.08617769624105233
7.2,0.48,0.07,5.5,0.089,10.0,18.0,0.99684,3.37,0.68,11.2,0.5555555555246914,7.68,11.235504181979552,11.356900000000001,2.501435951739211,1.8718021769015913,0.08525984395082342
8.8,0.31,0.4,2.8,0.109,7.0,16.0,0.99614,3.31,0.79,11.8,0.43749999997265626,9.110000000000001,11.845724484665084,10.956100000000001,2.5494451709255714,1.33500106673234,0.10345870836822998
6.8,0.67,0.0,1.9,0.08,22.0,39.0,0.99701,3.4,0.74,9.7,0.5641025640881,7.47,9.729089969279054,11.559999999999999,2.3702437414678603,1.0647107369924282,0.07696104113612832
11.6,0.32,0.55,2.8,0.081,35.0,67.0,1.0002,3.32,0.92,10.8,0.5223880596936957,11.92,10.797840421117936,11.0224,2.468099531471619,1.33500106673234,0.07788653865707122
15.0,0.21,0.44,2.2,0.075,10.0,24.0,1.00005,3.07,0.84,9.2,0.4166666666493056,15.21,9.199540013799767,9.4249,2.322387720290225,1.1631508098056809,0.07232066157962612
6.8,0.36,0.32,1.8,0.067,4.0,8.0,0.9928,3.36,0.55,12.8,0.4999999999375,7.16,12.892828351236073,11.289599999999998,2.624668592163159,1.0296194171811583,0.06485097231961631
10.4,0.28,0.54,2.7,0.105,5.0,19.0,0.9988,3.25,0.63,9.5,0.26315789472299167,10.68,9.511413686912881,10.5625,2.3513752571634776,1.308332819650179,0.09984533496971613
6.8,0.64,0.1,2.1,0.085,18.0,101.0,0.9956,3.34,0.52,10.2,0.17821782178041368,7.4399999999999995,10.245078334426397,11.1556,2.4159137783010487,1.1314021114911006,0.08157998699242287
12.6,0.38,0.66,2.6,0.088,10.0,41.0,1.001,3.17,0.68,9.8,0.2439024390184414,12.98,9.790209780429361,10.0489,2.379546134130174,1.2809338454620645,0.08434114843375087
11.6,0.41,0.54,1.5,0.095,22.0,41.0,0.99735,3.02,0.76,9.9,0.5365853658405711,12.01,9.92630469752213,9.1204,2.388762789235098,0.9162907318741551,0.09075436326846414
9.9,0.54,0.26,2.0,0.111,7.0,60.0,0.99709,2.94,0.98,10.2,0.11666666666472222,10.440000000000001,10.229768616444083,8.6436,2.4159137783010487,1.0986122886681096,0.10526051065749295
9.9,0.32,0.56,2.0,0.073,3.0,8.0,0.99534,3.15,0.73,11.4,0.374999999953125,10.22,11.453372705353576,9.9225,2.517696472610991,1.0986122886681096,0.07045846364856141
6.8,0.67,0.15,1.8,0.118,13.0,20.0,0.9954,3.42,0.67,11.3,0.6499999999675,7.47,11.352220201575026,11.696399999999999,2.509599262378372,1.0296194171811583,0.11154137473290741
6.8,0.48,0.25,2.0,0.076,29.0,61.0,0.9953,3.34,0.6,10.4,0.4754098360577802,7.279999999999999,10.44911081035958,11.1556,2.4336133554004498,1.0986122886681096,0.07325046173959267
11.3,0.36,0.66,2.4,0.123,3.0,8.0,0.99642,3.2,0.53,11.9,0.374999999953125,11.66,11.942755051140328,10.240000000000002,2.5572273113676265,1.2237754316221157,0.11600367575630613
10.2,0.24,0.49,2.4,0.075,10.0,28.0,0.9978,3.14,0.61,10.4,0.357142857130102,10.44,10.422930436537452,9.8596,2.4336133554004498,1.2237754316221157,0.07232066157962612
7.6,0.46,0.11,2.6,0.079,12.0,49.0,0.9968,3.21,0.57,10.0,0.24489795917867557,8.06,10.032102718667634,10.3041,2.3978952727983707,1.2809338454620645,0.0760346862759976
7.3,0.735,0.0,2.2,0.08,18.0,28.0,0.99765,3.41,0.6,9.4,0.6428571428341837,8.035,9.422142024335045,11.628100000000002,2.341805806147327,1.1631508098056809,0.07696104113612832
10.3,0.27,0.24,2.1,0.072,15.0,33.0,0.9956,3.22,0.66,12.8,0.4545454545316805,10.57,12.856568890260577,10.368400000000001,2.624668592163159,1.1314021114911006,0.06952606264861023
6.9,0.765,0.02,2.3,0.063,35.0,63.0,0.9975,3.57,0.78,9.9,0.5555555555467372,7.665,9.924812020125502,12.7449,2.388762789235098,1.1939224684724346,0.061095099359810875
7.1,0.66,0.0,3.9,0.086,17.0,45.0,0.9976,3.46,0.54,9.5,0.37777777776938276,7.76,9.52285484209818,11.9716,2.3513752571634776,1.589235205116581,0.08250122151174369
9.8,0.88,0.25,2.5,0.104,35.0,155.0,1.001,3.41,0.67,11.2,0.2258064516114464,10.680000000000001,11.188811177633555,11.628100000000002,2.501435951739211,1.252762968495368,0.09893994785490356
7.6,1.58,0.0,2.1,0.137,5.0,9.0,0.99476,3.5,0.4,10.9,0.5555555554938272,9.18,10.95741685335416,12.25,2.4765384001174837,1.1314021114911006,0.128393214768399
6.4,0.39,0.33,3.3,0.046,12.0,53.0,0.99294,3.36,0.62,12.2,0.22641509433535068,6.79,12.286744403199846,11.289599999999998,2.580216829592325,1.4586150226995167,0.044973365642731154
7.7,0.61,0.18,2.4,0.083,6.0,20.0,0.9963,3.29,0.6,10.2,0.299999999985,8.31,10.237880146303443,10.8241,2.4159137783010487,1.2237754316221157,0.07973496801885356
6.4,0.57,0.02,1.8,0.067,4.0,11.0,0.997,3.46,0.68,9.5,0.36363636360330576,6.970000000000001,9.528585747714558,11.9716,2.3513752571634776,1.0296194171811583,0.06485097231961631
7.7,0.96,0.2,2.0,0.047,15.0,60.0,0.9955,3.36,0.44,10.9,0.24999999999583336,8.66,10.94927171175362,11.289599999999998,2.4765384001174837,1.0986122886681096,0.045928931888399804
7.4,0.66,0.0,1.8,0.075,13.0,40.0,0.9978,3.51,0.56,9.4,0.324999999991875,8.06,9.42072558687039,12.320099999999998,2.341805806147327,1.0296194171811583,0.07232066157962612
8.3,0.31,0.39,2.4,0.078,17.0,43.0,0.99444,3.31,0.77,12.5,0.3953488372001082,8.610000000000001,12.569888567867455,10.956100000000001,2.6026896854443837,1.2237754316221157,0.07510747248680541
9.9,0.74,0.28,2.6,0.078,21.0,77.0,0.998,3.28,0.51,9.8,0.2727272727237308,10.64,9.819639268717797,10.758399999999998,2.379546134130174,1.2809338454620645,0.07510747248680541
6.9,0.63,0.02,1.9,0.078,18.0,30.0,0.99712,3.4,0.75,9.8,0.59999999998,7.53,9.828305510040613,11.559999999999999,2.379546134130174,1.0647107369924282,0.07510747248680541
9.2,0.63,0.21,2.7,0.097,29.0,65.0,0.9988,3.28,0.58,9.6,0.4461538461469822,9.83,9.611533830985648,10.758399999999998,2.3608540011180215,1.308332819650179,0.0925791812930932
7.5,0.64,0.0,2.4,0.077,18.0,29.0,0.9965,3.32,0.6,10.0,0.6206896551510107,8.14,10.035122920185525,11.0224,2.3978952727983707,1.2237754316221157,0.07417939817425151
8.7,0.46,0.31,2.5,0.126,24.0,64.0,0.99746,3.1,0.74,9.6,0.37499999999414063,9.16,9.62444608342746,9.610000000000001,2.3608540011180215,1.252762968495368,0.11867152971749864
9.2,0.46,0.23,2.6,0.091,18.0,77.0,0.99922,3.15,0.51,9.4,0.23376623376319783,9.66,9.407337714009591,9.9225,2.341805806147327,1.2809338454620645,0.08709470685093376
8.4,0.36,0.32,2.2,0.081,32.0,79.0,0.9964,3.3,0.72,11.0,0.4050632911341131,8.76,11.039743063990624,10.889999999999999,2.4849066497880004,1.1631508098056809,0.07788653865707122
6.5,0.34,0.27,2.8,0.067,8.0,44.0,0.99384,3.21,0.56,12.0,0.1818181818140496,6.84,12.074378157375053,10.3041,2.5649493574615367,1.33500106673234,0.06485097231961631
7.5,0.61,0.2,1.7,0.076,36.0,60.0,0.99494,3.1,0.4,9.3,0.5999999999900001,8.11,9.347297315066943,9.610000000000001,2.33214389523559,0.9932517730102834,0.07325046173959267
8.7,0.29,0.52,1.6,0.113,12.0,37.0,0.9969,3.25,0.58,9.5,0.32432432431555885,8.989999999999998,9.529541569335398,10.5625,2.3513752571634776,0.9555114450274365,0.10705907229340778
7.6,0.735,0.02,2.5,0.071,10.0,14.0,0.99538,3.51,0.71,11.7,0.7142857142346939,8.334999999999999,11.754304876776402,12.320099999999998,2.5416019934645457,1.252762968495368,0.06859279146561172
9.8,0.5,0.34,2.3,0.094,10.0,45.0,0.99864,3.24,0.6,9.7,0.22222222221728397,10.3,9.713209955826715,10.497600000000002,2.3702437414678603,1.1939224684724346,0.08984070399978947
8.5,0.37,0.2,2.8,0.09,18.0,58.0,0.998,3.34,0.7,9.6,0.31034482758085613,8.87,9.619238467315393,11.1556,2.3608540011180215,1.33500106673234,0.08617769624105233
12.8,0.3,0.74,2.6,0.095,9.0,28.0,0.9994,3.2,0.77,10.8,0.32142857141709186,13.100000000000001,10.806483879521231,10.240000000000002,2.468099531471619,1.2809338454620645,0.09075436326846414
6.9,0.54,0.04,3.0,0.077,7.0,27.0,0.9987,3.69,0.91,9.4,0.25925925924965704,7.44,9.412235897254195,13.6161,2.341805806147327,1.3862943611198906,0.07417939817425151
10.5,0.26,0.47,1.9,0.078,6.0,24.0,0.9976,3.18,1.04,10.9,0.24999999998958333,10.76,10.926222924091597,10.112400000000001,2.4765384001174837,1.0647107369924282,0.07510747248680541
9.3,0.49,0.36,1.7,0.081,3.0,14.0,0.99702,3.27,0.78,10.9,0.21428571427040816,9.790000000000001,10.932579074710057,10.6929,2.4765384001174837,0.9932517730102834,0.07788653865707122
10.0,0.58,0.22,1.9,0.08,9.0,32.0,0.9974,3.13,0.55,9.5,0.281249999991211,10.58,9.524764377857666,9.796899999999999,2.3513752571634776,1.0647107369924282,0.07696104113612832
7.9,0.52,0.26,1.9,0.079,42.0,140.0,0.9964,3.23,0.54,9.5,0.29999999999785715,8.42,9.53432355526463,10.4329,2.3513752571634776,1.0647107369924282,0.0760346862759976
9.4,0.685,0.26,2.4,0.082,23.0,143.0,0.9978,3.28,0.55,9.4,0.1608391608380361,10.085,9.42072558687039,10.758399999999998,2.341805806147327,1.2237754316221157,0.07881118042428978
7.8,0.58,0.13,2.1,0.102,17.0,36.0,0.9944,3.24,0.53,11.2,0.472222222209105,8.379999999999999,11.263073198649364,10.497600000000002,2.501435951739211,1.1314021114911006,0.09712671073072274
10.0,0.48,0.24,2.7,0.102,13.0,32.0,1.0,3.28,0.56,10.0,0.4062499999873047,10.48,9.99999999,10.758399999999998,2.3978952727983707,1.308332819650179,0.09712671073072274
9.3,0.43,0.44,1.9,0.085,9.0,22.0,0.99708,3.28,0.55,9.5,0.40909090907231405,9.73,9.527821228459281,10.758399999999998,2.3513752571634776,1.0647107369924282,0.08157998699242287
7.0,0.735,0.05,2.0,0.081,13.0,54.0,0.9966,3.39,0.57,9.8,0.2407407407362826,7.735,9.833433664626297,11.4921,2.379546134130174,1.0986122886681096,0.07788653865707122
7.1,0.59,0.0,2.2,0.078,26.0,44.0,0.99522,3.42,0.68,10.8,0.5909090908956612,7.6899999999999995,10.851871937007022,11.696399999999999,2.468099531471619,1.1631508098056809,0.07510747248680541
10.2,0.67,0.39,1.9,0.054,6.0,17.0,0.9976,3.17,0.47,10.0,0.352941176449827,10.87,10.0240577285244,10.0489,2.3978952727983707,1.0647107369924282,0.05259245011917058
13.0,0.47,0.49,4.3,0.085,6.0,47.0,1.0021,3.3,0.68,12.7,0.12765957446536896,13.47,12.673385876984945,10.889999999999999,2.617395832834079,1.667706820558076,0.08157998699242287
7.4,0.6,0.26,7.3,0.07,36.0,121.0,0.9982,3.37,0.49,9.4,0.29752066115456594,8.0,9.416950501485724,11.356900000000001,2.341805806147327,2.1162555148025524,0.06765864847381481
7.5,0.65,0.18,7.0,0.088,27.0,94.0,0.99915,3.38,0.77,9.4,0.2872340425501358,8.15,9.407996787861686,11.424399999999999,2.341805806147327,2.0794415416798357,0.08434114843375087
7.6,0.41,0.14,3.0,0.087,21.0,43.0,0.9964,3.32,0.57,10.5,0.4883720930118984,8.01,10.53793656108196,11.0224,2.4423470353692043,1.3862943611198906,0.08342160813907239
10.4,0.24,0.46,1.8,0.075,6.0,21.0,0.9976,3.25,1.02,10.8,0.28571428570068025,10.64,10.825982346806354,10.5625,2.468099531471619,1.0296194171811583,0.07232066157962612
7.4,0.41,0.24,1.8,0.066,18.0,47.0,0.9956,3.37,0.62,10.4,0.3829787233961069,7.8100000000000005,10.44596222333672,11.356900000000001,2.4336133554004498,1.0296194171811583,0.0639133257436528
6.6,0.44,0.15,2.1,0.076,22.0,53.0,0.9957,3.32,0.62,9.3,0.41509433961480957,7.04,9.340162690227817,11.0224,2.33214389523559,1.1314021114911006,0.07325046173959267
11.1,0.31,0.53,2.2,0.06,3.0,10.0,0.99572,3.02,0.83,10.9,0.29999999997,11.41,10.946852517829457,9.1204,2.4765384001174837,1.1631508098056809,0.058268908123975775
8.1,0.785,0.52,2.0,0.122,37.0,153.0,0.9969,3.21,0.69,9.3,0.24183006535789656,8.885,9.328919641559917,10.3041,2.33214389523559,1.0986122886681096,0.11511280710050457
6.6,0.5,0.01,1.5,0.06,17.0,26.0,0.9952,3.4,0.58,9.8,0.6538461538210059,7.1,9.84726687113418,11.559999999999999,2.379546134130174,0.9162907318741551,0.058268908123975775
11.5,0.42,0.48,2.6,0.077,8.0,20.0,0.99852,3.09,0.53,11.0,0.39999999998,11.92,11.016304119079935,9.5481,2.4849066497880004,1.2809338454620645,0.07417939817425151
5.8,0.61,0.11,1.8,0.066,18.0,28.0,0.99483,3.55,0.66,10.9,0.6428571428341837,6.41,10.956645848077917,12.6025,2.4765384001174837,1.0296194171811583,0.0639133257436528
7.3,0.32,0.23,2.3,0.066,35.0,70.0,0.99588,3.43,0.62,10.1,0.4999999999928571,7.62,10.141784140517146,11.7649,2.4069451083182885,1.1939224684724346,0.0639133257436528
7.5,0.31,0.41,2.4,0.065,34.0,60.0,0.99492,3.34,0.85,11.4,0.5666666666572222,7.81,11.45820768357435,11.1556,2.517696472610991,1.2237754316221157,0.06297479916138844
8.0,0.6,0.08,2.6,0.056,3.0,7.0,0.99286,3.22,0.37,13.0,0.4285714285102041,8.6,13.093487487567748,10.368400000000001,2.639057329615259,1.2809338454620645,0.054488185284069734
6.9,0.63,0.01,2.4,0.076,14.0,39.0,0.99522,3.34,0.53,10.8,0.35897435896515456,7.53,10.851871937007022,11.1556,2.468099531471619,1.2237754316221157,0.07325046173959267
9.0,0.8,0.12,2.4,0.083,8.0,28.0,0.99836,3.33,0.65,10.4,0.28571428570408164,9.8,10.417084007354978,11.0889,2.4336133554004498,1.2237754316221157,0.07973496801885356
8.4,0.67,0.19,2.2,0.093,11.0,75.0,0.99736,3.2,0.59,9.2,0.1466666666647111,9.07,9.224352280796952,10.240000000000002,2.322387720290225,1.1631508098056809,0.0889262091944015
6.0,0.5,0.0,1.4,0.057,15.0,26.0,0.99448,3.36,0.45,9.5,0.5769230769008876,6.5,9.552731065931209,11.289599999999998,2.3513752571634776,0.8754687373538999,0.055434706888100586
11.7,0.49,0.49,2.2,0.083,5.0,15.0,1.0,3.19,0.43,9.2,0.3333333333111111,12.19,9.199999990799999,10.1761,2.322387720290225,1.1631508098056809,0.07973496801885356
7.1,0.39,0.12,2.1,0.065,14.0,24.0,0.99252,3.3,0.53,13.3,0.5833333333090278,7.489999999999999,13.400233734937098,10.889999999999999,2.6602595372658615,1.1314021114911006,0.06297479916138844
12.5,0.56,0.49,2.4,0.064,5.0,27.0,0.9999,3.08,0.87,10.9,0.18518518517832647,13.06,10.901090098108721,9.4864,2.4765384001174837,1.2237754316221157,0.06203539091945264
8.3,0.26,0.37,1.4,0.076,8.0,23.0,0.9974,3.26,0.7,9.6,0.3478260869413989,8.56,9.625025055519325,10.6276,2.3608540011180215,0.8754687373538999,0.07325046173959267
6.8,0.59,0.06,6.0,0.06,11.0,18.0,0.9962,3.41,0.59,10.8,0.6111111110771605,7.39,10.841196535995588,11.628100000000002,2.468099531471619,1.9459101490553132,0.058268908123975775
5.3,0.47,0.11,2.2,0.048,16.0,89.0,0.99182,3.54,0.88,13.5666666666667,0.17977528089685646,5.77,13.678557251303808,12.531600000000001,2.678735813433437,1.1631508098056809,0.04688358589885042
9.1,0.28,0.48,1.8,0.067,26.0,46.0,0.9967,3.32,1.04,10.6,0.5652173912920605,9.379999999999999,10.63509580552313,11.0224,2.451005098112319,1.0296194171811583,0.06485097231961631
8.0,0.43,0.36,2.3,0.075,10.0,48.0,0.9976,3.34,0.46,9.4,0.20833333332899306,8.43,9.422614264812937,11.1556,2.341805806147327,1.1939224684724346,0.07232066157962612
8.6,0.45,0.31,2.6,0.086,21.0,50.0,0.9982,3.37,0.91,9.9,0.41999999999160004,9.049999999999999,9.917852123905178,11.356900000000001,2.388762789235098,1.2809338454620645,0.08250122151174369
8.3,0.43,0.3,3.4,0.079,7.0,34.0,0.99788,3.36,0.61,10.5,0.20588235293512114,8.73,10.522307280913228,11.289599999999998,2.4423470353692043,1.4816045409242156,0.0760346862759976
9.6,0.6,0.5,2.3,0.079,28.0,71.0,0.9997,3.5,0.57,9.7,0.3943661971775441,10.2,9.702910863556156,12.25,2.3702437414678603,1.1939224684724346,0.0760346862759976
7.7,0.6,0.06,2.0,0.079,19.0,41.0,0.99697,3.39,0.62,10.1,0.4634146341350387,8.3,10.130695998745503,11.4921,2.4069451083182885,1.0986122886681096,0.0760346862759976
7.7,0.665,0.0,2.4,0.09,8.0,19.0,0.9974,3.27,0.73,9.3,0.4210526315567867,8.365,9.324243022534347,10.6929,2.33214389523559,1.2237754316221157,0.08617769624105233
9.6,0.56,0.31,2.8,0.089,15.0,46.0,0.9979,3.11,0.92,10.0,0.3260869565146503,10.16,10.021044182762758,9.672099999999999,2.3978952727983707,1.33500106673234,0.08525984395082342
8.4,1.035,0.15,6.0,0.073,11.0,54.0,0.999,3.37,0.49,9.9,0.20370370369993143,9.435,9.909909899990081,11.356900000000001,2.388762789235098,1.9459101490553132,0.07045846364856141
11.3,0.37,0.5,1.8,0.09,20.0,47.0,0.99734,3.15,0.57,10.5,0.42553191488456316,11.67,10.5280044813925,9.9225,2.4423470353692043,1.0296194171811583,0.08617769624105233
9.3,0.61,0.26,3.4,0.09,25.0,87.0,0.99975,3.24,0.62,9.7,0.28735632183577753,9.91,9.702425596696749,10.497600000000002,2.3702437414678603,1.4816045409242156,0.08617769624105233
8.0,0.67,0.3,2.0,0.06,38.0,62.0,0.9958,3.26,0.56,10.2,0.6129032257965661,8.67,10.243020676598693,10.6276,2.4159137783010487,1.0986122886681096,0.058268908123975775
7.2,0.725,0.05,4.65,0.086,4.0,11.0,0.9962,3.41,0.39,10.9,0.36363636360330576,7.925,10.941577985402954,11.628100000000002,2.4765384001174837,1.7316555451583495,0.08250122151174369
7.2,0.39,0.32,1.8,0.065,34.0,60.0,0.99714,3.46,0.78,9.9,0.5666666666572222,7.59,9.92839520034459,11.9716,2.388762789235098,1.0296194171811583,0.06297479916138844
7.5,0.58,0.56,3.1,0.153,5.0,14.0,0.99476,3.21,1.03,11.6,0.35714285711734695,8.08,11.661104174211765,10.3041,2.533696813957432,1.410986973710262,0.14236724128692196
8.8,0.64,0.17,2.9,0.084,25.0,130.0,0.99818,3.23,0.54,9.6,0.19230769230621303,9.440000000000001,9.617503847384736,10.4329,2.3608540011180215,1.3609765531356006,0.08065790301745447
7.9,0.34,0.42,2.0,0.086,8.0,19.0,0.99546,3.35,0.6,11.4,0.4210526315567867,8.24,11.45199203237499,11.2225,2.517696472610991,1.0986122886681096,0.08250122151174369
7.0,0.55,0.13,2.2,0.075,15.0,35.0,0.9959,3.36,0.59,9.7,0.42857142855918373,7.55,9.73993371850594,11.289599999999998,2.3702437414678603,1.1631508098056809,0.07232066157962612
6.4,0.57,0.14,3.9,0.07,27.0,73.0,0.99669,3.32,0.48,9.2,0.3698630136935635,6.970000000000001,9.230553121601949,11.0224,2.322387720290225,1.589235205116581,0.06765864847381481
10.7,0.4,0.48,2.1,0.125,15.0,49.0,0.998,3.03,0.81,9.7,0.30612244897334445,11.1,9.719438868016594,9.1809,2.3702437414678603,1.1314021114911006,0.11778303565638346
7.1,0.27,0.6,2.1,0.074,17.0,25.0,0.99814,3.38,0.72,10.6,0.6799999999728,7.369999999999999,10.619752729457037,11.424399999999999,2.451005098112319,1.1314021114911006,0.07138999608667294
7.0,0.36,0.21,2.3,0.086,20.0,65.0,0.99558,3.4,0.54,10.1,0.30769230768757394,7.36,10.14484018346608,11.559999999999999,2.4069451083182885,1.1939224684724346,0.08250122151174369
7.8,0.43,0.32,2.8,0.08,29.0,58.0,0.9974,3.31,0.64,10.3,0.49999999999137934,8.23,10.326849799150944,10.956100000000001,2.424802725718295,1.33500106673234,0.07696104113612832
10.1,0.27,0.54,2.3,0.065,7.0,26.0,0.99531,3.17,0.53,12.5,0.2692307692204142,10.37,12.558901234229635,10.0489,2.6026896854443837,1.1939224684724346,0.06297479916138844
11.5,0.31,0.51,2.2,0.079,14.0,28.0,0.9982,3.03,0.93,9.8,0.49999999998214284,11.81,9.817671799421287,9.1809,2.379546134130174,1.1631508098056809,0.0760346862759976
7.1,0.71,0.0,1.9,0.08,14.0,35.0,0.9972,3.47,0.55,9.4,0.39999999998857144,7.81,9.426393893475337,12.0409,2.341805806147327,1.0647107369924282,0.07696104113612832
7.6,0.4,0.29,1.9,0.078,29.0,66.0,0.9971,3.45,0.59,9.5,0.4393939393872819,8.0,9.52763011781403,11.902500000000002,2.3513752571634776,1.0647107369924282,0.07510747248680541
9.6,0.41,0.37,2.3,0.091,10.0,23.0,0.99786,3.24,0.56,10.5,0.43478260867674856,10.01,10.522518178379213,10.497600000000002,2.4423470353692043,1.1939224684724346,0.08709470685093376
7.1,0.69,0.04,2.1,0.068,19.0,27.0,0.99712,3.44,0.67,9.8,0.7037037036776406,7.789999999999999,9.828305510040613,11.833599999999999,2.379546134130174,1.1314021114911006,0.0657877405380031
8.8,0.59,0.18,2.9,0.089,12.0,74.0,0.99738,3.14,0.54,9.4,0.16216216215997079,9.39,9.424692685411085,9.8596,2.341805806147327,1.3609765531356006,0.08525984395082342
7.2,0.33,0.33,1.7,0.061,3.0,13.0,0.996,3.23,1.1,10.0,0.2307692307514793,7.53,10.0401606324898,10.4329,2.3978952727983707,0.9932517730102834,0.05921185963184608
9.9,0.53,0.57,2.4,0.093,30.0,52.0,0.9971,3.19,0.76,11.6,0.5769230769119823,10.43,11.633737828067659,10.1761,2.533696813957432,1.2237754316221157,0.0889262091944015
7.4,0.68,0.16,1.8,0.078,12.0,39.0,0.9977,3.5,0.7,9.9,0.3076923076844182,8.08,9.922822481785284,12.25,2.388762789235098,1.0296194171811583,0.07510747248680541
7.6,0.74,0.0,1.9,0.1,6.0,12.0,0.99521,3.36,0.59,11.0,0.49999999995833333,8.34,11.052943588737108,11.289599999999998,2.4849066497880004,1.0647107369924282,0.09531017980432487
7.3,0.4,0.3,1.7,0.08,33.0,79.0,0.9969,3.41,0.65,9.5,0.4177215189820541,7.7,9.529541569335398,11.628100000000002,2.3513752571634776,0.9932517730102834,0.07696104113612832
5.6,0.62,0.03,1.5,0.08,6.0,13.0,0.99498,3.66,0.62,10.1,0.4615384615029586,6.22,10.150957797994977,13.395600000000002,2.4069451083182885,0.9162907318741551,0.07696104113612832
10.0,0.49,0.2,11.0,0.071,13.0,50.0,1.0015,3.16,0.69,9.2,0.2599999999948,10.49,9.186220659824041,9.985600000000002,2.322387720290225,2.4849066497880004,0.06859279146561172
8.6,0.52,0.38,1.5,0.096,5.0,18.0,0.99666,3.2,0.52,9.4,0.2777777777623457,9.12,9.431501204591836,10.240000000000002,2.341805806147327,0.9162907318741551,0.0916671885258238
7.5,0.755,0.0,1.9,0.084,6.0,12.0,0.99672,3.34,0.49,9.7,0.49999999995833333,8.255,9.73192069013171,11.1556,2.3702437414678603,1.0647107369924282,0.08065790301745447
9.0,0.39,0.4,1.3,0.044,25.0,50.0,0.99478,3.2,0.83,10.9,0.49999999999000005,9.39,10.957196555060218,10.240000000000002,2.4765384001174837,0.832909122935104,0.04305948946044697
9.4,0.5,0.34,3.6,0.082,5.0,14.0,0.9987,3.29,0.52,10.7,0.35714285711734695,9.9,10.713928095810624,10.8241,2.4595888418037104,1.5260563034950494,0.07881118042428978
6.2,0.46,0.17,1.6,0.073,7.0,11.0,0.99425,3.61,0.54,11.4,0.6363636363057851,6.66,11.465929080748374,13.0321,2.517696472610991,0.9555114450274365,0.07045846364856141
7.8,0.57,0.09,2.3,0.065,34.0,45.0,0.99417,3.46,0.74,12.7,0.7555555555387655,8.37,12.77447517751041,11.9716,2.617395832834079,1.1939224684724346,0.06297479916138844
8.6,0.645,0.25,2.0,0.083,8.0,28.0,0.99815,3.28,0.6,10.0,0.28571428570408164,9.245,10.0185342783965,10.758399999999998,2.3978952727983707,1.0986122886681096,0.07973496801885356
6.1,0.58,0.23,2.5,0.044,16.0,70.0,0.99352,3.46,0.65,12.5,0.22857142856816326,6.68,12.581528290742483,11.9716,2.6026896854443837,1.252762968495368,0.04305948946044697
7.9,0.54,0.34,2.5,0.076,8.0,17.0,0.99235,3.2,0.72,13.1,0.470588235266436,8.440000000000001,13.200987541491422,10.240000000000002,2.6461747973841225,1.252762968495368,0.07325046173959267
8.2,0.73,0.21,1.7,0.074,5.0,13.0,0.9968,3.2,0.52,9.5,0.3846153845857988,8.93,9.530497582734252,10.240000000000002,2.3513752571634776,0.9932517730102834,0.07138999608667294
7.9,0.18,0.4,2.2,0.049,38.0,67.0,0.996,3.33,0.93,11.3,0.5671641790960125,8.08,11.345381514713473,11.0889,2.509599262378372,1.1631508098056809,0.04783732941416013
7.2,0.66,0.33,2.5,0.068,34.0,102.0,0.99414,3.27,0.78,12.8,0.3333333333300654,7.86,12.875450124856208,10.6929,2.624668592163159,1.252762968495368,0.0657877405380031
6.8,0.48,0.08,1.8,0.074,40.0,64.0,0.99529,3.12,0.49,9.6,0.6249999999902344,7.279999999999999,9.645429965492037,9.7344,2.3608540011180215,1.0296194171811583,0.07138999608667294
5.0,0.74,0.0,1.2,0.041,16.0,46.0,0.99258,4.01,0.59,12.5,0.34782608694896033,5.74,12.593443336966851,16.080099999999998,2.6026896854443837,0.7884573603642702,0.04018178963283183
7.9,0.65,0.01,2.5,0.078,17.0,38.0,0.9963,3.34,0.74,11.7,0.4473684210408588,8.55,11.74345075605395,11.1556,2.5416019934645457,1.252762968495368,0.07510747248680541
12.3,0.5,0.49,2.2,0.089,5.0,14.0,1.0002,3.19,0.44,9.6,0.35714285711734695,12.8,9.598080374327052,10.1761,2.3608540011180215,1.1631508098056809,0.08525984395082342
10.6,0.31,0.49,2.5,0.067,6.0,21.0,0.9987,3.26,0.86,10.7,0.28571428570068025,10.91,10.713928095810624,10.6276,2.4595888418037104,1.252762968495368,0.06485097231961631
8.2,0.56,0.23,3.4,0.078,14.0,104.0,0.9976,3.28,0.62,9.4,0.13461538461409023,8.76,9.422614264812937,10.758399999999998,2.341805806147327,1.4816045409242156,0.07510747248680541
9.5,0.55,0.66,2.3,0.387,12.0,37.0,0.9982,3.17,0.67,9.6,0.32432432431555885,10.05,9.617311150453505,10.0489,2.3608540011180215,1.1939224684724346,0.32714314133269456
12.0,0.63,0.5,1.4,0.071,6.0,26.0,0.99791,3.07,0.6,10.4,0.23076923076035502,12.63,10.421781512940264,9.4249,2.4336133554004498,0.8754687373538999,0.06859279146561172
10.4,0.575,0.61,2.6,0.076,11.0,24.0,1.0,3.16,0.69,9.0,0.4583333333142361,10.975,8.999999991,9.985600000000002,2.302585092994046,1.2809338454620645,0.07325046173959267
9.4,0.395,0.46,4.6,0.094,3.0,10.0,0.99639,3.27,0.64,12.2,0.29999999997,9.795,12.244201555370687,10.6929,2.580216829592325,1.7227665977411035,0.08984070399978947
11.4,0.6,0.49,2.7,0.085,10.0,41.0,0.9994,3.15,0.63,10.5,0.2439024390184414,12.0,10.506303771756752,9.9225,2.4423470353692043,1.308332819650179,0.08157998699242287
9.0,0.47,0.31,2.7,0.084,24.0,125.0,0.9984,3.31,0.61,9.4,0.19199999999846398,9.47,9.415064093133951,10.956100000000001,2.341805806147327,1.308332819650179,0.08065790301745447
11.2,0.67,0.55,2.3,0.084,6.0,13.0,1.0,3.17,0.71,9.5,0.4615384615029586,11.87,9.4999999905,10.0489,2.3513752571634776,1.1939224684724346,0.08065790301745447
9.8,0.5,0.49,2.6,0.25,5.0,20.0,0.999,3.31,0.79,10.7,0.2499999999875,10.3,10.710710699989278,10.956100000000001,2.4595888418037104,1.2809338454620645,0.22314355131420976
9.8,0.98,0.32,2.3,0.078,35.0,152.0,0.998,3.25,0.48,9.4,0.23026315789322196,10.780000000000001,9.418837665912989,10.5625,2.341805806147327,1.1939224684724346,0.07510747248680541
7.3,0.49,0.1,2.6,0.068,4.0,14.0,0.99562,3.3,0.47,10.5,0.2857142856938775,7.79,10.546192311779402,10.889999999999999,2.4423470353692043,1.2809338454620645,0.0657877405380031
7.1,0.72,0.0,1.8,0.123,6.0,14.0,0.99627,3.45,0.58,9.8,0.4285714285408163,7.819999999999999,9.836690847022705,11.902500000000002,2.379546134130174,1.0296194171811583,0.11600367575630613
6.7,0.48,0.08,2.1,0.064,18.0,34.0,0.99552,3.33,0.64,9.7,0.5294117646903115,7.18,9.74365154919675,11.0889,2.3702437414678603,1.1314021114911006,0.06203539091945264
7.6,0.68,0.02,1.3,0.072,9.0,20.0,0.9965,3.17,1.08,9.2,0.4499999999775,8.28,9.232313086570683,10.0489,2.322387720290225,0.832909122935104,0.06952606264861023
7.5,1.115,0.1,3.1,0.086,5.0,12.0,0.9958,3.54,0.6,11.2,0.41666666663194446,8.615,11.247238389990722,12.531600000000001,2.501435951739211,1.410986973710262,0.08250122151174369
8.2,0.32,0.42,2.3,0.098,3.0,9.0,0.99506,3.27,0.55,12.3,0.3333333332962963,8.52,12.361063642030569,10.6929,2.5877640352277083,1.1939224684724346,0.09349034308733889
7.2,0.58,0.03,2.3,0.077,7.0,28.0,0.99568,3.35,0.52,10.0,0.24999999999107142,7.78,10.04338742362668,11.2225,2.3978952727983707,1.1939224684724346,0.07417939817425151
9.8,0.66,0.39,3.2,0.083,21.0,59.0,0.9989,3.37,0.71,11.5,0.3559322033837978,10.46,11.512663918798014,11.356900000000001,2.5257286443082556,1.4350845252893227,0.07973496801885356
8.0,0.71,0.0,2.6,0.08,11.0,34.0,0.9976,3.44,0.53,9.5,0.32352941175519034,8.71,9.52285484209818,11.833599999999999,2.3513752571634776,1.2809338454620645,0.07696104113612832
6.3,0.55,0.15,1.8,0.077,26.0,35.0,0.99314,3.32,0.82,11.6,0.7428571428359184,6.85,11.6801256502808,11.0224,2.533696813957432,1.0296194171811583,0.07417939817425151
7.3,0.67,0.26,1.8,0.401,16.0,51.0,0.9969,3.16,1.14,9.4,0.31372549018992696,7.97,9.429230605447657,9.985600000000002,2.341805806147327,1.0296194171811583,0.33718626735486995
7.3,0.69,0.32,2.2,0.069,35.0,104.0,0.99632,3.33,0.51,9.5,0.3365384615352256,7.99,9.5350891184207,11.0889,2.3513752571634776,1.1631508098056809,0.06672363204290818
7.7,0.64,0.21,2.2,0.077,32.0,133.0,0.9956,3.27,0.45,9.9,0.24060150375758949,8.34,9.943752501060915,10.6929,2.388762789235098,1.1631508098056809,0.07417939817425151
6.8,0.66,0.07,1.6,0.07,16.0,61.0,0.99572,3.29,0.6,9.3,0.26229508196291323,7.46,9.33997508401963,10.8241,2.33214389523559,0.9555114450274365,0.06765864847381481
7.9,0.72,0.01,1.9,0.076,7.0,32.0,0.99668,3.39,0.54,9.6,0.21874999999316408,8.620000000000001,9.63197815785209,11.4921,2.3608540011180215,1.0647107369924282,0.07325046173959267
8.2,0.33,0.39,2.5,0.074,29.0,48.0,0.99528,3.32,0.88,12.4,0.6041666666540799,8.53,12.458805549735947,11.0224,2.5952547069568657,1.252762968495368,0.07138999608667294
8.8,0.27,0.39,2.0,0.1,20.0,27.0,0.99546,3.15,0.69,11.2,0.7407407407133059,9.07,11.251079891456131,9.9225,2.501435951739211,1.0986122886681096,0.09531017980432487
7.0,0.58,0.12,1.9,0.091,34.0,124.0,0.9956,3.44,0.48,10.5,0.2741935483848855,7.58,10.54640416779188,11.833599999999999,2.4423470353692043,1.0647107369924282,0.08709470685093376
8.2,0.6,0.17,2.3,0.072,11.0,73.0,0.9963,3.2,0.45,9.3,0.15068493150478512,8.799999999999999,9.33453778045314,10.240000000000002,2.33214389523559,1.1939224684724346,0.06952606264861023
9.0,0.4,0.43,2.4,0.068,29.0,46.0,0.9943,3.2,0.6,12.2,0.6304347825949906,9.4,12.26993863796647,10.240000000000002,2.580216829592325,1.2237754316221157,0.0657877405380031
6.8,0.785,0.0,2.4,0.104,14.0,30.0,0.9966,3.52,0.55,10.7,0.4666666666511111,7.585,10.736504103214424,12.3904,2.4595888418037104,1.2237754316221157,0.09893994785490356
9.2,0.43,0.52,2.3,0.083,14.0,23.0,0.9976,3.35,0.61,11.3,0.608695652147448,9.629999999999999,11.327185233232573,11.2225,2.509599262378372,1.1939224684724346,0.07973496801885356
6.8,0.59,0.1,1.7,0.063,34.0,53.0,0.9958,3.41,0.67,9.7,0.6415094339501602,7.39,9.74091181990268,11.628100000000002,2.3702437414678603,0.9932517730102834,0.061095099359810875
6.3,0.6,0.1,1.6,0.048,12.0,26.0,0.99306,3.55,0.51,12.1,0.46153846152071004,6.8999999999999995,12.184560840045354,12.6025,2.5726122302071057,0.9555114450274365,0.04688358589885042
9.1,0.5,0.3,1.9,0.065,8.0,17.0,0.99774,3.32,0.71,10.5,0.470588235266436,9.6,10.523783740730268,11.0224,2.4423470353692043,1.0647107369924282,0.06297479916138844
6.6,0.96,0.0,1.8,0.082,5.0,16.0,0.9936,3.5,0.44,11.9,0.31249999998046873,7.56,11.976650551553291,12.25,2.5572273113676265,1.0296194171811583,0.07881118042428978
6.3,0.57,0.28,2.1,0.048,13.0,49.0,0.99374,3.41,0.6,12.8,0.2653061224435652,6.87,12.880632748122617,11.628100000000002,2.624668592163159,1.1314021114911006,0.04688358589885042
8.6,0.685,0.1,1.6,0.092,3.0,12.0,0.99745,3.31,0.65,9.55,0.24999999997916666,9.285,9.574414748033071,10.956100000000001,2.3561258599220753,0.9555114450274365,0.0880108773227133
6.4,0.53,0.09,3.9,0.123,14.0,31.0,0.9968,3.5,0.67,11.0,0.4516129032112383,6.930000000000001,11.035312990534397,12.25,2.4849066497880004,1.589235205116581,0.11600367575630613
7.4,0.49,0.19,3.0,0.077,16.0,37.0,0.9966,3.37,0.51,10.5,0.4324324324207451,7.890000000000001,10.535821783528174,11.356900000000001,2.4423470353692043,1.3862943611198906,0.07417939817425151
8.0,0.83,0.27,2.0,0.08,11.0,63.0,0.99652,3.29,0.48,9.8,0.17460317460040314,8.83,9.834223086506823,10.8241,2.379546134130174,1.0986122886681096,0.07696104113612832
9.0,0.4,0.41,2.0,0.058,15.0,40.0,0.99414,3.22,0.6,12.2,0.37499999999062505,9.4,12.271913400253572,10.368400000000001,2.580216829592325,1.0986122886681096,0.05638033343610764
4.7,0.6,0.17,2.3,0.058,17.0,106.0,0.9932,3.85,0.6,12.9,0.16037735848905305,5.3,12.988320566866372,14.822500000000002,2.631888840136646,1.1939224684724346,0.05638033343610764
6.5,0.61,0.0,2.2,0.095,48.0,59.0,0.99541,3.61,0.7,11.5,0.8135593220201092,7.11,11.55302838875134,13.0321,2.5257286443082556,1.1631508098056809,0.09075436326846414
7.3,0.34,0.33,2.5,0.064,21.0,37.0,0.9952,3.35,0.77,12.1,0.5675675675522279,7.64,12.158360116400361,11.2225,2.5726122302071057,1.252762968495368,0.06203539091945264
8.5,0.46,0.59,1.4,0.414,16.0,45.0,0.99702,3.03,1.34,9.2,0.35555555554765433,8.96,9.227497934617663,9.1809,2.322387720290225,0.8754687373538999,0.346422567474381
6.4,0.36,0.21,2.2,0.047,26.0,48.0,0.99661,3.47,0.77,9.7,0.541666666655382,6.760000000000001,9.732994842784043,12.0409,2.3702437414678603,1.1631508098056809,0.045928931888399804
7.2,0.49,0.18,2.7,0.069,13.0,34.0,0.9967,3.29,0.48,9.2,0.38235294116522495,7.69,9.230460510454037,10.8241,2.322387720290225,1.308332819650179,0.06672363204290818
10.2,0.44,0.58,4.1,0.092,11.0,24.0,0.99745,3.29,0.99,12.0,0.4583333333142361,10.639999999999999,12.030678217423754,10.8241,2.5649493574615367,1.62924053973028,0.0880108773227133
7.8,0.34,0.37,2.0,0.082,24.0,58.0,0.9964,3.34,0.59,9.4,0.4137931034411415,8.14,9.433962254682898,11.1556,2.341805806147327,1.0986122886681096,0.07881118042428978
9.7,0.42,0.46,2.1,0.074,5.0,16.0,0.99649,3.27,0.74,12.3,0.31249999998046873,10.12,12.343325058612406,10.6929,2.5877640352277083,1.1314021114911006,0.07138999608667294
7.2,0.6,0.04,2.5,0.076,18.0,88.0,0.99745,3.53,0.55,9.5,0.20454545454313017,7.8,9.524286922127137,12.460899999999999,2.3513752571634776,1.252762968495368,0.07325046173959267
6.9,0.36,0.25,2.4,0.098,5.0,16.0,0.9964,3.41,0.6,10.1,0.31249999998046873,7.260000000000001,10.136491358755027,11.628100000000002,2.4069451083182885,1.2237754316221157,0.09349034308733889
9.5,0.86,0.26,1.9,0.079,13.0,28.0,0.99712,3.25,0.62,10.0,0.4642857142691327,10.36,10.028883173510827,10.5625,2.3978952727983707,1.0647107369924282,0.0760346862759976
9.3,0.36,0.39,1.5,0.08,41.0,55.0,0.99652,3.47,0.73,10.9,0.7454545454409918,9.66,10.938064453359628,12.0409,2.4765384001174837,0.9162907318741551,0.07696104113612832
9.2,0.92,0.24,2.6,0.087,12.0,93.0,0.9998,3.48,0.54,9.8,0.12903225806312868,10.12,9.801960382274496,12.1104,2.379546134130174,1.2809338454620645,0.08342160813907239
7.9,0.57,0.31,2.0,0.079,10.0,79.0,0.99677,3.29,0.69,9.5,0.12658227847941034,8.47,9.53078442415925,10.8241,2.3513752571634776,1.0986122886681096,0.0760346862759976
12.0,0.38,0.56,2.1,0.093,6.0,24.0,0.99925,3.14,0.71,10.9,0.24999999998958333,12.38,10.908181124935522,9.8596,2.4765384001174837,1.1314021114911006,0.0889262091944015
8.5,0.4,0.4,6.3,0.05,3.0,10.0,0.99566,3.28,0.56,12.0,0.29999999997,8.9,12.052307000329122,10.758399999999998,2.5649493574615367,1.9878743481543455,0.04879016416943201
6.1,0.32,0.25,2.3,0.071,23.0,58.0,0.99633,3.42,0.97,10.6,0.39655172413109396,6.42,10.639045285558955,11.696399999999999,2.451005098112319,1.1939224684724346,0.06859279146561172
8.0,0.25,0.43,1.7,0.067,22.0,50.0,0.9946,3.38,0.6,11.9,0.43999999999120004,8.25,11.964608875965606,11.424399999999999,2.5572273113676265,0.9932517730102834,0.06485097231961631
