age,daily_social_media_hours,sleep_hours,screen_time_before_sleep,academic_performance,physical_activity,anxiety_level,addiction_level,depression_label,gender,platform_usage,social_interaction_level
1.0240049297866194,-1.354571085313629,-0.4075341609748106,-0.003422997290252508,0.9455557569459585,-1.4226138089179434,-0.1912498900650458,-1.715731238282246,-0.1635174850419322,0.0,2.0,1.0
1.0240049297866194,1.232798202772087,-1.138999991320247,0.5390235871302541,-0.7832300881358197,-0.1740473246526601,-1.7241048503790528,1.5137689813775845,-0.1635174850419322,0.0,1.0,0.0
-0.44555402428875895,1.32271786953742,-0.4787499811181418,1.560777685152403,0.881464643702809,1.3560247658602866,0.49076280145649415,0.894325408286136,-0.1635174850419322,0.0,0.0,2.0
0.543222251643536,-1.0208019225091476,-1.4448376346308454,0.40563889553436827,0.5725751070889692,-0.524357172984043,0.1544340291715269,-0.11057994039768024,-0.1635174850419322,0.0,1.0,1.0
0.543222251643536,-0.3892300702681407,-0.7677484035526727,-1.490741225592954,-1.5840256456562145,-0.34864448663654474,0.8191207066143766,1.5137689813775845,-0.1635174850419322,0.0,2.0,0.0
0.05360183387341284,0.9140140580199679,-0.6948609147257517,-0.4274218107822367,-0.9501190133242539,1.5221862666845152,1.140556266826319,-0.11057994039768024,-0.1635174850419322,1.0,2.0,2.0
-0.44555402428875895,-0.2877485763542665,1.5113877700108176,-0.8688890132809265,-0.22600755120798224,-1.2399917830476341,1.4558891884733496,0.23672891412393632,-0.1635174850419322,0.0,0.0,0.0
-1.4757996087474416,-0.2877485763542665,1.5113877700108176,-0.28428741624389964,-0.42073465957122735,-0.524357172984043,-1.7241048503790528,-0.47374386050515327,-0.1635174850419322,1.0,0.0,1.0
1.0240049297866194,1.5011070047855046,-1.2146876935998583,-0.4274218107822367,0.1542534952128012,-0.7012588509314922,0.1544340291715269,0.23672891412393632,-0.1635174850419322,1.0,2.0,2.0
-0.44555402428875895,-1.4691939703974366,-0.7677484035526727,-0.28428741624389964,1.0727936795515087,0.8533362631721321,-0.5481931811589248,-0.8569407439821098,-0.1635174850419322,0.0,1.0,0.0
0.543222251643536,0.060384881498312976,-0.9148555078314746,1.0593237239285143,-1.5052354318377899,-0.000500383324214444,-0.1912498900650458,0.23672891412393632,-0.1635174850419322,1.0,2.0,2.0
1.0240049297866194,-1.1305051137713682,0.8132750767709701,-1.8191897405928399,0.017348002828467896,1.1891817846824706,0.8191207066143766,0.5710179026968245,-0.1635174850419322,0.0,2.0,2.0
-0.9550457526179861,1.5896038428398411,-0.4787499811181418,-0.14298535818167485,1.1831160987207288,-0.7012588509314922,-0.9191654829284832,-0.47374386050515327,-0.1635174850419322,1.0,1.0,2.0
0.05360183387341284,0.1580025306278114,0.21645392692877596,-0.4274218107822367,-0.9128224289344471,-1.2399917830476341,-0.9191654829284832,-1.715731238282246,-0.1635174850419322,0.0,1.0,1.0
1.0240049297866194,-0.1372587708917808,0.08029463334037092,-0.4274218107822367,-0.0690042524327977,0.8533362631721321,0.1544340291715269,-0.47374386050515327,-0.1635174850419322,1.0,2.0,1.0
1.4965627105912247,1.32271786953742,0.6827826110741356,-0.28428741624389964,-0.1909407528546032,-0.000500383324214444,0.8191207066143766,-0.11057994039768024,-0.1635174850419322,0.0,0.0,2.0
1.4965627105912247,0.35099631856497027,0.35127642696725764,0.8017138485970642,-1.5840256456562145,-1.4226138089179434,-0.5481931811589248,0.894325408286136,-0.1635174850419322,1.0,2.0,0.0
0.543222251643536,-1.2979337421578345,-1.3675937313640782,-0.003422997290252508,-0.5283113532838831,-1.7932995761558612,-0.5481931811589248,-1.2668614023614053,-0.1635174850419322,1.0,0.0,2.0
0.543222251643536,-0.9125062780951316,0.748174617252752,-0.28428741624389964,0.47344767123286713,0.684270124910551,0.49076280145649415,-0.8569407439821098,-0.1635174850419322,1.0,1.0,1.0
-1.4757996087474416,0.44643194171372647,-1.679898435950304,0.40563889553436827,1.4164490967654848,1.5221862666845152,1.4558891884733496,0.894325408286136,-0.1635174850419322,1.0,1.0,2.0
-0.44555402428875895,-0.9125062780951316,1.386789862955685,-1.3312230541969663,-0.0690042524327977,0.5143946858625097,-0.9191654829284832,-1.715731238282246,-0.1635174850419322,0.0,0.0,1.0
-0.44555402428875895,1.3674937775823721,1.3241176047960659,0.27081450088117354,1.2769448208706549,-0.34864448663654474,1.140556266826319,-0.47374386050515327,-0.1635174850419322,0.0,0.0,0.0
0.05360183387341284,1.5896038428398411,1.5113877700108176,1.0593237239285143,-1.1955738940664837,-0.524357172984043,0.49076280145649415,-0.47374386050515327,-0.1635174850419322,1.0,1.0,0.0
1.4965627105912247,1.3674937775823721,-0.19623537091716278,-0.8688890132809265,-1.466051301767002,1.0216291187610227,-0.5481931811589248,-1.715731238282246,-0.1635174850419322,1.0,2.0,0.0
0.543222251643536,0.3987996661979307,0.2840293044794417,0.27081450088117354,0.7360804921789776,1.0216291187610227,0.1544340291715269,0.894325408286136,-0.1635174850419322,0.0,0.0,1.0
-0.9550457526179861,-1.8869729800593313,0.1485443972737282,-0.4274218107822367,-1.7232922021545976,1.5221862666845152,-0.1912498900650458,-0.11057994039768024,-0.1635174850419322,0.0,0.0,1.0
0.543222251643536,-1.0754713099518136,-0.26628463287827686,-1.490741225592954,1.1831160987207288,0.8533362631721321,1.140556266826319,-1.2668614023614053,-0.1635174850419322,1.0,2.0,1.0
1.0240049297866194,-1.4691939703974366,1.386789862955685,-1.020481110075995,0.6218483385282111,0.5143946858625097,-1.7241048503790528,0.5710179026968245,-0.1635174850419322,0.0,1.0,2.0
1.0240049297866194,1.3674937775823721,0.748174617252752,0.8017138485970642,-1.0062931703904374,-0.1740473246526601,-1.7241048503790528,-0.47374386050515327,-0.1635174850419322,0.0,1.0,0.0
0.543222251643536,1.005764365828633,1.0708529170514978,0.671029675894705,-1.3493262639963117,-0.000500383324214444,0.8191207066143766,1.5137689813775845,-0.1635174850419322,0.0,1.0,0.0
-1.4757996087474416,1.232798202772087,0.08029463334037092,-0.14298535818167485,-1.7032873221923566,-1.2399917830476341,1.4558891884733496,0.23672891412393632,-0.1635174850419322,0.0,0.0,2.0
1.0240049297866194,-0.805525388002438,0.748174617252752,-1.6533117598930798,-1.2721856753530298,-0.000500383324214444,0.49076280145649415,-0.47374386050515327,-0.1635174850419322,1.0,2.0,0.0
0.05360183387341284,-1.2979337421578345,0.9426198985887332,1.4370323946529182,-1.5642749071286417,-0.7012588509314922,0.1544340291715269,0.894325408286136,-0.1635174850419322,1.0,0.0,2.0
1.0240049297866194,1.4121494557963326,0.6827826110741356,0.1344843807459184,0.8653919433958647,-1.7932995761558612,-0.5481931811589248,-1.2668614023614053,-0.1635174850419322,1.0,1.0,1.0
-0.44555402428875895,1.5011070047855046,1.0708529170514978,-0.5724902115541441,1.3546285220668226,0.17205474741716534,0.1544340291715269,-0.11057994039768024,-0.1635174850419322,1.0,1.0,2.0
-0.44555402428875895,0.25486272761128687,-0.05725090240451368,-0.28428741624389964,-0.4923433829189565,0.17205474741716534,-1.3085319993581312,-0.11057994039768024,-0.1635174850419322,0.0,2.0,0.0
-0.9550457526179861,-1.764649843030275,0.41820101420353395,0.671029675894705,1.431859398660455,-0.34864448663654474,1.4558891884733496,-0.11057994039768024,-0.1635174850419322,0.0,0.0,1.0
-0.44555402428875895,-1.1859169214708323,-1.3675937313640782,-0.5724902115541441,-0.5643896394478861,1.1891817846824706,-1.3085319993581312,0.23672891412393632,-0.1635174850419322,1.0,0.0,1.0
0.05360183387341284,-0.44033520687645467,1.6350136766143886,0.27081450088117354,-1.5445597438465837,1.1891817846824706,-0.1912498900650458,-1.2668614023614053,-0.1635174850419322,1.0,0.0,1.0
0.05360183387341284,-0.2877485763542665,0.748174617252752,0.5390235871302541,0.4900232299679504,-0.1740473246526601,-0.9191654829284832,-1.2668614023614053,-0.1635174850419322,1.0,2.0,1.0
1.4965627105912247,1.2778199534505161,0.011698359457527993,1.560777685152403,1.4164490967654848,-0.000500383324214444,-0.5481931811589248,-0.11057994039768024,-0.1635174850419322,0.0,1.0,2.0
-0.44555402428875895,0.9599582867341014,-0.6948609147257517,0.5390235871302541,0.8170529124432034,1.3560247658602866,-0.9191654829284832,0.23672891412393632,-0.1635174850419322,1.0,2.0,1.0
-0.9550457526179861,-0.1871985627031522,-0.9148555078314746,0.40563889553436827,0.9295627935672861,-0.524357172984043,1.140556266826319,-1.715731238282246,-0.1635174850419322,1.0,2.0,0.0
1.4965627105912247,-0.44033520687645467,-0.5503706686590246,-0.003422997290252508,1.0252254917379955,0.8533362631721321,-0.5481931811589248,-0.8569407439821098,-0.1635174850419322,0.0,0.0,1.0
0.05360183387341284,0.7753291994222422,0.748174617252752,1.0593237239285143,0.3232716638735422,-0.879432749798081,0.1544340291715269,1.5137689813775845,-0.1635174850419322,0.0,0.0,1.0
-1.4757996087474416,0.0112817071387272,0.21645392692877596,0.671029675894705,1.2769448208706549,-1.2399917830476341,-0.1912498900650458,1.5137689813775845,-0.1635174850419322,1.0,0.0,1.0
-0.9550457526179861,1.1423756380794456,0.011698359457527993,-1.1745348256468418,-1.6833193069200196,0.5143946858625097,-0.1912498900650458,1.2081806411913485,-0.1635174850419322,0.0,2.0,2.0
-1.4757996087474416,-1.7044388412905458,1.6350136766143886,1.1863444427452885,0.9774824645327043,0.3436706052506409,-0.1912498900650458,-1.2668614023614053,-0.1635174850419322,0.0,1.0,0.0
-0.9550457526179861,-0.8588568552171707,-0.9890951885826851,1.0593237239285143,1.5697569955546198,1.3560247658602866,-0.9191654829284832,-0.47374386050515327,-0.1635174850419322,1.0,1.0,0.0
1.0240049297866194,0.060384881498312976,0.2840293044794417,-0.28428741624389964,-0.9875376940791484,0.684270124910551,1.4558891884733496,-1.2668614023614053,-0.1635174850419322,0.0,2.0,2.0
0.05360183387341284,-0.8588568552171707,0.6827826110741356,0.40563889553436827,0.7523160489496722,1.0216291187610227,-1.7241048503790528,-1.715731238282246,-0.1635174850419322,0.0,2.0,1.0
0.05360183387341284,-0.8588568552171707,0.48480861623986793,-0.4274218107822367,1.4626265970830905,-1.058973901121688,1.140556266826319,0.894325408286136,-0.1635174850419322,0.0,2.0,0.0
0.05360183387341284,0.5883344937466836,-1.600975412151823,-0.4274218107822367,-0.6915462008071491,-1.6069900236463888,-0.9191654829284832,-1.715731238282246,-0.1635174850419322,0.0,0.0,0.0
1.4965627105912247,1.5896038428398411,-0.4787499811181418,0.931128820937949,1.0569569334099507,1.5221862666845152,1.140556266826319,1.2081806411913485,-0.1635174850419322,0.0,1.0,0.0
-0.44555402428875895,-0.7525019091301229,1.4492120556231152,-0.28428741624389964,0.5396192218100468,-0.34864448663654474,1.4558891884733496,-0.47374386050515327,-0.1635174850419322,1.0,1.0,2.0
0.543222251643536,0.3987996661979307,0.1485443972737282,-1.6533117598930798,0.1542534952128012,-1.6069900236463888,0.49076280145649415,-1.715731238282246,-0.1635174850419322,0.0,1.0,0.0
0.543222251643536,0.8217019130993611,0.6827826110741356,-1.6533117598930798,0.719824253227096,0.8533362631721321,0.49076280145649415,1.2081806411913485,-0.1635174850419322,1.0,1.0,1.0
-1.4757996087474416,0.9599582867341014,1.261191602925577,-1.6533117598930798,0.17125977611503784,-1.2399917830476341,0.49076280145649415,0.894325408286136,-0.1635174850419322,0.0,2.0,0.0
-1.4757996087474416,-1.7044388412905458,-1.4448376346308454,-1.1745348256468418,0.06886712748749368,-1.7932995761558612,-1.3085319993581312,-0.11057994039768024,-0.1635174850419322,1.0,2.0,0.0
0.05360183387341284,1.5896038428398411,-0.6224047128565435,-1.6533117598930798,1.1516902663941844,0.684270124910551,-0.5481931811589248,-1.715731238282246,-0.1635174850419322,1.0,0.0,1.0
-0.9550457526179861,-0.1871985627031522,0.011698359457527993,0.40563889553436827,1.214466803590893,0.8533362631721321,0.49076280145649415,1.2081806411913485,-0.1635174850419322,0.0,0.0,2.0
-0.9550457526179861,-0.1372587708917808,0.41820101420353395,-0.8688890132809265,-1.5248799776497604,-0.1740473246526601,0.8191207066143766,-1.715731238282246,-0.1635174850419322,1.0,0.0,0.0
1.0240049297866194,0.9140140580199679,0.878088657170915,-1.8191897405928399,0.17125977611503784,0.3436706052506409,-1.7241048503790528,-1.2668614023614053,-0.1635174850419322,0.0,1.0,1.0
1.0240049297866194,0.35099631856497027,0.48480861623986793,0.27081450088117354,-0.13853140802254915,1.1891817846824706,0.8191207066143766,0.23672891412393632,-0.1635174850419322,0.0,0.0,2.0
1.0240049297866194,-0.03802352937807773,-0.9148555078314746,-0.4274218107822367,-1.119480931173728,-0.7012588509314922,0.49076280145649415,-0.47374386050515327,-0.1635174850419322,0.0,0.0,1.0
1.4965627105912247,0.7753291994222422,0.48480861623986793,0.8017138485970642,0.4568501979770428,-0.879432749798081,-0.9191654829284832,0.5710179026968245,-0.1635174850419322,1.0,1.0,1.0
-0.44555402428875895,1.005764365828633,1.4492120556231152,-0.28428741624389964,-0.5643896394478861,0.17205474741716534,1.140556266826319,1.2081806411913485,-0.1635174850419322,1.0,1.0,1.0
-1.4757996087474416,0.25486272761128687,1.4492120556231152,-1.490741225592954,0.06886712748749368,0.8533362631721321,0.8191207066143766,-0.8569407439821098,-0.1635174850419322,1.0,0.0,1.0
-1.4757996087474416,1.456686635883876,1.0068732186376965,1.6835053479664595,-0.728132848367978,0.3436706052506409,0.8191207066143766,-1.715731238282246,-0.1635174850419322,0.0,1.0,0.0
-0.44555402428875895,0.1580025306278114,0.6170942581486994,0.27081450088117354,-0.3318278857963809,-0.1740473246526601,1.4558891884733496,-1.715731238282246,-0.1635174850419322,0.0,2.0,0.0
-0.9550457526179861,0.0112817071387272,-1.138999991320247,-1.1745348256468418,-1.3299909829890073,-0.34864448663654474,-0.5481931811589248,1.5137689813775845,-0.1635174850419322,0.0,2.0,1.0
0.05360183387341284,-1.764649843030275,0.6170942581486994,-1.020481110075995,-1.062745847544562,0.17205474741716534,-0.9191654829284832,0.23672891412393632,-0.1635174850419322,1.0,1.0,2.0
0.05360183387341284,1.187650740685969,0.6827826110741356,1.1863444427452885,-0.05168464607093077,-0.000500383324214444,0.1544340291715269,-0.8569407439821098,-0.1635174850419322,1.0,2.0,2.0
-1.4757996087474416,-1.2979337421578345,0.1485443972737282,-1.1745348256468418,0.6545909959793498,0.8533362631721321,1.140556266826319,-0.47374386050515327,-0.1635174850419322,1.0,1.0,0.0
-1.4757996087474416,-0.08753542517652442,-0.4075341609748106,-1.490741225592954,0.34004741144838463,-1.6069900236463888,-1.3085319993581312,-1.715731238282246,-0.1635174850419322,1.0,0.0,2.0
0.543222251643536,-0.4916918972954779,1.386789862955685,0.671029675894705,-1.5445597438465837,0.5143946858625097,0.8191207066143766,-1.2668614023614053,-0.1635174850419322,0.0,0.0,2.0
-1.4757996087474416,-0.1871985627031522,0.748174617252752,-0.003422997290252508,0.2896520981094833,1.6876924377998244,-0.5481931811589248,1.2081806411913485,-0.1635174850419322,0.0,1.0,2.0
1.0240049297866194,0.49389641630379155,1.1980080848049837,-1.8191897405928399,0.34004741144838463,0.3436706052506409,0.49076280145649415,0.5710179026968245,-0.1635174850419322,0.0,0.0,2.0
-0.44555402428875895,0.1580025306278114,-1.5226267790597876,0.671029675894705,-0.8016542871438328,-1.7932995761558612,-1.7241048503790528,-0.47374386050515327,-0.1635174850419322,1.0,0.0,2.0
0.05360183387341284,-1.24172126944759,-1.138999991320247,-0.5724902115541441,-1.1955738940664837,1.3560247658602866,1.140556266826319,-1.2668614023614053,-0.1635174850419322,0.0,1.0,0.0
1.4965627105912247,1.232798202772087,-0.05725090240451368,0.671029675894705,1.508644737248679,-0.34864448663654474,-0.5481931811589248,1.2081806411913485,-0.1635174850419322,0.0,0.0,0.0
-1.4757996087474416,0.25486272761128687,0.35127642696725764,-1.6533117598930798,0.13722367218363837,-0.34864448663654474,-0.9191654829284832,0.894325408286136,-0.1635174850419322,1.0,2.0,1.0
-0.44555402428875895,0.20652532819172656,-0.841076654561096,-1.490741225592954,-0.7098251249475177,-1.6069900236463888,0.1544340291715269,-0.47374386050515327,-0.1635174850419322,1.0,0.0,1.0
0.05360183387341284,0.8217019130993611,0.5511046204356127,1.1863444427452885,-1.7232922021545976,1.1891817846824706,0.49076280145649415,0.23672891412393632,-0.1635174850419322,1.0,0.0,2.0
-0.44555402428875895,1.4121494557963326,0.41820101420353395,-1.1745348256468418,0.881464643702809,0.17205474741716534,-1.3085319993581312,0.23672891412393632,-0.1635174850419322,1.0,0.0,0.0
1.4965627105912247,-0.23736001536704487,0.9426198985887332,-1.6533117598930798,1.0886111964812841,1.1891817846824706,0.49076280145649415,1.2081806411913485,-0.1635174850419322,1.0,1.0,0.0
-0.44555402428875895,-0.5951877719293723,-0.19623537091716278,-0.7196046337010801,-0.6915462008071491,0.684270124910551,0.1544340291715269,-0.8569407439821098,-0.1635174850419322,1.0,0.0,1.0
-1.4757996087474416,-1.5272200802113427,-1.5226267790597876,-1.6533117598930798,1.5545050418513908,1.6876924377998244,1.4558891884733496,0.5710179026968245,-0.1635174850419322,1.0,2.0,2.0
0.05360183387341284,-0.9125062780951316,0.748174617252752,1.4370323946529182,0.9615289579460682,-0.1740473246526601,-1.7241048503790528,-0.11057994039768024,-0.1635174850419322,1.0,0.0,2.0
-1.4757996087474416,-0.03802352937807773,1.5733205054899952,-0.5724902115541441,-0.4564847926096783,-1.058973901121688,-1.7241048503790528,0.5710179026968245,-0.1635174850419322,0.0,2.0,1.0
0.543222251643536,-0.9664842256127052,-1.138999991320247,-1.490741225592954,-0.7648352016550344,1.3560247658602866,0.1544340291715269,0.23672891412393632,-0.1635174850419322,0.0,2.0,2.0
1.4965627105912247,0.44643194171372647,0.6170942581486994,0.40563889553436827,1.660907001138069,-0.1740473246526601,0.1544340291715269,-1.715731238282246,-0.1635174850419322,0.0,1.0,2.0
-0.44555402428875895,1.6336834765803228,-1.2146876935998583,-1.6533117598930798,0.10309303464963106,1.3560247658602866,1.140556266826319,1.5137689813775845,-0.1635174850419322,1.0,1.0,2.0
0.543222251643536,-1.411651335653741,0.35127642696725764,1.3122339150601035,-0.7464694979898008,1.1891817846824706,-1.3085319993581312,0.5710179026968245,-0.1635174850419322,1.0,1.0,0.0
0.543222251643536,-0.805525388002438,0.748174617252752,-0.4274218107822367,0.7847254084372042,1.1891817846824706,0.1544340291715269,-0.8569407439821098,-0.1635174850419322,0.0,0.0,1.0
0.543222251643536,1.456686635883876,0.48480861623986793,-0.8688890132809265,-1.6236345684896554,1.5221862666845152,-1.3085319993581312,0.23672891412393632,-0.1635174850419322,0.0,0.0,0.0
-0.9550457526179861,-0.03802352937807773,-0.4787499811181418,-1.020481110075995,0.4235891833844096,1.5221862666845152,-1.3085319993581312,-1.2668614023614053,-0.1635174850419322,0.0,2.0,0.0
1.0240049297866194,-0.1372587708917808,-0.6224047128565435,0.1344843807459184,1.431859398660455,1.5221862666845152,0.8191207066143766,0.894325408286136,-0.1635174850419322,1.0,1.0,1.0
0.543222251643536,-1.411651335653741,-0.3367150152718381,0.27081450088117354,-0.10371788503038212,-0.7012588509314922,0.8191207066143766,-0.11057994039768024,-0.1635174850419322,0.0,2.0,1.0
0.543222251643536,1.5011070047855046,1.386789862955685,-0.7196046337010801,1.0093306644147038,-1.7932995761558612,1.4558891884733496,0.5710179026968245,-0.1635174850419322,1.0,2.0,2.0
0.543222251643536,-0.03802352937807773,1.1980080848049837,1.3122339150601035,0.30647325462559244,-1.2399917830476341,-1.7241048503790528,-1.2668614023614053,-0.1635174850419322,1.0,0.0,2.0
0.543222251643536,-1.1305051137713682,0.011698359457527993,0.931128820937949,1.0886111964812841,-0.7012588509314922,-1.7241048503790528,-1.715731238282246,-0.1635174850419322,0.0,2.0,2.0
1.4965627105912247,-1.5272200802113427,-1.679898435950304,-0.14298535818167485,0.34004741144838463,-0.1740473246526601,0.1544340291715269,-0.47374386050515327,-0.1635174850419322,0.0,2.0,2.0
-0.9550457526179861,-1.24172126944759,1.386789862955685,-0.8688890132809265,0.13722367218363837,1.0216291187610227,0.1544340291715269,0.5710179026968245,-0.1635174850419322,1.0,1.0,2.0
0.05360183387341284,-0.6997770045307161,-0.9890951885826851,-0.8688890132809265,-0.3850920737291324,1.0216291187610227,0.8191207066143766,-1.715731238282246,-0.1635174850419322,0.0,2.0,1.0
-0.9550457526179861,-0.8588568552171707,-0.12655984202839937,-0.7196046337010801,0.4402307291939619,-0.000500383324214444,1.4558891884733496,0.23672891412393632,-0.1635174850419322,1.0,0.0,1.0
-0.44555402428875895,0.49389641630379155,-1.7594114505897807,0.931128820937949,0.10309303464963106,-0.1740473246526601,-0.9191654829284832,-1.2668614023614053,-0.1635174850419322,0.0,0.0,1.0
-0.44555402428875895,1.3674937775823721,1.6350136766143886,1.560777685152403,0.7360804921789776,0.17205474741716534,1.140556266826319,-1.715731238282246,-0.1635174850419322,0.0,2.0,0.0
1.4965627105912247,1.2778199534505161,-0.9890951885826851,0.671029675894705,-0.8016542871438328,-0.524357172984043,1.140556266826319,-1.2668614023614053,-0.1635174850419322,1.0,1.0,0.0
1.4965627105912247,-0.8588568552171707,-1.138999991320247,-0.003422997290252508,-0.26117710801268423,-0.7012588509314922,0.49076280145649415,-0.47374386050515327,-0.1635174850419322,0.0,2.0,1.0
1.0240049297866194,1.0969709114045316,0.1485443972737282,0.40563889553436827,-0.3318278857963809,-0.000500383324214444,-0.5481931811589248,-0.47374386050515327,-0.1635174850419322,0.0,1.0,1.0
1.4965627105912247,1.3674937775823721,-1.4448376346308454,-0.4274218107822367,1.3546285220668226,0.17205474741716534,0.49076280145649415,-0.11057994039768024,6.1155539405682635,0.0,0.0,1.0
-0.9550457526179861,-0.5951877719293723,0.08029463334037092,-1.3312230541969663,-0.728132848367978,-0.34864448663654474,-1.3085319993581312,-0.8569407439821098,-0.1635174850419322,1.0,1.0,1.0
-1.4757996087474416,-1.5857525704419249,-0.841076654561096,-1.3312230541969663,-1.4465113712587756,-0.1740473246526601,0.1544340291715269,0.894325408286136,-0.1635174850419322,1.0,0.0,2.0
0.05360183387341284,1.2778199534505161,0.35127642696725764,0.5390235871302541,-1.138456067314465,0.17205474741716534,-0.5481931811589248,1.5137689813775845,-0.1635174850419322,1.0,0.0,1.0
1.0240049297866194,0.6353141012858273,0.21645392692877596,0.27081450088117354,0.08599203614099735,1.5221862666845152,0.8191207066143766,-1.2668614023614053,-0.1635174850419322,1.0,1.0,1.0
-1.4757996087474416,-0.8588568552171707,0.011698359457527993,-0.4274218107822367,-1.0250795926620302,0.684270124910551,0.8191207066143766,1.5137689813775845,-0.1635174850419322,0.0,0.0,2.0
-0.9550457526179861,-0.23736001536704487,-1.0638063289392983,1.3122339150601035,-1.1765023974869506,-0.879432749798081,0.8191207066143766,0.23672891412393632,-0.1635174850419322,1.0,2.0,0.0
-1.4757996087474416,0.30301850995632895,-1.3675937313640782,1.3122339150601035,-0.728132848367978,0.684270124910551,-0.9191654829284832,1.5137689813775845,-0.1635174850419322,0.0,2.0,0.0
-0.44555402428875895,-0.1372587708917808,1.3241176047960659,-0.7196046337010801,-0.6005791903674813,-1.7932995761558612,1.4558891884733496,-1.2668614023614053,-0.1635174850419322,0.0,1.0,2.0
1.4965627105912247,0.728808734713399,0.48480861623986793,-1.1745348256468418,0.051718215207453316,-1.6069900236463888,0.1544340291715269,-0.11057994039768024,-0.1635174850419322,1.0,0.0,1.0
0.05360183387341284,1.3674937775823721,-0.6224047128565435,0.1344843807459184,-1.5052354318377899,-1.2399917830476341,1.140556266826319,1.2081806411913485,6.1155539405682635,0.0,2.0,0.0
-1.4757996087474416,1.5896038428398411,-0.26628463287827686,1.3122339150601035,-0.1734456273182378,-1.2399917830476341,1.4558891884733496,-0.8569407439821098,-0.1635174850419322,1.0,2.0,1.0
-1.4757996087474416,-1.0754713099518136,1.3241176047960659,-0.14298535818167485,-0.22600755120798224,0.17205474741716534,-0.9191654829284832,-1.2668614023614053,-0.1635174850419322,1.0,2.0,1.0
-1.4757996087474416,0.35099631856497027,-0.6948609147257517,-1.3312230541969663,-1.0062931703904374,1.6876924377998244,-0.9191654829284832,1.5137689813775845,-0.1635174850419322,1.0,0.0,1.0
-1.4757996087474416,-0.6473417699594429,-0.9148555078314746,-0.14298535818167485,-0.13853140802254915,1.3560247658602866,1.140556266826319,0.894325408286136,-0.1635174850419322,1.0,2.0,2.0
0.05360183387341284,1.456686635883876,-0.19623537091716278,-1.3312230541969663,0.23905128099421094,0.5143946858625097,-0.5481931811589248,-0.47374386050515327,-0.1635174850419322,1.0,0.0,1.0
1.0240049297866194,-0.6997770045307161,-0.4787499811181418,1.560777685152403,0.2559411982280448,-0.7012588509314922,-0.5481931811589248,-1.2668614023614053,-0.1635174850419322,1.0,1.0,2.0
-0.44555402428875895,-0.6473417699594429,-0.5503706686590246,-1.490741225592954,0.2559411982280448,0.8533362631721321,-0.9191654829284832,-1.715731238282246,-0.1635174850419322,1.0,1.0,0.0
0.543222251643536,-1.8254823877003565,1.1980080848049837,1.3122339150601035,-0.1909407528546032,-1.4226138089179434,-0.5481931811589248,-1.715731238282246,-0.1635174850419322,0.0,2.0,0.0
-0.9550457526179861,0.5411962493228749,-1.3675937313640782,-0.4274218107822367,-0.9128224289344471,0.3436706052506409,1.4558891884733496,1.2081806411913485,-0.1635174850419322,1.0,0.0,1.0
1.4965627105912247,-1.7044388412905458,0.08029463334037092,0.5390235871302541,1.1988008107830979,0.17205474741716534,-1.7241048503790528,1.2081806411913485,-0.1635174850419322,0.0,2.0,0.0
-1.4757996087474416,0.6821379271824294,0.1485443972737282,1.1863444427452885,1.041100892709567,1.0216291187610227,0.49076280145649415,1.5137689813775845,-0.1635174850419322,1.0,2.0,2.0
0.543222251643536,1.2778199534505161,1.0708529170514978,0.27081450088117354,-0.5103136374171666,0.684270124910551,0.8191207066143766,0.23672891412393632,-0.1635174850419322,1.0,1.0,2.0
0.05360183387341284,1.32271786953742,0.41820101420353395,0.671029675894705,-1.6236345684896554,-0.000500383324214444,0.49076280145649415,-1.715731238282246,-0.1635174850419322,1.0,2.0,2.0
-1.4757996087474416,0.9140140580199679,-1.679898435950304,-0.5724902115541441,-0.31412596544069304,0.5143946858625097,0.1544340291715269,-1.715731238282246,-0.1635174850419322,1.0,0.0,1.0
0.543222251643536,-0.6997770045307161,0.878088657170915,0.671029675894705,1.2613530866247729,0.684270124910551,-0.1912498900650458,0.894325408286136,-0.1635174850419322,1.0,2.0,2.0
-0.44555402428875895,-1.1305051137713682,-0.4787499811181418,1.4370323946529182,-0.2788006842467497,1.5221862666845152,-1.7241048503790528,-0.47374386050515327,-0.1635174850419322,1.0,0.0,2.0
1.4965627105912247,0.20652532819172656,-1.3675937313640782,1.560777685152403,1.508644737248679,-0.34864448663654474,-0.1912498900650458,0.23672891412393632,-0.1635174850419322,1.0,2.0,1.0
0.05360183387341284,-0.03802352937807773,-1.600975412151823,0.40563889553436827,1.5239489681364762,0.17205474741716534,1.140556266826319,0.894325408286136,-0.1635174850419322,0.0,0.0,2.0
-1.4757996087474416,-0.9125062780951316,0.08029463334037092,-0.28428741624389964,-0.655074247230416,-1.058973901121688,-1.7241048503790528,0.23672891412393632,-0.1635174850419322,0.0,2.0,0.0
-0.44555402428875895,-1.2979337421578345,-1.2146876935998583,-0.5724902115541441,0.9934163442881146,0.5143946858625097,0.1544340291715269,-0.11057994039768024,-0.1635174850419322,0.0,1.0,1.0
-1.4757996087474416,0.6353141012858273,1.386789862955685,0.8017138485970642,0.5890208527608938,1.5221862666845152,-1.7241048503790528,-0.11057994039768024,-0.1635174850419322,0.0,2.0,0.0
-0.44555402428875895,1.5454122063354296,-0.7677484035526727,-1.8191897405928399,-1.138456067314465,-0.34864448663654474,1.140556266826319,-0.8569407439821098,6.1155539405682635,0.0,2.0,1.0
1.0240049297866194,0.3987996661979307,-1.0638063289392983,-0.7196046337010801,1.214466803590893,0.3436706052506409,-0.5481931811589248,-0.11057994039768024,-0.1635174850419322,1.0,1.0,1.0
-0.9550457526179861,1.2778199534505161,-1.138999991320247,-0.4274218107822367,-1.062745847544562,-1.6069900236463888,0.49076280145649415,-1.715731238282246,-0.1635174850419322,1.0,2.0,1.0
0.543222251643536,-1.7044388412905458,1.0708529170514978,0.40563889553436827,-0.1909407528546032,1.3560247658602866,0.49076280145649415,0.894325408286136,-0.1635174850419322,0.0,2.0,0.0
-0.9550457526179861,0.060384881498312976,-0.3367150152718381,-0.4274218107822367,-1.466051301767002,-1.2399917830476341,1.4558891884733496,-1.2668614023614053,-0.1635174850419322,0.0,1.0,0.0
-0.9550457526179861,1.5454122063354296,-1.2146876935998583,0.671029675894705,0.9615289579460682,-0.7012588509314922,0.8191207066143766,-1.2668614023614053,-0.1635174850419322,0.0,2.0,1.0
1.0240049297866194,-1.764649843030275,1.0708529170514978,-0.003422997290252508,0.2896520981094833,-1.6069900236463888,-0.5481931811589248,-1.2668614023614053,-0.1635174850419322,1.0,2.0,1.0
0.05360183387341284,-0.3892300702681407,0.8132750767709701,-0.7196046337010801,0.4235891833844096,-0.000500383324214444,0.8191207066143766,0.23672891412393632,-0.1635174850419322,1.0,1.0,2.0
0.543222251643536,-0.3892300702681407,0.5511046204356127,-1.6533117598930798,0.6545909959793498,1.3560247658602866,0.1544340291715269,-1.2668614023614053,-0.1635174850419322,1.0,2.0,0.0
1.4965627105912247,0.6821379271824294,0.41820101420353395,0.8017138485970642,0.08599203614099735,1.0216291187610227,-0.1912498900650458,1.5137689813775845,-0.1635174850419322,1.0,0.0,1.0
-1.4757996087474416,1.5896038428398411,-1.679898435950304,-0.14298535818167485,-0.3673108300242129,-0.1740473246526601,-0.9191654829284832,-0.11057994039768024,-0.1635174850419322,0.0,2.0,2.0
-0.44555402428875895,0.0112817071387272,-0.12655984202839937,1.4370323946529182,-0.3673108300242129,-1.6069900236463888,-0.9191654829284832,-0.11057994039768024,-0.1635174850419322,1.0,2.0,0.0
-1.4757996087474416,1.4121494557963326,1.4492120556231152,0.27081450088117354,0.6382302325867603,-0.1740473246526601,-0.9191654829284832,1.5137689813775845,-0.1635174850419322,1.0,1.0,2.0
-1.4757996087474416,-0.44033520687645467,1.4492120556231152,1.4370323946529182,0.5561079228172254,-0.524357172984043,-0.9191654829284832,-0.11057994039768024,-0.1635174850419322,0.0,2.0,0.0
1.4965627105912247,0.35099631856497027,0.1485443972737282,-0.14298535818167485,-1.062745847544562,0.684270124910551,0.1544340291715269,1.5137689813775845,-0.1635174850419322,0.0,1.0,1.0
0.05360183387341284,1.5454122063354296,-1.2146876935998583,-0.8688890132809265,0.9615289579460682,1.6876924377998244,-0.9191654829284832,0.894325408286136,-0.1635174850419322,0.0,2.0,2.0
0.05360183387341284,0.1580025306278114,1.4492120556231152,0.1344843807459184,-0.9128224289344471,1.1891817846824706,0.49076280145649415,-0.8569407439821098,-0.1635174850419322,1.0,1.0,0.0
0.543222251643536,1.456686635883876,-1.0638063289392983,-1.6533117598930798,-0.6915462008071491,-0.34864448663654474,-1.7241048503790528,1.2081806411913485,-0.1635174850419322,1.0,0.0,1.0
1.4965627105912247,-1.8254823877003565,-0.9148555078314746,0.671029675894705,-1.5052354318377899,-0.1740473246526601,0.49076280145649415,-1.2668614023614053,-0.1635174850419322,0.0,2.0,1.0
1.4965627105912247,-0.4916918972954779,-0.4075341609748106,0.1344843807459184,0.5890208527608938,-0.1740473246526601,0.1544340291715269,1.2081806411913485,-0.1635174850419322,1.0,2.0,1.0
1.0240049297866194,0.25486272761128687,0.1485443972737282,0.1344843807459184,1.4933229692719605,0.3436706052506409,-0.5481931811589248,-1.2668614023614053,-0.1635174850419322,0.0,1.0,0.0
1.4965627105912247,-0.1372587708917808,1.1345631801020333,-0.4274218107822367,-0.5103136374171666,1.5221862666845152,-0.5481931811589248,-1.2668614023614053,-0.1635174850419322,0.0,0.0,1.0
-0.9550457526179861,-0.7525019091301229,1.261191602925577,1.3122339150601035,1.5392357178097753,-0.524357172984043,-1.7241048503790528,-0.11057994039768024,-0.1635174850419322,0.0,2.0,0.0
-1.4757996087474416,-0.9664842256127052,-0.19623537091716278,-0.4274218107822367,-1.5445597438465837,-1.058973901121688,-0.1912498900650458,1.5137689813775845,-0.1635174850419322,0.0,2.0,0.0
0.05360183387341284,1.5011070047855046,-1.2146876935998583,1.560777685152403,-1.4270059686045937,0.3436706052506409,0.49076280145649415,0.23672891412393632,-0.1635174850419322,0.0,1.0,2.0
-1.4757996087474416,-0.5951877719293723,0.011698359457527993,-1.020481110075995,-0.8201079293398434,-0.000500383324214444,-1.3085319993581312,-0.47374386050515327,-0.1635174850419322,0.0,2.0,1.0
0.05360183387341284,-1.6448163965569038,-0.4787499811181418,0.1344843807459184,-1.7634133196365014,0.684270124910551,0.8191207066143766,0.5710179026968245,-0.1635174850419322,0.0,0.0,1.0
-1.4757996087474416,0.3987996661979307,0.08029463334037092,-0.8688890132809265,0.881464643702809,1.3560247658602866,-0.1912498900650458,-0.47374386050515327,-0.1635174850419322,0.0,2.0,1.0
0.05360183387341284,-1.5857525704419249,1.0708529170514978,-1.490741225592954,-1.4075349241594797,-0.7012588509314922,0.49076280145649415,-0.11057994039768024,-0.1635174850419322,0.0,1.0,2.0
-0.9550457526179861,-0.2877485763542665,-1.138999991320247,-1.3312230541969663,0.6218483385282111,-1.2399917830476341,-1.3085319993581312,-0.11057994039768024,-0.1635174850419322,1.0,0.0,0.0
0.05360183387341284,1.0969709114045316,0.5511046204356127,1.0593237239285143,1.0886111964812841,-0.879432749798081,-1.7241048503790528,1.2081806411913485,-0.1635174850419322,0.0,2.0,2.0
0.543222251643536,0.20652532819172656,1.4492120556231152,1.6835053479664595,1.1044095491838162,0.3436706052506409,0.1544340291715269,1.2081806411913485,-0.1635174850419322,1.0,1.0,1.0
-0.9550457526179861,0.5411962493228749,1.5733205054899952,-1.1745348256468418,0.13722367218363837,1.6876924377998244,1.4558891884733496,-0.8569407439821098,-0.1635174850419322,1.0,1.0,1.0
0.543222251643536,0.0112817071387272,-1.0638063289392983,-1.8191897405928399,0.8170529124432034,0.3436706052506409,-0.9191654829284832,-1.715731238282246,-0.1635174850419322,1.0,0.0,2.0
0.543222251643536,0.30301850995632895,1.4492120556231152,0.27081450088117354,0.6382302325867603,0.17205474741716534,0.49076280145649415,0.894325408286136,-0.1635174850419322,0.0,2.0,1.0
-1.4757996087474416,-1.24172126944759,-1.679898435950304,-0.14298535818167485,-1.5248799776497604,1.3560247658602866,1.140556266826319,0.23672891412393632,-0.1635174850419322,1.0,1.0,0.0
-1.4757996087474416,0.9140140580199679,1.261191602925577,-0.5724902115541441,-1.3493262639963117,0.3436706052506409,-0.1912498900650458,1.2081806411913485,-0.1635174850419322,1.0,0.0,0.0
-1.4757996087474416,0.44643194171372647,0.9426198985887332,0.1344843807459184,0.849299135035505,-0.000500383324214444,0.49076280145649415,0.5710179026968245,-0.1635174850419322,1.0,1.0,0.0
1.4965627105912247,-1.5857525704419249,1.3241176047960659,1.6835053479664595,-0.8756468361042332,0.8533362631721321,0.49076280145649415,0.23672891412393632,-0.1635174850419322,0.0,1.0,0.0
-0.44555402428875895,1.6336834765803228,-1.4448376346308454,-1.490741225592954,-0.5824704469802257,1.0216291187610227,0.49076280145649415,-1.2668614023614053,-0.1635174850419322,0.0,1.0,0.0
-1.4757996087474416,0.3987996661979307,-0.26628463287827686,-1.020481110075995,-0.05168464607093077,-0.524357172984043,0.8191207066143766,-0.11057994039768024,-0.1635174850419322,1.0,1.0,0.0
0.05360183387341284,0.1580025306278114,-0.9148555078314746,0.5390235871302541,-0.8201079293398434,1.0216291187610227,1.140556266826319,-1.715731238282246,-0.1635174850419322,0.0,0.0,1.0
-0.44555402428875895,-0.08753542517652442,0.748174617252752,-0.8688890132809265,-1.6434931165682163,1.3560247658602866,0.49076280145649415,-1.2668614023614053,-0.1635174850419322,1.0,1.0,2.0
-1.4757996087474416,0.6821379271824294,1.0708529170514978,1.4370323946529182,0.4402307291939619,1.0216291187610227,0.8191207066143766,0.894325408286136,-0.1635174850419322,1.0,1.0,2.0
0.05360183387341284,0.5883344937466836,-0.4075341609748106,1.4370323946529182,-1.4270059686045937,-0.879432749798081,1.140556266826319,-1.2668614023614053,-0.1635174850419322,1.0,0.0,2.0
-0.9550457526179861,0.8217019130993611,-1.4448376346308454,-1.490741225592954,0.8331861482950594,-0.879432749798081,1.4558891884733496,-0.8569407439821098,6.1155539405682635,1.0,2.0,2.0
-1.4757996087474416,1.187650740685969,-1.679898435950304,0.27081450088117354,-1.1765023974869506,-1.2399917830476341,1.4558891884733496,0.23672891412393632,-0.1635174850419322,1.0,0.0,2.0
-1.4757996087474416,1.32271786953742,1.6350136766143886,1.3122339150601035,1.1988008107830979,1.5221862666845152,0.1544340291715269,1.5137689813775845,-0.1635174850419322,0.0,0.0,1.0
0.543222251643536,-0.9664842256127052,-1.600975412151823,-1.490741225592954,0.12017021589894179,1.0216291187610227,-0.5481931811589248,0.5710179026968245,-0.1635174850419322,0.0,2.0,1.0
1.4965627105912247,-1.411651335653741,-0.26628463287827686,0.8017138485970642,0.4568501979770428,-0.000500383324214444,0.1544340291715269,0.894325408286136,-0.1635174850419322,1.0,2.0,2.0
1.4965627105912247,-1.764649843030275,-1.138999991320247,-0.003422997290252508,-1.4465113712587756,-0.7012588509314922,1.4558891884733496,1.5137689813775845,-0.1635174850419322,0.0,2.0,2.0
-0.9550457526179861,-1.0754713099518136,-0.05725090240451368,1.4370323946529182,-0.9688130219591131,-0.524357172984043,-0.1912498900650458,-1.2668614023614053,-0.1635174850419322,0.0,2.0,1.0
-0.44555402428875895,-1.411651335653741,0.011698359457527993,0.931128820937949,-1.4465113712587756,1.5221862666845152,0.1544340291715269,1.2081806411913485,-0.1635174850419322,0.0,1.0,2.0
-0.44555402428875895,-0.9125062780951316,0.9426198985887332,0.1344843807459184,1.5392357178097753,0.684270124910551,0.8191207066143766,1.2081806411913485,-0.1635174850419322,0.0,0.0,1.0
-0.9550457526179861,-1.2979337421578345,-1.2146876935998583,-0.8688890132809265,-0.7832300881358197,-1.7932995761558612,1.140556266826319,-0.47374386050515327,-0.1635174850419322,0.0,1.0,0.0
1.0240049297866194,-0.6473417699594429,1.5733205054899952,-0.7196046337010801,1.2457428798352637,0.17205474741716534,0.1544340291715269,1.5137689813775845,-0.1635174850419322,1.0,0.0,2.0
-1.4757996087474416,0.6353141012858273,-1.4448376346308454,0.1344843807459184,1.3855747992577276,-0.000500383324214444,-1.3085319993581312,-1.715731238282246,-0.1635174850419322,0.0,1.0,0.0
0.543222251643536,-1.8254823877003565,0.2840293044794417,0.40563889553436827,0.8331861482950594,0.5143946858625097,-1.7241048503790528,-1.2668614023614053,-0.1635174850419322,1.0,1.0,2.0
-1.4757996087474416,-0.3383699412097496,-0.7677484035526727,1.0593237239285143,0.881464643702809,-0.000500383324214444,0.49076280145649415,0.5710179026968245,-0.1635174850419322,1.0,0.0,1.0
0.543222251643536,-0.3383699412097496,1.3241176047960659,-1.1745348256468418,1.0727936795515087,1.5221862666845152,-1.3085319993581312,-1.2668614023614053,-0.1635174850419322,0.0,1.0,0.0
0.543222251643536,1.0514345204231934,0.8132750767709701,0.931128820937949,1.0569569334099507,-1.058973901121688,-0.1912498900650458,-0.11057994039768024,-0.1635174850419322,1.0,1.0,2.0
-0.9550457526179861,-0.3383699412097496,1.6350136766143886,0.27081450088117354,-0.31412596544069304,-1.4226138089179434,-1.3085319993581312,-1.2668614023614053,-0.1635174850419322,1.0,1.0,2.0
-0.9550457526179861,1.187650740685969,0.35127642696725764,0.5390235871302541,0.7847254084372042,0.17205474741716534,-0.9191654829284832,0.23672891412393632,-0.1635174850419322,0.0,1.0,0.0
0.05360183387341284,-0.44033520687645467,-1.4448376346308454,0.931128820937949,-0.7464694979898008,-0.524357172984043,0.49076280145649415,-0.11057994039768024,-0.1635174850419322,0.0,0.0,2.0
1.0240049297866194,1.232798202772087,1.0708529170514978,1.560777685152403,-0.6368809684732045,0.3436706052506409,0.8191207066143766,-0.11057994039768024,-0.1635174850419322,1.0,1.0,0.0
-0.44555402428875895,0.9599582867341014,1.1345631801020333,0.40563889553436827,1.5239489681364762,0.5143946858625097,-1.3085319993581312,-1.2668614023614053,-0.1635174850419322,1.0,0.0,0.0
1.0240049297866194,1.2778199534505161,-0.9890951885826851,-0.4274218107822367,1.1516902663941844,0.17205474741716534,0.8191207066143766,-0.47374386050515327,6.1155539405682635,0.0,2.0,1.0
-1.4757996087474416,1.5896038428398411,0.48480861623986793,-1.490741225592954,-0.26117710801268423,-1.2399917830476341,0.8191207066143766,0.894325408286136,-0.1635174850419322,1.0,1.0,2.0
-0.9550457526179861,1.456686635883876,-0.4075341609748106,0.27081450088117354,0.8975173058815693,1.1891817846824706,-1.7241048503790528,-0.8569407439821098,-0.1635174850419322,1.0,1.0,0.0
0.05360183387341284,-0.4916918972954779,-1.600975412151823,-0.28428741624389964,1.660907001138069,-1.058973901121688,0.49076280145649415,-1.2668614023614053,-0.1635174850419322,0.0,0.0,2.0
1.0240049297866194,0.35099631856497027,0.6170942581486994,-0.003422997290252508,0.6382302325867603,-0.1740473246526601,-0.5481931811589248,1.2081806411913485,-0.1635174850419322,0.0,0.0,1.0
1.4965627105912247,1.187650740685969,1.261191602925577,0.5390235871302541,0.23905128099421094,0.8533362631721321,0.49076280145649415,-0.8569407439821098,-0.1635174850419322,1.0,1.0,1.0
0.05360183387341284,1.0969709114045316,0.5511046204356127,-0.8688890132809265,-1.1955738940664837,1.5221862666845152,-0.1912498900650458,1.2081806411913485,-0.1635174850419322,0.0,1.0,1.0
0.05360183387341284,1.005764365828633,-0.5503706686590246,-1.3312230541969663,0.881464643702809,1.1891817846824706,-0.9191654829284832,-0.47374386050515327,-0.1635174850419322,1.0,1.0,2.0
-1.4757996087474416,-0.5433070124754603,-1.3675937313640782,-1.8191897405928399,1.2457428798352637,-0.000500383324214444,1.4558891884733496,-1.715731238282246,-0.1635174850419322,1.0,2.0,2.0
0.543222251643536,-0.8588568552171707,-0.12655984202839937,0.931128820937949,-0.655074247230416,-1.058973901121688,1.4558891884733496,1.2081806411913485,-0.1635174850419322,0.0,0.0,0.0
-0.9550457526179861,-1.764649843030275,0.8132750767709701,-1.020481110075995,1.4626265970830905,-0.34864448663654474,-0.5481931811589248,0.23672891412393632,-0.1635174850419322,0.0,1.0,0.0
0.543222251643536,0.728808734713399,-0.7677484035526727,1.3122339150601035,0.4235891833844096,0.684270124910551,-1.3085319993581312,-0.47374386050515327,-0.1635174850419322,1.0,0.0,2.0
0.05360183387341284,0.7753291994222422,0.2840293044794417,-1.3312230541969663,-0.6005791903674813,-0.1740473246526601,1.4558891884733496,-0.47374386050515327,-0.1635174850419322,1.0,2.0,1.0
1.4965627105912247,0.1580025306278114,-0.26628463287827686,-0.28428741624389964,-0.6005791903674813,0.3436706052506409,-1.3085319993581312,0.23672891412393632,-0.1635174850419322,0.0,2.0,0.0
1.0240049297866194,-1.5857525704419249,-0.5503706686590246,1.560777685152403,-0.6732959499371788,-0.7012588509314922,0.8191207066143766,-0.47374386050515327,-0.1635174850419322,1.0,0.0,0.0
1.0240049297866194,0.49389641630379155,-0.841076654561096,-0.4274218107822367,0.4900232299679504,-0.1740473246526601,-0.1912498900650458,0.5710179026968245,-0.1635174850419322,1.0,0.0,2.0
1.4965627105912247,-1.5857525704419249,0.21645392692877596,-1.020481110075995,1.5392357178097753,-1.058973901121688,-0.9191654829284832,-0.8569407439821098,-0.1635174850419322,1.0,2.0,1.0
0.543222251643536,-0.44033520687645467,-0.19623537091716278,1.4370323946529182,-1.0062931703904374,-0.7012588509314922,0.8191207066143766,-0.11057994039768024,-0.1635174850419322,1.0,0.0,1.0
0.05360183387341284,0.6353141012858273,1.6350136766143886,-0.8688890132809265,-1.6038121390662905,1.5221862666845152,-0.1912498900650458,1.2081806411913485,-0.1635174850419322,1.0,0.0,2.0
0.543222251643536,-0.1871985627031522,1.4492120556231152,1.6835053479664595,-0.31412596544069304,-1.6069900236463888,0.1544340291715269,-1.715731238282246,-0.1635174850419322,0.0,1.0,2.0
-1.4757996087474416,-0.4916918972954779,-0.7677484035526727,-0.003422997290252508,-1.3686952381208548,-0.34864448663654474,1.4558891884733496,0.894325408286136,-0.1635174850419322,0.0,1.0,0.0
-0.9550457526179861,-0.4916918972954779,-0.4787499811181418,0.931128820937949,0.849299135035505,-0.1740473246526601,-0.5481931811589248,1.5137689813775845,-0.1635174850419322,0.0,0.0,1.0
-1.4757996087474416,-1.0754713099518136,-1.679898435950304,-1.3312230541969663,-0.2788006842467497,0.17205474741716534,0.1544340291715269,-0.8569407439821098,-0.1635174850419322,1.0,2.0,2.0
0.543222251643536,0.44643194171372647,-1.0638063289392983,-0.28428741624389964,0.7523160489496722,-1.7932995761558612,-1.3085319993581312,-1.715731238282246,-0.1635174850419322,1.0,0.0,2.0
1.4965627105912247,1.5454122063354296,1.5733205054899952,0.5390235871302541,1.3080731147814824,0.5143946858625097,1.140556266826319,0.23672891412393632,-0.1635174850419322,0.0,0.0,0.0
-0.44555402428875895,-0.23736001536704487,-0.841076654561096,0.1344843807459184,0.5890208527608938,-0.524357172984043,-0.1912498900650458,-1.715731238282246,-0.1635174850419322,1.0,0.0,2.0
-1.4757996087474416,0.728808734713399,0.5511046204356127,-1.6533117598930798,-1.5445597438465837,0.17205474741716534,-0.9191654829284832,0.23672891412393632,-0.1635174850419322,0.0,1.0,1.0
1.4965627105912247,-0.9125062780951316,-0.05725090240451368,-0.5724902115541441,1.5545050418513908,0.3436706052506409,-0.1912498900650458,0.5710179026968245,-0.1635174850419322,1.0,1.0,0.0
1.4965627105912247,-1.6448163965569038,1.0708529170514978,1.0593237239285143,0.9774824645327043,1.3560247658602866,0.8191207066143766,-0.8569407439821098,-0.1635174850419322,0.0,0.0,1.0
1.0240049297866194,-1.1305051137713682,-1.600975412151823,-1.1745348256468418,1.4472518796446847,0.5143946858625097,0.1544340291715269,1.5137689813775845,-0.1635174850419322,0.0,1.0,0.0
-1.4757996087474416,-1.24172126944759,-0.4075341609748106,1.3122339150601035,1.431859398660455,1.5221862666845152,0.1544340291715269,0.23672891412393632,-0.1635174850419322,1.0,2.0,1.0
-1.4757996087474416,0.6353141012858273,-0.05725090240451368,-0.8688890132809265,0.23905128099421094,-0.1740473246526601,-0.5481931811589248,1.2081806411913485,-0.1635174850419322,0.0,1.0,2.0
1.4965627105912247,-1.354571085313629,-0.12655984202839937,-1.1745348256468418,-0.8571040707426354,0.684270124910551,0.1544340291715269,0.5710179026968245,-0.1635174850419322,0.0,0.0,1.0
0.05360183387341284,0.1580025306278114,0.48480861623986793,-1.6533117598930798,0.687249433721493,-0.524357172984043,0.1544340291715269,1.2081806411913485,-0.1635174850419322,1.0,0.0,0.0
-0.9550457526179861,0.5883344937466836,1.5113877700108176,-1.6533117598930798,-0.546336647893924,-1.6069900236463888,1.140556266826319,-0.47374386050515327,-0.1635174850419322,0.0,0.0,1.0
-1.4757996087474416,0.728808734713399,-1.138999991320247,1.1863444427452885,-0.3673108300242129,1.0216291187610227,1.4558891884733496,0.894325408286136,-0.1635174850419322,1.0,2.0,0.0
0.05360183387341284,0.728808734713399,1.5113877700108176,-0.28428741624389964,1.323609795153158,-1.6069900236463888,-0.1912498900650458,-0.47374386050515327,-0.1635174850419322,0.0,0.0,2.0
0.543222251643536,1.6336834765803228,0.35127642696725764,0.671029675894705,-1.062745847544562,1.0216291187610227,-1.3085319993581312,0.894325408286136,-0.1635174850419322,1.0,1.0,1.0
-0.44555402428875895,1.456686635883876,1.0068732186376965,-1.3312230541969663,0.9934163442881146,1.5221862666845152,0.8191207066143766,0.23672891412393632,-0.1635174850419322,1.0,2.0,0.0
-0.44555402428875895,1.456686635883876,-0.26628463287827686,1.560777685152403,-0.40289997964045315,1.3560247658602866,1.140556266826319,0.23672891412393632,-0.1635174850419322,1.0,0.0,0.0
-0.44555402428875895,-0.23736001536704487,1.1345631801020333,0.5390235871302541,-1.7433341372734918,-1.058973901121688,0.8191207066143766,0.894325408286136,-0.1635174850419322,0.0,1.0,2.0
1.4965627105912247,-0.4916918972954779,1.3241176047960659,-0.003422997290252508,-0.8756468361042332,-1.6069900236463888,1.140556266826319,-0.8569407439821098,-0.1635174850419322,1.0,2.0,0.0
-1.4757996087474416,1.32271786953742,0.011698359457527993,0.8017138485970642,-0.7464694979898008,-0.524357172984043,1.140556266826319,-0.47374386050515327,-0.1635174850419322,0.0,1.0,1.0
1.0240049297866194,0.728808734713399,-0.19623537091716278,-1.1745348256468418,-0.47440047323219026,-1.2399917830476341,1.4558891884733496,1.5137689813775845,-0.1635174850419322,1.0,0.0,2.0
0.05360183387341284,0.10929040844127494,0.08029463334037092,-1.020481110075995,-0.0690042524327977,-0.1740473246526601,0.49076280145649415,-0.8569407439821098,-0.1635174850419322,0.0,2.0,2.0
-0.9550457526179861,-1.5857525704419249,0.5511046204356127,-0.003422997290252508,-0.3318278857963809,-1.7932995761558612,0.49076280145649415,1.5137689813775845,-0.1635174850419322,1.0,0.0,1.0
1.0240049297866194,-0.6473417699594429,0.2840293044794417,0.8017138485970642,0.35680058241775003,1.3560247658602866,0.8191207066143766,-0.11057994039768024,-0.1635174850419322,0.0,1.0,1.0
-0.44555402428875895,1.0514345204231934,-1.3675937313640782,0.5390235871302541,1.2457428798352637,0.5143946858625097,-0.9191654829284832,-0.8569407439821098,-0.1635174850419322,1.0,0.0,0.0
1.4965627105912247,-0.7525019091301229,-0.6224047128565435,0.5390235871302541,0.22213826874583137,-0.524357172984043,-0.9191654829284832,-0.11057994039768024,-0.1635174850419322,0.0,1.0,1.0
0.05360183387341284,-0.4916918972954779,-1.4448376346308454,-0.28428741624389964,-0.4385962261062844,-0.34864448663654474,1.4558891884733496,0.894325408286136,-0.1635174850419322,1.0,0.0,0.0
1.4965627105912247,0.0112817071387272,1.3241176047960659,0.5390235871302541,-0.5824704469802257,1.6876924377998244,1.4558891884733496,-0.11057994039768024,-0.1635174850419322,0.0,2.0,1.0
0.05360183387341284,1.4121494557963326,0.9426198985887332,-0.5724902115541441,-0.3850920737291324,0.8533362631721321,-0.1912498900650458,0.894325408286136,-0.1635174850419322,0.0,2.0,2.0
-1.4757996087474416,1.2778199534505161,-1.600975412151823,1.0593237239285143,-0.5283113532838831,1.0216291187610227,1.140556266826319,-0.8569407439821098,6.1155539405682635,0.0,0.0,1.0
0.05360183387341284,-1.24172126944759,0.878088657170915,-0.8688890132809265,-1.233814315428717,0.17205474741716534,-1.3085319993581312,-0.47374386050515327,-0.1635174850419322,1.0,1.0,2.0
-0.9550457526179861,0.9140140580199679,-0.26628463287827686,-0.8688890132809265,1.401020916290116,-0.1740473246526601,-1.3085319993581312,-0.8569407439821098,-0.1635174850419322,0.0,1.0,2.0
0.05360183387341284,-1.0208019225091476,1.6350136766143886,1.560777685152403,-0.7464694979898008,-1.6069900236463888,0.49076280145649415,-0.8569407439821098,-0.1635174850419322,0.0,2.0,0.0
-0.9550457526179861,-1.5272200802113427,-1.138999991320247,0.931128820937949,0.03454520521776455,1.5221862666845152,1.140556266826319,1.5137689813775845,-0.1635174850419322,0.0,2.0,1.0
-0.44555402428875895,-0.4916918972954779,1.5733205054899952,0.1344843807459184,0.9135499994591089,-0.34864448663654474,0.1544340291715269,-0.8569407439821098,-0.1635174850419322,1.0,0.0,1.0
-0.44555402428875895,-1.8869729800593313,1.386789862955685,0.40563889553436827,1.339128244399569,1.5221862666845152,-1.7241048503790528,0.5710179026968245,-0.1635174850419322,1.0,2.0,0.0
1.0240049297866194,-1.411651335653741,-0.841076654561096,-0.4274218107822367,-0.47440047323219026,-1.6069900236463888,-1.3085319993581312,1.5137689813775845,-0.1635174850419322,1.0,2.0,0.0
1.0240049297866194,0.1580025306278114,1.386789862955685,1.4370323946529182,1.339128244399569,0.5143946858625097,-0.5481931811589248,-0.8569407439821098,-0.1635174850419322,1.0,2.0,1.0
0.543222251643536,1.32271786953742,0.9426198985887332,-0.8688890132809265,-1.7032873221923566,0.17205474741716534,1.4558891884733496,0.23672891412393632,-0.1635174850419322,0.0,0.0,1.0
1.0240049297866194,1.5011070047855046,0.8132750767709701,1.560777685152403,1.401020916290116,-0.879432749798081,-0.9191654829284832,0.23672891412393632,-0.1635174850419322,0.0,2.0,0.0
0.05360183387341284,-1.5857525704419249,0.21645392692877596,-1.8191897405928399,-0.2964502676116282,0.3436706052506409,1.140556266826319,0.23672891412393632,-0.1635174850419322,1.0,2.0,1.0
1.4965627105912247,-0.9125062780951316,0.878088657170915,-1.490741225592954,-1.3299909829890073,-1.058973901121688,0.8191207066143766,0.5710179026968245,-0.1635174850419322,1.0,0.0,2.0
-0.9550457526179861,0.5883344937466836,1.6350136766143886,-1.490741225592954,-1.4270059686045937,0.5143946858625097,-0.5481931811589248,-0.8569407439821098,-0.1635174850419322,0.0,1.0,0.0
-1.4757996087474416,1.2778199534505161,1.1345631801020333,0.5390235871302541,-0.7648352016550344,-1.058973901121688,-0.9191654829284832,0.5710179026968245,-0.1635174850419322,0.0,1.0,2.0
-0.44555402428875895,-0.9125062780951316,0.8132750767709701,1.0593237239285143,-1.0438971037371532,1.5221862666845152,0.8191207066143766,0.5710179026968245,-0.1635174850419322,0.0,2.0,0.0
-1.4757996087474416,0.1580025306278114,-0.26628463287827686,-1.6533117598930798,-0.9688130219591131,-1.7932995761558612,0.1544340291715269,1.2081806411913485,-0.1635174850419322,1.0,1.0,0.0
-0.44555402428875895,0.6353141012858273,0.48480861623986793,-0.8688890132809265,1.2613530866247729,0.8533362631721321,0.1544340291715269,0.23672891412393632,-0.1635174850419322,0.0,1.0,1.0
-0.44555402428875895,-1.8254823877003565,1.4492120556231152,0.8017138485970642,1.1988008107830979,-0.879432749798081,-1.3085319993581312,0.5710179026968245,-0.1635174850419322,0.0,2.0,1.0
1.4965627105912247,0.44643194171372647,0.6827826110741356,-0.003422997290252508,-0.12111211010697699,-0.7012588509314922,1.4558891884733496,1.2081806411913485,-0.1635174850419322,0.0,2.0,1.0
-1.4757996087474416,-1.5272200802113427,-1.600975412151823,-0.28428741624389964,1.2613530866247729,1.1891817846824706,-1.7241048503790528,1.5137689813775845,-0.1635174850419322,1.0,1.0,2.0
-0.44555402428875895,-0.23736001536704487,-1.3675937313640782,0.27081450088117354,0.4568501979770428,-1.4226138089179434,-0.1912498900650458,-0.8569407439821098,-0.1635174850419322,1.0,2.0,2.0
-0.44555402428875895,1.005764365828633,1.6964706160105125,-0.28428741624389964,0.1542534952128012,0.8533362631721321,-1.3085319993581312,0.5710179026968245,-0.1635174850419322,0.0,2.0,1.0
1.0240049297866194,1.187650740685969,1.6350136766143886,-1.490741225592954,-0.2788006842467497,-1.058973901121688,1.4558891884733496,0.894325408286136,-0.1635174850419322,0.0,0.0,2.0
-0.44555402428875895,0.25486272761128687,0.8132750767709701,0.1344843807459184,-0.7648352016550344,0.684270124910551,-0.5481931811589248,-0.8569407439821098,-0.1635174850419322,0.0,1.0,0.0
0.05360183387341284,-0.23736001536704487,-0.6948609147257517,1.3122339150601035,-0.12111211010697699,0.3436706052506409,1.4558891884733496,-1.715731238282246,-0.1635174850419322,0.0,2.0,2.0
0.543222251643536,1.5454122063354296,0.48480861623986793,-1.3312230541969663,-0.2788006842467497,0.684270124910551,-0.5481931811589248,-1.2668614023614053,-0.1635174850419322,1.0,2.0,2.0
1.4965627105912247,-0.3383699412097496,0.48480861623986793,1.0593237239285143,1.401020916290116,-0.1740473246526601,1.140556266826319,-0.47374386050515327,-0.1635174850419322,1.0,1.0,1.0
0.05360183387341284,-1.1305051137713682,1.0708529170514978,0.27081450088117354,-1.5248799776497604,-1.058973901121688,-0.5481931811589248,-0.47374386050515327,-0.1635174850419322,1.0,0.0,0.0
1.0240049297866194,-1.24172126944759,0.21645392692877596,-1.1745348256468418,1.2769448208706549,-0.524357172984043,-0.1912498900650458,0.5710179026968245,-0.1635174850419322,0.0,0.0,1.0
-0.44555402428875895,-1.1305051137713682,-0.5503706686590246,1.560777685152403,-0.40289997964045315,-0.000500383324214444,0.1544340291715269,-1.2668614023614053,-0.1635174850419322,0.0,1.0,0.0
-1.4757996087474416,0.5883344937466836,0.1485443972737282,0.931128820937949,1.6760388868009817,1.1891817846824706,-0.9191654829284832,-1.715731238282246,-0.1635174850419322,1.0,0.0,0.0
0.543222251643536,0.6353141012858273,0.8132750767709701,-1.490741225592954,-0.2084613595549251,-0.000500383324214444,0.1544340291715269,0.894325408286136,-0.1635174850419322,1.0,0.0,2.0
0.05360183387341284,-1.2979337421578345,1.5113877700108176,-0.7196046337010801,0.08599203614099735,-1.7932995761558612,0.8191207066143766,-0.47374386050515327,-0.1635174850419322,0.0,1.0,1.0
0.543222251643536,0.8679293875290608,-1.7594114505897807,-1.020481110075995,-0.9314555285204121,0.3436706052506409,1.4558891884733496,1.2081806411913485,-0.1635174850419322,0.0,1.0,0.0
1.0240049297866194,-0.8588568552171707,0.6827826110741356,-1.020481110075995,1.2769448208706549,1.5221862666845152,-0.9191654829284832,0.23672891412393632,-0.1635174850419322,0.0,1.0,1.0
1.0240049297866194,0.30301850995632895,1.1980080848049837,1.4370323946529182,-1.4075349241594797,-0.879432749798081,0.8191207066143766,0.894325408286136,-0.1635174850419322,0.0,2.0,0.0
0.05360183387341284,-0.6473417699594429,-1.2908814362090884,1.0593237239285143,-0.5824704469802257,1.3560247658602866,-0.1912498900650458,-1.715731238282246,-0.1635174850419322,0.0,0.0,1.0
-0.9550457526179861,0.9599582867341014,-0.7677484035526727,1.3122339150601035,1.3701106873824416,-0.34864448663654474,0.1544340291715269,-0.47374386050515327,-0.1635174850419322,1.0,1.0,1.0
1.4965627105912247,-0.08753542517652442,-0.3367150152718381,0.5390235871302541,-0.1734456273182378,1.1891817846824706,1.140556266826319,0.894325408286136,-0.1635174850419322,0.0,1.0,0.0
1.4965627105912247,-1.5857525704419249,-0.4075341609748106,-0.8688890132809265,0.5725751070889692,1.1891817846824706,-0.5481931811589248,-1.2668614023614053,-0.1635174850419322,1.0,2.0,0.0
1.4965627105912247,0.10929040844127494,1.5113877700108176,0.40563889553436827,0.47344767123286713,1.1891817846824706,1.4558891884733496,-0.8569407439821098,-0.1635174850419322,1.0,0.0,1.0
1.0240049297866194,0.1580025306278114,-0.6224047128565435,0.1344843807459184,-0.08634863238785681,-0.7012588509314922,-1.3085319993581312,-0.11057994039768024,-0.1635174850419322,0.0,1.0,1.0
1.4965627105912247,0.49389641630379155,0.6827826110741356,0.40563889553436827,-0.26117710801268423,1.3560247658602866,0.8191207066143766,1.5137689813775845,-0.1635174850419322,0.0,2.0,0.0
-0.9550457526179861,-0.03802352937807773,-0.9148555078314746,1.4370323946529182,-1.3299909829890073,-0.879432749798081,-0.5481931811589248,-1.715731238282246,-0.1635174850419322,0.0,2.0,0.0
1.4965627105912247,-0.03802352937807773,-1.5226267790597876,-1.3312230541969663,-0.9128224289344471,-0.000500383324214444,1.140556266826319,0.5710179026968245,-0.1635174850419322,1.0,2.0,0.0
0.543222251643536,1.456686635883876,0.6170942581486994,1.560777685152403,0.06886712748749368,0.3436706052506409,0.8191207066143766,1.5137689813775845,-0.1635174850419322,0.0,1.0,0.0
1.0240049297866194,-0.6997770045307161,0.2840293044794417,0.40563889553436827,1.339128244399569,0.684270124910551,-0.9191654829284832,-0.47374386050515327,-0.1635174850419322,0.0,0.0,1.0
-0.44555402428875895,0.0112817071387272,0.878088657170915,-1.1745348256468418,-0.6005791903674813,0.17205474741716534,1.4558891884733496,-0.47374386050515327,-0.1635174850419322,0.0,1.0,2.0
0.543222251643536,1.4121494557963326,1.1345631801020333,1.4370323946529182,-0.655074247230416,-0.879432749798081,-1.3085319993581312,-0.8569407439821098,-0.1635174850419322,0.0,0.0,2.0
-0.9550457526179861,0.25486272761128687,-0.12655984202839937,-1.020481110075995,-1.7634133196365014,0.8533362631721321,0.1544340291715269,-1.715731238282246,-0.1635174850419322,0.0,1.0,1.0
-0.9550457526179861,0.35099631856497027,-1.679898435950304,0.5390235871302541,0.2052020731813306,-1.4226138089179434,-0.9191654829284832,0.894325408286136,-0.1635174850419322,1.0,0.0,2.0
-0.9550457526179861,0.3987996661979307,1.6964706160105125,1.4370323946529182,0.2559411982280448,1.0216291187610227,0.49076280145649415,0.23672891412393632,-0.1635174850419322,1.0,0.0,0.0
0.05360183387341284,-1.2979337421578345,-1.4448376346308454,-1.490741225592954,-0.47440047323219026,-0.34864448663654474,-0.5481931811589248,1.5137689813775845,-0.1635174850419322,1.0,2.0,2.0
1.4965627105912247,0.728808734713399,-1.600975412151823,-1.1745348256468418,-0.9688130219591131,-0.34864448663654474,1.140556266826319,1.2081806411913485,6.1155539405682635,1.0,1.0,2.0
-0.9550457526179861,-0.03802352937807773,1.5733205054899952,0.8017138485970642,-0.3850920737291324,-1.2399917830476341,-1.3085319993581312,-1.2668614023614053,-0.1635174850419322,1.0,1.0,2.0
-0.44555402428875895,1.1423756380794456,1.261191602925577,0.931128820937949,0.6545909959793498,0.3436706052506409,-0.5481931811589248,1.2081806411913485,-0.1635174850419322,0.0,2.0,0.0
0.543222251643536,1.3674937775823721,0.6827826110741356,0.40563889553436827,1.323609795153158,1.1891817846824706,-1.7241048503790528,-0.47374386050515327,-0.1635174850419322,0.0,1.0,0.0
-0.9550457526179861,-0.4916918972954779,-0.7677484035526727,1.0593237239285143,-1.1955738940664837,-0.524357172984043,1.4558891884733496,-0.8569407439821098,-0.1635174850419322,0.0,0.0,1.0
1.4965627105912247,-1.6448163965569038,-1.3675937313640782,0.8017138485970642,1.5392357178097753,-1.7932995761558612,0.8191207066143766,1.5137689813775845,-0.1635174850419322,1.0,0.0,2.0
-1.4757996087474416,-0.03802352937807773,-0.6224047128565435,1.3122339150601035,0.37353126132635617,-1.2399917830476341,-1.7241048503790528,-0.11057994039768024,-0.1635174850419322,0.0,1.0,1.0
1.4965627105912247,-1.24172126944759,-1.4448376346308454,0.671029675894705,-0.8571040707426354,-0.524357172984043,-0.1912498900650458,0.23672891412393632,-0.1635174850419322,0.0,0.0,0.0
0.543222251643536,-1.5857525704419249,-0.6224047128565435,-0.003422997290252508,-0.03438971485437587,-0.524357172984043,1.140556266826319,1.2081806411913485,-0.1635174850419322,1.0,2.0,1.0
-1.4757996087474416,0.9140140580199679,-0.9148555078314746,1.0593237239285143,-0.5824704469802257,0.5143946858625097,-0.5481931811589248,0.5710179026968245,-0.1635174850419322,1.0,2.0,1.0
0.05360183387341284,0.3987996661979307,0.2840293044794417,-1.490741225592954,1.5392357178097753,0.8533362631721321,0.8191207066143766,-0.8569407439821098,-0.1635174850419322,1.0,2.0,1.0
0.05360183387341284,0.9599582867341014,-0.7677484035526727,0.1344843807459184,-1.1955738940664837,-1.4226138089179434,1.4558891884733496,-1.2668614023614053,-0.1635174850419322,0.0,2.0,0.0
-0.9550457526179861,0.49389641630379155,0.6170942581486994,-0.4274218107822367,-0.6005791903674813,0.3436706052506409,0.49076280145649415,-1.715731238282246,-0.1635174850419322,1.0,2.0,0.0
0.543222251643536,-1.0208019225091476,0.21645392692877596,0.40563889553436827,-0.6915462008071491,1.1891817846824706,0.49076280145649415,-0.11057994039768024,-0.1635174850419322,1.0,0.0,0.0
-0.44555402428875895,0.060384881498312976,-0.841076654561096,-0.4274218107822367,0.051718215207453316,1.5221862666845152,-0.5481931811589248,-0.11057994039768024,-0.1635174850419322,1.0,2.0,1.0
1.4965627105912247,-0.4916918972954779,0.21645392692877596,1.3122339150601035,0.7523160489496722,0.3436706052506409,0.1544340291715269,0.5710179026968245,-0.1635174850419322,0.0,2.0,1.0
0.05360183387341284,-1.4691939703974366,-1.0638063289392983,-1.6533117598930798,0.719824253227096,0.17205474741716534,-0.5481931811589248,0.23672891412393632,-0.1635174850419322,1.0,2.0,2.0
1.0240049297866194,-1.1859169214708323,-1.3675937313640782,0.40563889553436827,-0.8201079293398434,-0.34864448663654474,0.49076280145649415,0.23672891412393632,-0.1635174850419322,1.0,0.0,0.0
1.4965627105912247,0.060384881498312976,-1.2908814362090884,1.0593237239285143,-0.9875376940791484,-0.000500383324214444,1.4558891884733496,0.894325408286136,-0.1635174850419322,1.0,0.0,0.0
-0.44555402428875895,0.6821379271824294,0.35127642696725764,-0.4274218107822367,1.1044095491838162,0.8533362631721321,1.140556266826319,-1.715731238282246,-0.1635174850419322,0.0,0.0,2.0
0.543222251643536,-1.1305051137713682,-1.0638063289392983,-0.003422997290252508,-1.6236345684896554,-1.2399917830476341,0.49076280145649415,0.5710179026968245,-0.1635174850419322,0.0,1.0,2.0
-1.4757996087474416,0.35099631856497027,0.21645392692877596,1.0593237239285143,1.4164490967654848,-0.1740473246526601,0.8191207066143766,0.23672891412393632,-0.1635174850419322,1.0,2.0,2.0
-0.44555402428875895,0.30301850995632895,-1.679898435950304,1.4370323946529182,1.3701106873824416,-0.34864448663654474,0.49076280145649415,-0.8569407439821098,6.1155539405682635,1.0,1.0,2.0
0.05360183387341284,0.9140140580199679,-0.3367150152718381,1.4370323946529182,1.401020916290116,0.5143946858625097,-0.9191654829284832,0.5710179026968245,-0.1635174850419322,0.0,2.0,0.0
1.0240049297866194,0.8217019130993611,0.21645392692877596,-0.4274218107822367,0.7847254084372042,-0.1740473246526601,0.8191207066143766,0.23672891412393632,-0.1635174850419322,0.0,0.0,1.0
0.05360183387341284,-0.5433070124754603,-1.2908814362090884,0.5390235871302541,-1.2914208497147652,-1.058973901121688,-1.7241048503790528,-0.8569407439821098,-0.1635174850419322,1.0,2.0,0.0
-1.4757996087474416,1.232798202772087,-0.4787499811181418,0.5390235871302541,0.9455557569459585,1.1891817846824706,-1.7241048503790528,-0.8569407439821098,-0.1635174850419322,1.0,0.0,1.0
-0.44555402428875895,-0.8588568552171707,0.5511046204356127,0.1344843807459184,-0.0690042524327977,-1.4226138089179434,-0.1912498900650458,-0.47374386050515327,-0.1635174850419322,1.0,1.0,1.0
-0.44555402428875895,1.3674937775823721,1.4492120556231152,-0.4274218107822367,-1.3880980696423586,1.3560247658602866,1.4558891884733496,-1.715731238282246,-0.1635174850419322,0.0,2.0,1.0
1.0240049297866194,-1.8254823877003565,-1.0638063289392983,1.1863444427452885,-0.9314555285204121,0.5143946858625097,0.49076280145649415,0.23672891412393632,-0.1635174850419322,0.0,0.0,0.0
0.543222251643536,0.9140140580199679,1.4492120556231152,0.8017138485970642,-0.6732959499371788,0.5143946858625097,1.4558891884733496,-0.11057994039768024,-0.1635174850419322,1.0,2.0,1.0
0.543222251643536,0.30301850995632895,-0.9148555078314746,1.560777685152403,1.6760388868009817,-0.7012588509314922,-1.3085319993581312,1.2081806411913485,-0.1635174850419322,1.0,2.0,2.0
1.0240049297866194,-0.9664842256127052,0.9426198985887332,0.27081450088117354,0.34004741144838463,-1.058973901121688,-0.9191654829284832,-1.2668614023614053,-0.1635174850419322,1.0,0.0,2.0
0.543222251643536,-0.1372587708917808,0.6170942581486994,1.1863444427452885,0.4235891833844096,-1.4226138089179434,-1.7241048503790528,-0.8569407439821098,-0.1635174850419322,1.0,2.0,0.0
1.4965627105912247,-0.03802352937807773,-0.9890951885826851,1.4370323946529182,-0.4564847926096783,-1.058973901121688,0.8191207066143766,0.894325408286136,-0.1635174850419322,0.0,0.0,0.0
-0.9550457526179861,0.49389641630379155,0.6827826110741356,1.560777685152403,0.9774824645327043,0.17205474741716534,-0.5481931811589248,1.5137689813775845,-0.1635174850419322,1.0,2.0,0.0
0.543222251643536,-0.23736001536704487,-1.5226267790597876,0.1344843807459184,-1.4270059686045937,-0.1740473246526601,0.8191207066143766,-0.8569407439821098,-0.1635174850419322,1.0,0.0,0.0
-0.44555402428875895,-0.44033520687645467,0.48480861623986793,-1.1745348256468418,-0.1909407528546032,-1.2399917830476341,1.140556266826319,-0.47374386050515327,-0.1635174850419322,0.0,2.0,1.0
1.0240049297866194,-1.4691939703974366,-0.5503706686590246,-0.4274218107822367,-0.1734456273182378,-0.000500383324214444,-0.9191654829284832,0.5710179026968245,-0.1635174850419322,1.0,0.0,0.0
1.4965627105912247,1.456686635883876,-0.6948609147257517,0.27081450088117354,-0.6915462008071491,0.684270124910551,0.49076280145649415,1.2081806411913485,-0.1635174850419322,0.0,0.0,1.0
0.05360183387341284,-0.5433070124754603,0.9426198985887332,1.4370323946529182,1.431859398660455,1.3560247658602866,0.1544340291715269,-0.47374386050515327,-0.1635174850419322,0.0,2.0,2.0
-0.44555402428875895,0.10929040844127494,1.3241176047960659,0.27081450088117354,1.5392357178097753,-0.000500383324214444,1.4558891884733496,0.23672891412393632,-0.1635174850419322,1.0,1.0,0.0
-1.4757996087474416,-0.08753542517652442,-1.4448376346308454,-1.1745348256468418,-1.0816259691100458,0.8533362631721321,-1.7241048503790528,0.5710179026968245,-0.1635174850419322,0.0,2.0,0.0
-0.44555402428875895,0.8217019130993611,-0.841076654561096,-1.020481110075995,1.6002090116841332,0.684270124910551,-1.3085319993581312,0.5710179026968245,-0.1635174850419322,0.0,0.0,1.0
-0.9550457526179861,1.4121494557963326,0.8132750767709701,1.4370323946529182,0.2559411982280448,-0.524357172984043,-1.7241048503790528,-1.2668614023614053,-0.1635174850419322,1.0,0.0,2.0
-0.44555402428875895,0.44643194171372647,-1.600975412151823,0.1344843807459184,-1.466051301767002,-1.2399917830476341,1.4558891884733496,-0.11057994039768024,-0.1635174850419322,1.0,2.0,2.0
0.05360183387341284,0.35099631856497027,1.1345631801020333,0.5390235871302541,-0.4923433829189565,1.1891817846824706,1.4558891884733496,1.5137689813775845,-0.1635174850419322,0.0,2.0,2.0
0.05360183387341284,-0.44033520687645467,-0.19623537091716278,1.4370323946529182,1.3855747992577276,-1.6069900236463888,-1.7241048503790528,0.5710179026968245,-0.1635174850419322,0.0,1.0,0.0
0.543222251643536,1.4121494557963326,-0.5503706686590246,0.8017138485970642,-1.0438971037371532,-1.7932995761558612,1.4558891884733496,0.894325408286136,-0.1635174850419322,1.0,2.0,0.0
1.0240049297866194,-1.2979337421578345,1.6350136766143886,-1.3312230541969663,0.017348002828467896,-0.879432749798081,-1.3085319993581312,-1.2668614023614053,-0.1635174850419322,1.0,1.0,2.0
0.05360183387341284,-0.9664842256127052,-0.9148555078314746,-1.1745348256468418,-0.6732959499371788,0.684270124910551,-0.1912498900650458,0.894325408286136,-0.1635174850419322,1.0,1.0,2.0
1.4965627105912247,0.8679293875290608,-0.4787499811181418,0.8017138485970642,-1.4465113712587756,1.5221862666845152,-0.9191654829284832,0.23672891412393632,-0.1635174850419322,0.0,0.0,0.0
1.0240049297866194,-0.3383699412097496,-0.3367150152718381,-1.020481110075995,-1.3299909829890073,-0.7012588509314922,1.4558891884733496,1.2081806411913485,-0.1635174850419322,0.0,1.0,1.0
-0.44555402428875895,1.5454122063354296,-1.2908814362090884,1.6835053479664595,-0.9128224289344471,0.684270124910551,1.4558891884733496,0.23672891412393632,6.1155539405682635,0.0,1.0,2.0
1.4965627105912247,1.5011070047855046,1.3241176047960659,1.4370323946529182,0.8008993563407216,-1.4226138089179434,0.1544340291715269,0.23672891412393632,-0.1635174850419322,1.0,2.0,2.0
1.0240049297866194,0.0112817071387272,-1.679898435950304,0.27081450088117354,0.7847254084372042,-1.6069900236463888,0.49076280145649415,0.894325408286136,-0.1635174850419322,1.0,2.0,2.0
-0.9550457526179861,0.49389641630379155,-0.4787499811181418,0.8017138485970642,0.17125977611503784,0.5143946858625097,0.8191207066143766,-0.11057994039768024,6.1155539405682635,0.0,0.0,2.0
-0.9550457526179861,0.3987996661979307,-1.2146876935998583,-0.8688890132809265,1.1988008107830979,1.3560247658602866,0.8191207066143766,1.5137689813775845,6.1155539405682635,0.0,0.0,0.0
1.4965627105912247,-0.44033520687645467,0.08029463334037092,-0.8688890132809265,1.1516902663941844,0.17205474741716534,1.140556266826319,1.5137689813775845,-0.1635174850419322,1.0,1.0,1.0
1.0240049297866194,-0.805525388002438,0.748174617252752,-1.1745348256468418,-0.5824704469802257,1.6876924377998244,-1.7241048503790528,1.2081806411913485,-0.1635174850419322,1.0,2.0,0.0
-1.4757996087474416,1.005764365828633,-0.4787499811181418,1.0593237239285143,-0.4923433829189565,0.17205474741716534,-1.7241048503790528,1.5137689813775845,-0.1635174850419322,1.0,2.0,1.0
-0.9550457526179861,1.005764365828633,-0.12655984202839937,0.1344843807459184,-1.062745847544562,1.1891817846824706,-1.7241048503790528,0.894325408286136,-0.1635174850419322,0.0,2.0,0.0
1.0240049297866194,0.6353141012858273,-0.9148555078314746,-0.7196046337010801,0.4900232299679504,-1.058973901121688,1.140556266826319,-1.2668614023614053,-0.1635174850419322,0.0,0.0,0.0
0.05360183387341284,1.1423756380794456,0.2840293044794417,-0.8688890132809265,0.6382302325867603,-0.000500383324214444,1.140556266826319,-0.47374386050515327,-0.1635174850419322,1.0,1.0,2.0
-0.44555402428875895,1.5896038428398411,-1.2146876935998583,-0.28428741624389964,0.5890208527608938,-1.7932995761558612,0.8191207066143766,-0.11057994039768024,-0.1635174850419322,0.0,2.0,1.0
1.0240049297866194,-1.5272200802113427,-0.4075341609748106,-1.6533117598930798,1.1201888022839293,0.17205474741716534,1.140556266826319,0.5710179026968245,-0.1635174850419322,1.0,2.0,0.0
-0.44555402428875895,-0.44033520687645467,-0.6224047128565435,-0.7196046337010801,-0.8201079293398434,1.5221862666845152,-0.5481931811589248,1.2081806411913485,-0.1635174850419322,1.0,1.0,1.0
0.05360183387341284,0.10929040844127494,1.1980080848049837,1.3122339150601035,0.1542534952128012,-1.2399917830476341,-0.9191654829284832,-0.47374386050515327,-0.1635174850419322,1.0,1.0,0.0
-1.4757996087474416,0.20652532819172656,-1.2146876935998583,1.0593237239285143,1.5697569955546198,0.3436706052506409,1.4558891884733496,0.894325408286136,-0.1635174850419322,1.0,1.0,1.0
0.543222251643536,0.3987996661979307,0.011698359457527993,1.560777685152403,-0.9501190133242539,0.17205474741716534,0.8191207066143766,-0.8569407439821098,-0.1635174850419322,1.0,1.0,1.0
-0.9550457526179861,1.32271786953742,1.5733205054899952,1.0593237239285143,-1.5248799776497604,-0.879432749798081,1.4558891884733496,-1.715731238282246,-0.1635174850419322,0.0,2.0,0.0
-1.4757996087474416,-1.5272200802113427,1.3241176047960659,-0.4274218107822367,0.8653919433958647,-1.6069900236463888,0.1544340291715269,0.23672891412393632,-0.1635174850419322,0.0,0.0,2.0
1.0240049297866194,-0.9664842256127052,1.0068732186376965,0.8017138485970642,-0.9314555285204121,-1.6069900236463888,-1.7241048503790528,0.23672891412393632,-0.1635174850419322,1.0,2.0,0.0
-1.4757996087474416,0.6821379271824294,-1.5226267790597876,-1.3312230541969663,0.7685309967677633,0.17205474741716534,-0.9191654829284832,-1.2668614023614053,-0.1635174850419322,1.0,1.0,2.0
-0.44555402428875895,1.1423756380794456,-0.5503706686590246,-0.4274218107822367,-1.5840256456562145,-0.524357172984043,-0.1912498900650458,1.2081806411913485,-0.1635174850419322,1.0,2.0,1.0
1.4965627105912247,0.6821379271824294,0.5511046204356127,-1.1745348256468418,1.6760388868009817,1.1891817846824706,1.140556266826319,-0.8569407439821098,-0.1635174850419322,1.0,0.0,1.0
1.4965627105912247,-1.0754713099518136,1.6964706160105125,0.931128820937949,0.30647325462559244,-0.879432749798081,-0.9191654829284832,-0.8569407439821098,-0.1635174850419322,1.0,2.0,0.0
-0.9550457526179861,-1.411651335653741,0.8132750767709701,-0.7196046337010801,-0.1909407528546032,0.17205474741716534,-1.7241048503790528,-0.8569407439821098,-0.1635174850419322,0.0,1.0,0.0
-0.44555402428875895,-0.44033520687645467,-1.5226267790597876,1.560777685152403,-1.3686952381208548,-0.000500383324214444,1.140556266826319,0.5710179026968245,-0.1635174850419322,1.0,2.0,0.0
-0.44555402428875895,0.8217019130993611,0.011698359457527993,-0.4274218107822367,0.6545909959793498,-0.1740473246526601,1.140556266826319,1.2081806411913485,-0.1635174850419322,1.0,0.0,0.0
-1.4757996087474416,-1.7044388412905458,-0.4787499811181418,-0.8688890132809265,1.2925181434174686,0.5143946858625097,-0.1912498900650458,1.5137689813775845,-0.1635174850419322,1.0,1.0,1.0
-1.4757996087474416,-1.0754713099518136,-0.6224047128565435,-1.6533117598930798,1.0093306644147038,1.0216291187610227,0.8191207066143766,0.5710179026968245,-0.1635174850419322,0.0,1.0,2.0
-0.44555402428875895,1.0514345204231934,-1.5226267790597876,0.1344843807459184,1.214466803590893,-0.524357172984043,0.8191207066143766,0.5710179026968245,-0.1635174850419322,1.0,0.0,0.0
1.4965627105912247,1.0969709114045316,-1.4448376346308454,0.5390235871302541,1.214466803590893,-1.058973901121688,-1.3085319993581312,0.894325408286136,-0.1635174850419322,0.0,0.0,0.0
-0.9550457526179861,0.25486272761128687,-1.5226267790597876,-0.8688890132809265,1.3855747992577276,-1.058973901121688,-0.5481931811589248,1.5137689813775845,-0.1635174850419322,1.0,0.0,2.0
-1.4757996087474416,-1.8254823877003565,0.48480861623986793,0.1344843807459184,-0.7098251249475177,-0.34864448663654474,-0.1912498900650458,1.5137689813775845,-0.1635174850419322,1.0,2.0,0.0
0.05360183387341284,0.1580025306278114,0.2840293044794417,-1.020481110075995,-0.6187159903365685,0.17205474741716534,-0.1912498900650458,0.23672891412393632,-0.1635174850419322,1.0,0.0,2.0
-1.4757996087474416,0.49389641630379155,0.21645392692877596,-0.14298535818167485,0.23905128099421094,1.1891817846824706,-1.7241048503790528,0.23672891412393632,-0.1635174850419322,0.0,0.0,0.0
0.543222251643536,-0.6473417699594429,-1.600975412151823,-1.6533117598930798,-1.3493262639963117,0.684270124910551,0.1544340291715269,-0.8569407439821098,-0.1635174850419322,0.0,2.0,2.0
-0.44555402428875895,0.49389641630379155,0.6170942581486994,1.0593237239285143,1.1831160987207288,-0.879432749798081,-0.9191654829284832,0.23672891412393632,-0.1635174850419322,0.0,0.0,1.0
1.0240049297866194,-0.6473417699594429,-0.9148555078314746,-0.7196046337010801,0.9774824645327043,0.5143946858625097,-1.3085319993581312,0.894325408286136,-0.1635174850419322,1.0,2.0,1.0
-0.44555402428875895,0.9140140580199679,0.35127642696725764,1.560777685152403,-0.8385911463433974,-0.1740473246526601,-0.5481931811589248,0.894325408286136,-0.1635174850419322,1.0,2.0,1.0
-0.44555402428875895,-0.1372587708917808,0.48480861623986793,0.5390235871302541,-1.3493262639963117,1.3560247658602866,-1.7241048503790528,-0.8569407439821098,-0.1635174850419322,0.0,0.0,2.0
0.05360183387341284,-0.805525388002438,-0.05725090240451368,1.6835053479664595,-0.6187159903365685,-1.058973901121688,0.49076280145649415,-0.8569407439821098,-0.1635174850419322,0.0,2.0,2.0
1.4965627105912247,-0.8588568552171707,-0.3367150152718381,-0.28428741624389964,-0.1734456273182378,-0.7012588509314922,1.140556266826319,-0.47374386050515327,-0.1635174850419322,0.0,1.0,0.0
1.0240049297866194,1.4121494557963326,0.748174617252752,-0.4274218107822367,0.3232716638735422,1.6876924377998244,1.140556266826319,-1.2668614023614053,-0.1635174850419322,0.0,2.0,1.0
-0.9550457526179861,-0.23736001536704487,-0.9148555078314746,-0.8688890132809265,1.660907001138069,0.5143946858625097,-0.5481931811589248,1.2081806411913485,-0.1635174850419322,0.0,2.0,2.0
0.543222251643536,-0.5951877719293723,-0.841076654561096,0.1344843807459184,-1.5642749071286417,0.3436706052506409,-0.9191654829284832,1.2081806411913485,-0.1635174850419322,1.0,0.0,1.0
0.543222251643536,1.0969709114045316,-1.2146876935998583,-1.6533117598930798,0.7523160489496722,-0.1740473246526601,1.140556266826319,0.5710179026968245,-0.1635174850419322,1.0,1.0,1.0
-0.9550457526179861,-1.1305051137713682,0.6170942581486994,0.8017138485970642,-0.26117710801268423,0.8533362631721321,0.1544340291715269,-0.11057994039768024,-0.1635174850419322,0.0,2.0,2.0
0.05360183387341284,-1.2979337421578345,1.0068732186376965,0.931128820937949,-0.24357943229830545,1.5221862666845152,0.1544340291715269,0.23672891412393632,-0.1635174850419322,1.0,1.0,1.0
0.05360183387341284,0.9140140580199679,-0.7677484035526727,0.931128820937949,-1.7032873221923566,1.1891817846824706,-0.1912498900650458,1.5137689813775845,-0.1635174850419322,1.0,2.0,2.0
1.4965627105912247,1.32271786953742,0.9426198985887332,-1.020481110075995,-0.0690042524327977,-0.34864448663654474,0.49076280145649415,-0.11057994039768024,-0.1635174850419322,0.0,1.0,2.0
-0.44555402428875895,1.32271786953742,0.8132750767709701,0.27081450088117354,-1.157463172522485,-0.34864448663654474,0.49076280145649415,-0.11057994039768024,-0.1635174850419322,0.0,0.0,2.0
0.543222251643536,0.6821379271824294,0.6827826110741356,-0.003422997290252508,-0.8016542871438328,-0.524357172984043,0.49076280145649415,-1.715731238282246,-0.1635174850419322,1.0,1.0,0.0
-0.44555402428875895,-0.03802352937807773,-0.26628463287827686,-1.8191897405928399,0.6382302325867603,-0.524357172984043,0.1544340291715269,1.5137689813775845,-0.1635174850419322,1.0,1.0,2.0
-1.4757996087474416,1.232798202772087,0.5511046204356127,-0.8688890132809265,1.214466803590893,-0.000500383324214444,0.1544340291715269,-0.8569407439821098,-0.1635174850419322,0.0,0.0,1.0
-0.9550457526179861,-1.2979337421578345,-0.9890951885826851,1.1863444427452885,-0.42073465957122735,1.6876924377998244,-0.5481931811589248,-0.8569407439821098,-0.1635174850419322,0.0,0.0,1.0
-0.9550457526179861,1.187650740685969,0.21645392692877596,0.27081450088117354,-0.8385911463433974,0.5143946858625097,-1.7241048503790528,-0.11057994039768024,-0.1635174850419322,1.0,0.0,1.0
-0.44555402428875895,0.30301850995632895,-0.6224047128565435,-1.490741225592954,-1.5052354318377899,-0.879432749798081,1.4558891884733496,0.894325408286136,-0.1635174850419322,1.0,2.0,2.0
1.0240049297866194,-0.08753542517652442,1.3241176047960659,0.5390235871302541,-0.4564847926096783,-1.4226138089179434,1.4558891884733496,0.894325408286136,-0.1635174850419322,1.0,2.0,1.0
-0.44555402428875895,-1.8254823877003565,1.6964706160105125,-0.7196046337010801,-0.08634863238785681,1.3560247658602866,1.4558891884733496,-1.2668614023614053,-0.1635174850419322,0.0,1.0,2.0
-0.44555402428875895,0.10929040844127494,-1.0638063289392983,1.6835053479664595,-1.0438971037371532,0.684270124910551,-0.1912498900650458,-1.2668614023614053,-0.1635174850419322,0.0,0.0,2.0
-1.4757996087474416,-1.6448163965569038,0.9426198985887332,-1.6533117598930798,0.7847254084372042,1.0216291187610227,-0.5481931811589248,0.23672891412393632,-0.1635174850419322,0.0,0.0,2.0
-0.44555402428875895,0.10929040844127494,1.1980080848049837,0.8017138485970642,0.6709307045561654,-0.7012588509314922,-1.3085319993581312,-0.11057994039768024,-0.1635174850419322,1.0,1.0,1.0
1.0240049297866194,-1.0754713099518136,0.2840293044794417,-1.020481110075995,-0.15597587984637895,0.8533362631721321,1.4558891884733496,0.894325408286136,-0.1635174850419322,1.0,0.0,0.0
-1.4757996087474416,-1.1305051137713682,0.1485443972737282,-0.4274218107822367,1.2925181434174686,0.8533362631721321,1.4558891884733496,-1.715731238282246,-0.1635174850419322,0.0,2.0,2.0
0.05360183387341284,-0.9664842256127052,1.5733205054899952,-0.003422997290252508,-1.0062931703904374,-0.000500383324214444,-1.3085319993581312,0.23672891412393632,-0.1635174850419322,0.0,2.0,2.0
-1.4757996087474416,-0.2877485763542665,-1.3675937313640782,-0.14298535818167485,-1.7232922021545976,-0.7012588509314922,0.1544340291715269,-0.11057994039768024,-0.1635174850419322,1.0,0.0,0.0
-1.4757996087474416,-0.4916918972954779,0.35127642696725764,-0.14298535818167485,-1.6038121390662905,-0.524357172984043,1.140556266826319,1.2081806411913485,-0.1635174850419322,0.0,1.0,1.0
1.4965627105912247,-0.6473417699594429,-0.12655984202839937,1.1863444427452885,1.2613530866247729,1.5221862666845152,-0.1912498900650458,0.5710179026968245,-0.1635174850419322,1.0,1.0,0.0
-1.4757996087474416,0.30301850995632895,-0.7677484035526727,1.1863444427452885,0.00012651273730304285,0.3436706052506409,0.1544340291715269,1.5137689813775845,-0.1635174850419322,1.0,2.0,2.0
-0.9550457526179861,0.30301850995632895,-0.05725090240451368,-0.14298535818167485,-0.4385962261062844,-1.6069900236463888,-1.3085319993581312,0.5710179026968245,-0.1635174850419322,1.0,1.0,2.0
-0.44555402428875895,1.232798202772087,0.08029463334037092,-1.490741225592954,1.6002090116841332,-1.4226138089179434,0.49076280145649415,-1.715731238282246,-0.1635174850419322,1.0,0.0,2.0
1.0240049297866194,0.6821379271824294,-1.4448376346308454,1.3122339150601035,-1.5840256456562145,1.3560247658602866,0.1544340291715269,0.23672891412393632,-0.1635174850419322,1.0,1.0,0.0
-1.4757996087474416,-1.1859169214708323,-0.7677484035526727,-0.4274218107822367,1.6457581242570318,-1.7932995761558612,1.4558891884733496,0.5710179026968245,-0.1635174850419322,1.0,2.0,1.0
0.543222251643536,0.8217019130993611,-0.9148555078314746,0.40563889553436827,1.4164490967654848,1.1891817846824706,-0.9191654829284832,-0.11057994039768024,-0.1635174850419322,0.0,0.0,2.0
1.4965627105912247,-1.5272200802113427,-1.4448376346308454,-0.4274218107822367,-1.7032873221923566,0.17205474741716534,1.140556266826319,-0.11057994039768024,-0.1635174850419322,1.0,0.0,0.0
0.543222251643536,-0.5951877719293723,-0.4787499811181418,0.40563889553436827,1.2457428798352637,-1.6069900236463888,0.1544340291715269,0.894325408286136,-0.1635174850419322,1.0,2.0,1.0
0.543222251643536,1.232798202772087,-0.5503706686590246,-1.6533117598930798,0.2052020731813306,-0.000500383324214444,-0.9191654829284832,0.5710179026968245,-0.1635174850419322,0.0,1.0,2.0
0.543222251643536,0.0112817071387272,-0.19623537091716278,1.4370323946529182,0.719824253227096,0.3436706052506409,-0.5481931811589248,-1.2668614023614053,-0.1635174850419322,0.0,0.0,1.0
-1.4757996087474416,1.5896038428398411,0.5511046204356127,-0.28428741624389964,-1.062745847544562,-1.4226138089179434,0.1544340291715269,0.894325408286136,-0.1635174850419322,0.0,1.0,2.0
0.543222251643536,-0.4916918972954779,-1.5226267790597876,0.671029675894705,0.40692547855230493,-0.000500383324214444,-0.1912498900650458,1.2081806411913485,-0.1635174850419322,1.0,1.0,0.0
-1.4757996087474416,1.2778199534505161,0.6827826110741356,0.671029675894705,0.7847254084372042,-1.6069900236463888,1.140556266826319,0.23672891412393632,-0.1635174850419322,0.0,2.0,1.0
-1.4757996087474416,-0.4916918972954779,-0.4075341609748106,-0.7196046337010801,-0.9128224289344471,0.8533362631721321,-1.7241048503790528,0.894325408286136,-0.1635174850419322,1.0,2.0,2.0
0.05360183387341284,0.7753291994222422,1.5733205054899952,-0.003422997290252508,0.9934163442881146,0.5143946858625097,1.4558891884733496,1.2081806411913485,-0.1635174850419322,0.0,0.0,2.0
1.4965627105912247,-1.411651335653741,0.08029463334037092,1.1863444427452885,-0.3495561374770991,1.1891817846824706,0.1544340291715269,-1.715731238282246,-0.1635174850419322,1.0,1.0,0.0
1.4965627105912247,-0.23736001536704487,0.08029463334037092,0.931128820937949,1.1831160987207288,-0.7012588509314922,0.1544340291715269,-0.47374386050515327,-0.1635174850419322,0.0,2.0,1.0
-1.4757996087474416,-0.03802352937807773,1.1980080848049837,-0.28428741624389964,1.660907001138069,0.684270124910551,0.1544340291715269,0.23672891412393632,-0.1635174850419322,1.0,0.0,0.0
1.0240049297866194,-0.9664842256127052,1.4492120556231152,1.3122339150601035,0.5561079228172254,-0.34864448663654474,-0.5481931811589248,0.23672891412393632,-0.1635174850419322,1.0,0.0,0.0
0.543222251643536,-0.6997770045307161,-1.600975412151823,-1.3312230541969663,-1.2146778153018354,1.0216291187610227,1.140556266826319,0.23672891412393632,-0.1635174850419322,0.0,2.0,2.0
1.4965627105912247,0.44643194171372647,-1.0638063289392983,-1.6533117598930798,0.37353126132635617,-1.7932995761558612,0.1544340291715269,1.5137689813775845,-0.1635174850419322,1.0,1.0,1.0
-1.4757996087474416,0.30301850995632895,-1.679898435950304,-0.14298535818167485,0.6218483385282111,-0.34864448663654474,-0.9191654829284832,0.894325408286136,-0.1635174850419322,1.0,0.0,2.0
0.543222251643536,-0.805525388002438,-1.3675937313640782,-1.1745348256468418,1.2457428798352637,-1.6069900236463888,0.1544340291715269,-0.47374386050515327,-0.1635174850419322,0.0,2.0,1.0
0.05360183387341284,-0.6997770045307161,1.0068732186376965,-0.7196046337010801,-0.1734456273182378,-0.524357172984043,-1.3085319993581312,-0.11057994039768024,-0.1635174850419322,0.0,1.0,0.0
0.543222251643536,0.1580025306278114,-0.5503706686590246,-0.14298535818167485,-1.7634133196365014,0.5143946858625097,0.8191207066143766,-0.47374386050515327,-0.1635174850419322,1.0,2.0,1.0
1.0240049297866194,-1.8869729800593313,0.48480861623986793,-1.3312230541969663,-0.8571040707426354,1.5221862666845152,-1.3085319993581312,-0.47374386050515327,-0.1635174850419322,1.0,1.0,0.0
0.543222251643536,0.5411962493228749,-0.7677484035526727,-0.003422997290252508,-0.31412596544069304,-0.1740473246526601,-0.5481931811589248,0.894325408286136,-0.1635174850419322,0.0,1.0,2.0
0.543222251643536,0.6821379271824294,0.1485443972737282,-0.5724902115541441,-1.5445597438465837,0.684270124910551,-0.5481931811589248,1.2081806411913485,-0.1635174850419322,1.0,0.0,1.0
0.543222251643536,0.10929040844127494,-0.9148555078314746,0.40563889553436827,-1.0816259691100458,1.3560247658602866,1.140556266826319,-1.715731238282246,-0.1635174850419322,1.0,2.0,1.0
0.05360183387341284,-0.3383699412097496,0.2840293044794417,0.931128820937949,0.2559411982280448,1.0216291187610227,1.4558891884733496,-0.47374386050515327,-0.1635174850419322,1.0,1.0,1.0
0.05360183387341284,-1.1305051137713682,-0.05725090240451368,1.6835053479664595,0.4900232299679504,1.5221862666845152,-0.5481931811589248,1.2081806411913485,-0.1635174850419322,1.0,2.0,2.0
-1.4757996087474416,-1.1859169214708323,-0.6948609147257517,-0.7196046337010801,-1.119480931173728,-0.34864448663654474,-0.9191654829284832,-0.47374386050515327,-0.1635174850419322,1.0,2.0,2.0
-0.44555402428875895,-0.23736001536704487,1.5733205054899952,-0.5724902115541441,1.0569569334099507,1.5221862666845152,0.1544340291715269,1.5137689813775845,-0.1635174850419322,1.0,0.0,2.0
1.0240049297866194,-1.0208019225091476,-0.4787499811181418,0.5390235871302541,0.6382302325867603,-0.7012588509314922,-0.5481931811589248,0.23672891412393632,-0.1635174850419322,1.0,0.0,1.0
1.4965627105912247,-1.411651335653741,-1.3675937313640782,1.4370323946529182,0.4568501979770428,1.0216291187610227,-0.9191654829284832,1.5137689813775845,-0.1635174850419322,0.0,1.0,2.0
-0.44555402428875895,1.5454122063354296,-1.600975412151823,0.5390235871302541,0.7847254084372042,-1.7932995761558612,0.49076280145649415,1.2081806411913485,6.1155539405682635,1.0,0.0,1.0
-0.9550457526179861,0.060384881498312976,0.41820101420353395,-0.14298535818167485,-0.3673108300242129,-0.1740473246526601,-1.3085319993581312,1.2081806411913485,-0.1635174850419322,0.0,2.0,1.0
1.0240049297866194,-1.1859169214708323,0.08029463334037092,0.27081450088117354,1.3701106873824416,-1.4226138089179434,0.1544340291715269,-1.2668614023614053,-0.1635174850419322,0.0,1.0,1.0
1.0240049297866194,-0.4916918972954779,-0.3367150152718381,-0.5724902115541441,1.1988008107830979,1.6876924377998244,-0.5481931811589248,1.5137689813775845,-0.1635174850419322,0.0,0.0,2.0
-0.9550457526179861,-0.6473417699594429,1.0708529170514978,-0.5724902115541441,-0.8016542871438328,0.17205474741716534,0.49076280145649415,-0.11057994039768024,-0.1635174850419322,1.0,2.0,0.0
1.0240049297866194,-0.7525019091301229,-1.2908814362090884,0.40563889553436827,-1.2914208497147652,0.8533362631721321,-1.3085319993581312,-0.11057994039768024,-0.1635174850419322,0.0,0.0,2.0
1.4965627105912247,1.1423756380794456,-0.9890951885826851,-0.7196046337010801,-0.6915462008071491,1.0216291187610227,1.4558891884733496,0.894325408286136,-0.1635174850419322,1.0,1.0,0.0
-0.9550457526179861,0.1580025306278114,0.2840293044794417,-1.3312230541969663,0.08599203614099735,-0.1740473246526601,-0.9191654829284832,-0.47374386050515327,-0.1635174850419322,0.0,1.0,1.0
-0.44555402428875895,-0.6473417699594429,-1.7594114505897807,0.40563889553436827,0.5065769547002548,-0.524357172984043,-0.5481931811589248,0.894325408286136,-0.1635174850419322,0.0,1.0,1.0
0.05360183387341284,-1.411651335653741,-1.0638063289392983,0.8017138485970642,-0.4923433829189565,0.684270124910551,0.8191207066143766,0.23672891412393632,-0.1635174850419322,1.0,1.0,2.0
-0.9550457526179861,-1.4691939703974366,1.5113877700108176,-1.490741225592954,1.660907001138069,-0.34864448663654474,-1.7241048503790528,-1.715731238282246,-0.1635174850419322,0.0,0.0,0.0
-0.9550457526179861,0.6353141012858273,-0.9148555078314746,1.1863444427452885,-1.6434931165682163,0.8533362631721321,-0.1912498900650458,-1.2668614023614053,-0.1635174850419322,1.0,1.0,2.0
0.543222251643536,0.44643194171372647,-0.05725090240451368,1.4370323946529182,0.18824260544358368,-0.34864448663654474,0.49076280145649415,1.2081806411913485,-0.1635174850419322,0.0,0.0,1.0
1.4965627105912247,0.9599582867341014,1.1345631801020333,0.8017138485970642,-1.3493262639963117,-1.058973901121688,0.8191207066143766,0.23672891412393632,-0.1635174850419322,1.0,0.0,0.0
-1.4757996087474416,1.5011070047855046,0.748174617252752,-0.4274218107822367,-1.2914208497147652,-1.6069900236463888,-0.9191654829284832,-0.8569407439821098,-0.1635174850419322,0.0,0.0,1.0
1.0240049297866194,-0.1871985627031522,1.0708529170514978,-0.003422997290252508,-1.1955738940664837,0.684270124910551,-1.7241048503790528,1.5137689813775845,-0.1635174850419322,0.0,1.0,1.0
1.4965627105912247,-0.2877485763542665,-1.138999991320247,1.4370323946529182,1.660907001138069,1.5221862666845152,-0.1912498900650458,-0.8569407439821098,-0.1635174850419322,1.0,0.0,2.0
1.4965627105912247,1.0514345204231934,0.6170942581486994,1.4370323946529182,-1.252983549890825,0.684270124910551,0.1544340291715269,0.894325408286136,-0.1635174850419322,0.0,1.0,0.0
0.05360183387341284,0.3987996661979307,-0.5503706686590246,1.0593237239285143,-0.3850920737291324,0.5143946858625097,1.4558891884733496,-0.47374386050515327,6.1155539405682635,0.0,0.0,2.0
-0.9550457526179861,-1.6448163965569038,-1.3675937313640782,-0.4274218107822367,0.37353126132635617,1.1891817846824706,1.4558891884733496,1.2081806411913485,-0.1635174850419322,1.0,0.0,0.0
0.05360183387341284,-1.8254823877003565,0.011698359457527993,1.6835053479664595,-0.7832300881358197,-1.6069900236463888,0.1544340291715269,1.2081806411913485,-0.1635174850419322,1.0,1.0,2.0
-1.4757996087474416,-0.5951877719293723,1.6964706160105125,-1.490741225592954,-0.8201079293398434,-0.7012588509314922,0.1544340291715269,-0.47374386050515327,-0.1635174850419322,0.0,2.0,2.0
-0.44555402428875895,-0.44033520687645467,-1.138999991320247,-1.020481110075995,1.2457428798352637,0.17205474741716534,0.49076280145649415,-0.47374386050515327,-0.1635174850419322,1.0,1.0,2.0
-0.9550457526179861,-1.764649843030275,1.386789862955685,0.8017138485970642,1.5545050418513908,1.3560247658602866,0.8191207066143766,-1.715731238282246,-0.1635174850419322,0.0,2.0,0.0
1.0240049297866194,-1.764649843030275,0.011698359457527993,-0.5724902115541441,0.13722367218363837,-0.000500383324214444,1.140556266826319,1.5137689813775845,-0.1635174850419322,1.0,1.0,1.0
-0.9550457526179861,-1.7044388412905458,0.748174617252752,-0.4274218107822367,1.4626265970830905,1.0216291187610227,0.8191207066143766,0.5710179026968245,-0.1635174850419322,0.0,2.0,2.0
-1.4757996087474416,-0.4916918972954779,0.2840293044794417,0.8017138485970642,-1.2146778153018354,-0.000500383324214444,-1.3085319993581312,0.23672891412393632,-0.1635174850419322,1.0,0.0,1.0
0.05360183387341284,0.25486272761128687,-1.5226267790597876,-1.490741225592954,1.1988008107830979,0.3436706052506409,-1.3085319993581312,-0.47374386050515327,-0.1635174850419322,1.0,2.0,1.0
1.4965627105912247,-0.23736001536704487,1.1980080848049837,-0.4274218107822367,1.1201888022839293,0.5143946858625097,-0.9191654829284832,1.5137689813775845,-0.1635174850419322,0.0,1.0,1.0
-1.4757996087474416,-0.44033520687645467,1.4492120556231152,-1.490741225592954,-0.9501190133242539,-1.4226138089179434,0.1544340291715269,0.894325408286136,-0.1635174850419322,1.0,1.0,2.0
0.05360183387341284,0.060384881498312976,1.1980080848049837,-0.28428741624389964,-1.5052354318377899,-0.000500383324214444,-1.3085319993581312,-1.2668614023614053,-0.1635174850419322,1.0,1.0,1.0
1.0240049297866194,-0.08753542517652442,0.21645392692877596,1.0593237239285143,0.40692547855230493,-0.000500383324214444,-0.1912498900650458,-0.11057994039768024,-0.1635174850419322,1.0,1.0,0.0
-0.9550457526179861,-0.3383699412097496,-0.7677484035526727,-1.020481110075995,-1.2146778153018354,0.3436706052506409,-0.9191654829284832,-1.715731238282246,-0.1635174850419322,1.0,1.0,1.0
0.05360183387341284,-0.7525019091301229,1.4492120556231152,-0.28428741624389964,-0.1909407528546032,-1.2399917830476341,-0.5481931811589248,-0.8569407439821098,-0.1635174850419322,1.0,1.0,0.0
1.4965627105912247,0.25486272761128687,-0.05725090240451368,1.560777685152403,-1.6833193069200196,-0.879432749798081,-1.3085319993581312,-1.2668614023614053,-0.1635174850419322,0.0,1.0,2.0
-0.44555402428875895,-0.9664842256127052,1.0068732186376965,0.1344843807459184,1.5545050418513908,-0.879432749798081,-0.1912498900650458,0.23672891412393632,-0.1635174850419322,0.0,0.0,2.0
-1.4757996087474416,-1.0208019225091476,0.2840293044794417,1.4370323946529182,-0.31412596544069304,-0.879432749798081,0.1544340291715269,1.5137689813775845,-0.1635174850419322,0.0,2.0,1.0
0.05360183387341284,1.187650740685969,-1.138999991320247,-0.003422997290252508,-0.08634863238785681,-1.2399917830476341,-1.7241048503790528,0.894325408286136,-0.1635174850419322,1.0,1.0,1.0
1.4965627105912247,0.060384881498312976,1.6350136766143886,0.27081450088117354,-0.8016542871438328,-1.058973901121688,-1.7241048503790528,-0.8569407439821098,-0.1635174850419322,1.0,0.0,2.0
-0.9550457526179861,0.30301850995632895,-0.7677484035526727,0.8017138485970642,-1.157463172522485,-1.4226138089179434,-0.9191654829284832,0.23672891412393632,-0.1635174850419322,0.0,1.0,0.0
0.05360183387341284,-0.1372587708917808,0.6170942581486994,-0.8688890132809265,0.2559411982280448,1.0216291187610227,0.1544340291715269,-1.2668614023614053,-0.1635174850419322,0.0,0.0,2.0
-1.4757996087474416,-0.44033520687645467,-1.138999991320247,0.671029675894705,1.041100892709567,0.3436706052506409,-0.5481931811589248,0.5710179026968245,-0.1635174850419322,0.0,2.0,2.0
0.543222251643536,-1.8254823877003565,-1.2908814362090884,1.0593237239285143,1.5849916339253562,-1.2399917830476341,0.1544340291715269,-1.2668614023614053,-0.1635174850419322,0.0,2.0,0.0
-1.4757996087474416,-0.23736001536704487,-1.3675937313640782,-1.020481110075995,1.1516902663941844,1.3560247658602866,0.1544340291715269,-0.11057994039768024,-0.1635174850419322,0.0,0.0,1.0
-0.44555402428875895,-0.9664842256127052,0.2840293044794417,-0.003422997290252508,-1.6434931165682163,-1.058973901121688,0.1544340291715269,0.23672891412393632,-0.1635174850419322,1.0,0.0,2.0
-0.44555402428875895,-0.7525019091301229,0.1485443972737282,-1.1745348256468418,-0.4564847926096783,1.3560247658602866,-1.3085319993581312,-1.2668614023614053,-0.1635174850419322,0.0,2.0,2.0
1.0240049297866194,1.187650740685969,-0.05725090240451368,-0.14298535818167485,-0.7098251249475177,-0.879432749798081,-1.7241048503790528,0.894325408286136,-0.1635174850419322,0.0,0.0,2.0
0.05360183387341284,-0.9664842256127052,1.4492120556231152,-0.5724902115541441,1.1359490200494988,1.0216291187610227,-0.9191654829284832,-1.715731238282246,-0.1635174850419322,0.0,0.0,0.0
-0.44555402428875895,-0.5433070124754603,-0.9890951885826851,0.1344843807459184,0.4235891833844096,0.8533362631721321,-0.1912498900650458,-1.715731238282246,-0.1635174850419322,0.0,1.0,2.0
1.0240049297866194,0.7753291994222422,-1.4448376346308454,0.5390235871302541,-1.310689232123601,-0.000500383324214444,-1.3085319993581312,-0.11057994039768024,-0.1635174850419322,1.0,0.0,1.0
-0.44555402428875895,-1.7044388412905458,0.748174617252752,-0.5724902115541441,0.06886712748749368,0.684270124910551,-0.1912498900650458,-1.2668614023614053,-0.1635174850419322,1.0,2.0,1.0
0.05360183387341284,0.49389641630379155,1.261191602925577,0.8017138485970642,0.8653919433958647,1.0216291187610227,0.8191207066143766,-0.11057994039768024,-0.1635174850419322,1.0,1.0,2.0
1.4965627105912247,-1.764649843030275,-0.9890951885826851,-0.28428741624389964,-1.5840256456562145,-0.7012588509314922,-1.3085319993581312,-1.715731238282246,-0.1635174850419322,1.0,2.0,2.0
1.4965627105912247,-0.805525388002438,-1.7594114505897807,-1.8191897405928399,0.35680058241775003,-1.4226138089179434,0.1544340291715269,-0.8569407439821098,-0.1635174850419322,1.0,0.0,0.0
-1.4757996087474416,0.9599582867341014,0.08029463334037092,-0.28428741624389964,-1.6633879674726046,-0.879432749798081,1.140556266826319,-0.47374386050515327,-0.1635174850419322,1.0,1.0,1.0
-0.44555402428875895,1.32271786953742,-1.679898435950304,0.5390235871302541,-0.13853140802254915,-1.058973901121688,1.4558891884733496,-1.715731238282246,6.1155539405682635,0.0,1.0,1.0
-0.44555402428875895,1.5896038428398411,-1.679898435950304,-1.490741225592954,-1.119480931173728,0.3436706052506409,0.8191207066143766,-1.715731238282246,-0.1635174850419322,1.0,2.0,2.0
-1.4757996087474416,0.35099631856497027,0.878088657170915,1.3122339150601035,-0.1909407528546032,-0.34864448663654474,-0.1912498900650458,-0.11057994039768024,-0.1635174850419322,0.0,0.0,0.0
1.4965627105912247,0.5883344937466836,0.011698359457527993,-1.1745348256468418,1.0252254917379955,0.8533362631721321,0.49076280145649415,-1.2668614023614053,-0.1635174850419322,1.0,2.0,0.0
-1.4757996087474416,-1.8254823877003565,0.21645392692877596,0.40563889553436827,1.1201888022839293,-1.4226138089179434,1.4558891884733496,-0.11057994039768024,-0.1635174850419322,0.0,0.0,2.0
0.543222251643536,0.49389641630379155,-1.0638063289392983,1.1863444427452885,1.1359490200494988,-0.34864448663654474,0.8191207066143766,-0.8569407439821098,-0.1635174850419322,0.0,1.0,2.0
0.05360183387341284,0.1580025306278114,-0.6948609147257517,-1.1745348256468418,-1.6434931165682163,1.5221862666845152,-0.9191654829284832,-1.2668614023614053,-0.1635174850419322,1.0,0.0,1.0
-0.44555402428875895,-1.8254823877003565,1.1980080848049837,-1.490741225592954,-0.017119360975815148,-0.524357172984043,0.49076280145649415,1.2081806411913485,-0.1635174850419322,0.0,2.0,0.0
-0.9550457526179861,1.187650740685969,-0.841076654561096,-0.4274218107822367,0.5396192218100468,1.1891817846824706,0.49076280145649415,0.894325408286136,-0.1635174850419322,1.0,1.0,2.0
0.543222251643536,1.32271786953742,-0.4075341609748106,1.560777685152403,1.5849916339253562,-0.1740473246526601,-1.3085319993581312,1.2081806411913485,-0.1635174850419322,1.0,1.0,2.0
-0.44555402428875895,1.2778199534505161,1.0708529170514978,-0.4274218107822367,1.1359490200494988,-1.058973901121688,-0.1912498900650458,0.5710179026968245,-0.1635174850419322,0.0,2.0,2.0
1.4965627105912247,1.005764365828633,0.2840293044794417,-1.3312230541969663,-0.546336647893924,0.8533362631721321,-0.5481931811589248,0.23672891412393632,-0.1635174850419322,0.0,0.0,1.0
-0.44555402428875895,0.35099631856497027,0.748174617252752,-0.8688890132809265,1.0886111964812841,-1.6069900236463888,0.1544340291715269,0.5710179026968245,-0.1635174850419322,0.0,2.0,1.0
-0.9550457526179861,-1.411651335653741,-0.9148555078314746,1.3122339150601035,0.8653919433958647,-1.4226138089179434,-0.5481931811589248,0.23672891412393632,-0.1635174850419322,1.0,0.0,1.0
0.05360183387341284,0.8679293875290608,0.08029463334037092,-1.020481110075995,-0.7648352016550344,-1.058973901121688,1.4558891884733496,0.23672891412393632,-0.1635174850419322,1.0,1.0,1.0
-0.44555402428875895,0.060384881498312976,1.4492120556231152,0.40563889553436827,0.10309303464963106,-1.7932995761558612,0.8191207066143766,-0.8569407439821098,-0.1635174850419322,0.0,0.0,1.0
-1.4757996087474416,-0.5433070124754603,-1.4448376346308454,-1.6533117598930798,0.7685309967677633,-1.4226138089179434,0.1544340291715269,-0.8569407439821098,-0.1635174850419322,1.0,2.0,1.0
0.543222251643536,1.005764365828633,-0.841076654561096,0.671029675894705,0.051718215207453316,-0.34864448663654474,0.8191207066143766,0.5710179026968245,-0.1635174850419322,1.0,2.0,0.0
0.543222251643536,1.2778199534505161,-0.19623537091716278,-1.3312230541969663,1.5392357178097753,-1.4226138089179434,-0.9191654829284832,0.5710179026968245,-0.1635174850419322,1.0,0.0,1.0
-0.44555402428875895,0.30301850995632895,0.6827826110741356,-1.490741225592954,-0.546336647893924,-1.4226138089179434,0.8191207066143766,-1.715731238282246,-0.1635174850419322,1.0,1.0,2.0
0.05360183387341284,-0.44033520687645467,1.5733205054899952,-0.7196046337010801,-1.138456067314465,-0.879432749798081,-0.5481931811589248,-0.11057994039768024,-0.1635174850419322,0.0,2.0,1.0
-0.9550457526179861,-0.1871985627031522,1.0708529170514978,1.6835053479664595,-1.157463172522485,-0.34864448663654474,-0.5481931811589248,-1.715731238282246,-0.1635174850419322,1.0,2.0,1.0
1.4965627105912247,-1.0754713099518136,0.6827826110741356,-0.7196046337010801,-0.8016542871438328,1.3560247658602866,-0.1912498900650458,-1.2668614023614053,-0.1635174850419322,1.0,0.0,0.0
-0.44555402428875895,0.44643194171372647,-0.841076654561096,-1.6533117598930798,1.1516902663941844,0.8533362631721321,1.140556266826319,1.5137689813775845,6.1155539405682635,1.0,2.0,1.0
0.543222251643536,0.728808734713399,-1.600975412151823,0.671029675894705,-1.233814315428717,-0.879432749798081,-0.5481931811589248,-0.11057994039768024,-0.1635174850419322,0.0,0.0,2.0
1.0240049297866194,-0.6473417699594429,-0.26628463287827686,-0.28428741624389964,0.687249433721493,0.8533362631721321,0.49076280145649415,1.5137689813775845,-0.1635174850419322,1.0,1.0,0.0
0.05360183387341284,-1.0208019225091476,0.2840293044794417,-1.020481110075995,1.339128244399569,-0.000500383324214444,1.140556266826319,1.2081806411913485,-0.1635174850419322,1.0,1.0,0.0
-0.9550457526179861,0.20652532819172656,-0.6224047128565435,-0.14298535818167485,-0.1734456273182378,-1.058973901121688,-1.7241048503790528,0.894325408286136,-0.1635174850419322,1.0,1.0,1.0
-1.4757996087474416,-0.4916918972954779,-0.9148555078314746,-0.8688890132809265,-1.233814315428717,1.3560247658602866,-0.1912498900650458,0.23672891412393632,-0.1635174850419322,0.0,1.0,2.0
-1.4757996087474416,1.187650740685969,-0.4787499811181418,-0.14298535818167485,0.8331861482950594,0.3436706052506409,-1.7241048503790528,1.5137689813775845,-0.1635174850419322,1.0,0.0,2.0
1.4965627105912247,-1.2979337421578345,-1.679898435950304,-0.5724902115541441,1.2457428798352637,1.0216291187610227,0.49076280145649415,0.894325408286136,-0.1635174850419322,1.0,1.0,1.0
0.05360183387341284,1.5454122063354296,-1.2146876935998583,0.5390235871302541,-0.8385911463433974,1.6876924377998244,-0.9191654829284832,-1.715731238282246,-0.1635174850419322,0.0,2.0,1.0
-0.44555402428875895,0.5883344937466836,-0.3367150152718381,-1.3312230541969663,0.9135499994591089,-0.524357172984043,1.140556266826319,-1.715731238282246,-0.1635174850419322,1.0,2.0,1.0
-1.4757996087474416,-0.5433070124754603,1.4492120556231152,-1.3312230541969663,0.22213826874583137,-1.058973901121688,1.4558891884733496,0.23672891412393632,-0.1635174850419322,1.0,0.0,1.0
-0.9550457526179861,0.5883344937466836,0.011698359457527993,0.27081450088117354,0.5890208527608938,0.5143946858625097,0.8191207066143766,-0.11057994039768024,-0.1635174850419322,0.0,2.0,0.0
0.543222251643536,-0.9125062780951316,0.1485443972737282,-0.14298535818167485,0.687249433721493,1.0216291187610227,-1.7241048503790528,-1.2668614023614053,-0.1635174850419322,0.0,2.0,0.0
1.0240049297866194,1.6336834765803228,-1.5226267790597876,-1.3312230541969663,0.8170529124432034,-0.34864448663654474,-0.5481931811589248,-0.47374386050515327,-0.1635174850419322,0.0,2.0,2.0
-1.4757996087474416,1.187650740685969,-1.4448376346308454,-1.1745348256468418,1.1831160987207288,-1.058973901121688,-0.9191654829284832,0.23672891412393632,-0.1635174850419322,1.0,2.0,1.0
0.05360183387341284,0.20652532819172656,-0.4787499811181418,-0.7196046337010801,-1.6236345684896554,-1.6069900236463888,-1.3085319993581312,-1.715731238282246,-0.1635174850419322,1.0,1.0,2.0
-1.4757996087474416,0.5411962493228749,-1.4448376346308454,1.560777685152403,0.40692547855230493,-0.1740473246526601,-0.9191654829284832,-0.47374386050515327,-0.1635174850419322,1.0,0.0,2.0
0.543222251643536,1.5011070047855046,-1.2146876935998583,1.4370323946529182,0.9135499994591089,0.8533362631721321,-0.5481931811589248,0.894325408286136,-0.1635174850419322,1.0,2.0,1.0
-1.4757996087474416,1.5454122063354296,-0.3367150152718381,-0.28428741624389964,0.6054452375039419,1.5221862666845152,-1.7241048503790528,1.5137689813775845,-0.1635174850419322,1.0,2.0,0.0
-0.44555402428875895,-0.6997770045307161,-1.600975412151823,0.931128820937949,0.7685309967677633,-1.4226138089179434,0.49076280145649415,-0.11057994039768024,-0.1635174850419322,0.0,2.0,1.0
-0.44555402428875895,-0.23736001536704487,1.3241176047960659,0.8017138485970642,-0.7648352016550344,-0.1740473246526601,-0.1912498900650458,-0.8569407439821098,-0.1635174850419322,1.0,2.0,1.0
1.0240049297866194,0.25486272761128687,0.8132750767709701,0.40563889553436827,1.6002090116841332,-0.879432749798081,-0.9191654829284832,-0.8569407439821098,-0.1635174850419322,1.0,0.0,1.0
-1.4757996087474416,-0.23736001536704487,-1.600975412151823,-1.8191897405928399,-0.8756468361042332,-0.7012588509314922,1.140556266826319,1.2081806411913485,-0.1635174850419322,1.0,0.0,1.0
1.0240049297866194,0.3987996661979307,-0.9148555078314746,-0.7196046337010801,0.6218483385282111,1.3560247658602866,-0.9191654829284832,0.894325408286136,-0.1635174850419322,1.0,0.0,1.0
-0.9550457526179861,1.5454122063354296,-1.5226267790597876,1.1863444427452885,0.6382302325867603,1.6876924377998244,0.49076280145649415,-0.8569407439821098,-0.1635174850419322,0.0,1.0,0.0
1.0240049297866194,1.232798202772087,-0.4787499811181418,-1.6533117598930798,-0.08634863238785681,1.1891817846824706,-1.7241048503790528,0.23672891412393632,-0.1635174850419322,0.0,1.0,2.0
-0.44555402428875895,0.3987996661979307,0.6170942581486994,0.27081450088117354,-0.7832300881358197,0.684270124910551,-0.5481931811589248,-1.2668614023614053,-0.1635174850419322,1.0,0.0,0.0
1.0240049297866194,1.005764365828633,1.1345631801020333,0.40563889553436827,1.0569569334099507,1.0216291187610227,-0.5481931811589248,-0.8569407439821098,-0.1635174850419322,0.0,0.0,1.0
1.0240049297866194,-0.7525019091301229,-0.9890951885826851,0.40563889553436827,-0.894219576983472,0.3436706052506409,1.4558891884733496,0.5710179026968245,-0.1635174850419322,0.0,1.0,2.0
-0.44555402428875895,-1.764649843030275,-0.841076654561096,-1.020481110075995,-0.2964502676116282,0.5143946858625097,0.8191207066143766,1.5137689813775845,-0.1635174850419322,0.0,1.0,0.0
-0.9550457526179861,-0.9125062780951316,-0.9148555078314746,0.931128820937949,-1.4270059686045937,1.3560247658602866,1.4558891884733496,0.894325408286136,-0.1635174850419322,0.0,1.0,0.0
1.4965627105912247,-0.2877485763542665,1.0068732186376965,0.5390235871302541,0.9455557569459585,-0.7012588509314922,-1.3085319993581312,-0.47374386050515327,-0.1635174850419322,0.0,0.0,0.0
0.05360183387341284,-1.411651335653741,0.6827826110741356,0.8017138485970642,1.323609795153158,-0.34864448663654474,-0.1912498900650458,0.894325408286136,-0.1635174850419322,1.0,2.0,1.0
1.0240049297866194,0.7753291994222422,-0.4075341609748106,0.1344843807459184,1.0569569334099507,-1.4226138089179434,-0.1912498900650458,-0.47374386050515327,-0.1635174850419322,1.0,2.0,1.0
1.4965627105912247,-1.1305051137713682,0.35127642696725764,0.8017138485970642,-1.4270059686045937,1.0216291187610227,0.1544340291715269,1.5137689813775845,-0.1635174850419322,1.0,1.0,2.0
1.4965627105912247,-1.354571085313629,1.0708529170514978,1.560777685152403,0.4568501979770428,-0.34864448663654474,-1.7241048503790528,1.5137689813775845,-0.1635174850419322,0.0,2.0,0.0
0.05360183387341284,-0.23736001536704487,1.0068732186376965,0.27081450088117354,-0.6915462008071491,-1.6069900236463888,1.140556266826319,1.2081806411913485,-0.1635174850419322,0.0,1.0,0.0
-0.44555402428875895,-1.1859169214708323,-0.19623537091716278,-1.1745348256468418,1.401020916290116,-1.6069900236463888,0.49076280145649415,-0.8569407439821098,-0.1635174850419322,1.0,1.0,0.0
-1.4757996087474416,-1.24172126944759,1.1980080848049837,-1.1745348256468418,-0.8385911463433974,-0.879432749798081,0.49076280145649415,0.23672891412393632,-0.1635174850419322,0.0,1.0,0.0
-0.9550457526179861,-0.3383699412097496,1.0068732186376965,-0.7196046337010801,0.4900232299679504,1.0216291187610227,1.4558891884733496,-0.11057994039768024,-0.1635174850419322,0.0,1.0,0.0
0.543222251643536,-1.1859169214708323,0.748174617252752,0.671029675894705,0.00012651273730304285,1.0216291187610227,0.49076280145649415,-0.47374386050515327,-0.1635174850419322,0.0,0.0,1.0
-0.9550457526179861,-0.03802352937807773,-1.600975412151823,1.1863444427452885,-1.2146778153018354,0.5143946858625097,1.4558891884733496,-0.47374386050515327,-0.1635174850419322,0.0,0.0,2.0
0.543222251643536,0.5411962493228749,0.2840293044794417,0.40563889553436827,-1.3299909829890073,-0.000500383324214444,1.140556266826319,0.894325408286136,-0.1635174850419322,0.0,2.0,2.0
0.05360183387341284,0.10929040844127494,1.1980080848049837,1.1863444427452885,0.17125977611503784,-0.000500383324214444,0.49076280145649415,-1.2668614023614053,-0.1635174850419322,1.0,0.0,2.0
1.4965627105912247,0.6353141012858273,0.748174617252752,0.27081450088117354,-1.6038121390662905,-1.6069900236463888,-1.7241048503790528,-0.8569407439821098,-0.1635174850419322,1.0,0.0,0.0
1.0240049297866194,-1.0208019225091476,-1.2908814362090884,0.671029675894705,-1.6633879674726046,-0.524357172984043,-0.1912498900650458,1.5137689813775845,-0.1635174850419322,1.0,2.0,2.0
-0.44555402428875895,1.0514345204231934,0.41820101420353395,0.671029675894705,-0.6005791903674813,-0.524357172984043,0.49076280145649415,0.894325408286136,-0.1635174850419322,0.0,1.0,0.0
1.4965627105912247,0.1580025306278114,-0.9890951885826851,1.1863444427452885,0.5065769547002548,1.0216291187610227,0.1544340291715269,-1.715731238282246,-0.1635174850419322,1.0,2.0,1.0
1.0240049297866194,-1.1305051137713682,-1.5226267790597876,-1.1745348256468418,0.5396192218100468,-1.6069900236463888,1.140556266826319,1.5137689813775845,-0.1635174850419322,0.0,2.0,0.0
-0.9550457526179861,1.3674937775823721,1.6350136766143886,0.931128820937949,-1.1955738940664837,0.17205474741716534,-0.5481931811589248,0.894325408286136,-0.1635174850419322,1.0,1.0,1.0
-1.4757996087474416,0.9140140580199679,0.21645392692877596,-1.3312230541969663,1.5392357178097753,1.5221862666845152,-0.9191654829284832,1.5137689813775845,-0.1635174850419322,0.0,0.0,0.0
-1.4757996087474416,0.6353141012858273,-0.19623537091716278,-0.7196046337010801,1.401020916290116,1.3560247658602866,1.4558891884733496,0.23672891412393632,-0.1635174850419322,0.0,1.0,2.0
1.0240049297866194,0.8679293875290608,-1.2146876935998583,0.931128820937949,-1.1765023974869506,-0.1740473246526601,-1.7241048503790528,0.23672891412393632,-0.1635174850419322,0.0,0.0,2.0
-1.4757996087474416,0.10929040844127494,0.2840293044794417,-0.003422997290252508,0.5396192218100468,0.684270124910551,-1.3085319993581312,-0.47374386050515327,-0.1635174850419322,0.0,0.0,1.0
-1.4757996087474416,0.35099631856497027,0.6827826110741356,1.0593237239285143,1.5849916339253562,-0.34864448663654474,-0.5481931811589248,0.894325408286136,-0.1635174850419322,0.0,0.0,1.0
0.543222251643536,-1.4691939703974366,1.4492120556231152,-1.1745348256468418,-1.062745847544562,1.1891817846824706,-1.7241048503790528,-0.8569407439821098,-0.1635174850419322,1.0,0.0,1.0
-0.44555402428875895,0.35099631856497027,0.21645392692877596,1.6835053479664595,0.3902395322004674,-0.7012588509314922,0.49076280145649415,1.2081806411913485,-0.1635174850419322,0.0,1.0,1.0
-0.44555402428875895,0.9140140580199679,0.9426198985887332,-1.490741225592954,-0.6187159903365685,-0.524357172984043,-0.5481931811589248,-1.2668614023614053,-0.1635174850419322,1.0,1.0,0.0
-1.4757996087474416,1.3674937775823721,-0.5503706686590246,-0.4274218107822367,0.00012651273730304285,1.1891817846824706,-0.1912498900650458,-0.11057994039768024,-0.1635174850419322,1.0,1.0,0.0
-0.44555402428875895,1.187650740685969,1.5113877700108176,1.6835053479664595,-0.1909407528546032,0.684270124910551,-0.9191654829284832,-1.2668614023614053,-0.1635174850419322,1.0,0.0,2.0
-1.4757996087474416,-1.1305051137713682,-1.3675937313640782,-1.490741225592954,-0.42073465957122735,-1.4226138089179434,-0.9191654829284832,0.5710179026968245,-0.1635174850419322,1.0,2.0,1.0
-1.4757996087474416,-1.764649843030275,1.0708529170514978,1.4370323946529182,-1.4075349241594797,0.17205474741716534,0.8191207066143766,-0.11057994039768024,-0.1635174850419322,0.0,2.0,0.0
-1.4757996087474416,-1.0754713099518136,0.48480861623986793,-1.490741225592954,1.1359490200494988,0.17205474741716534,-0.1912498900650458,-0.11057994039768024,-0.1635174850419322,1.0,1.0,0.0
-0.44555402428875895,-0.6997770045307161,-1.600975412151823,0.5390235871302541,0.4402307291939619,0.17205474741716534,-1.3085319993581312,1.5137689813775845,-0.1635174850419322,0.0,0.0,2.0
0.543222251643536,1.1423756380794456,-1.2908814362090884,1.0593237239285143,-1.6833193069200196,-0.34864448663654474,1.140556266826319,-1.2668614023614053,6.1155539405682635,1.0,0.0,0.0
-0.44555402428875895,0.8679293875290608,0.2840293044794417,0.1344843807459184,-0.6368809684732045,1.5221862666845152,-0.1912498900650458,-0.11057994039768024,-0.1635174850419322,1.0,2.0,0.0
0.543222251643536,0.3987996661979307,0.6827826110741356,-0.7196046337010801,0.7685309967677633,0.17205474741716534,-0.9191654829284832,0.5710179026968245,-0.1635174850419322,0.0,1.0,0.0
-0.44555402428875895,-0.2877485763542665,1.386789862955685,0.5390235871302541,0.40692547855230493,-0.7012588509314922,1.140556266826319,1.2081806411913485,-0.1635174850419322,1.0,0.0,0.0
-1.4757996087474416,1.6336834765803228,0.35127642696725764,1.0593237239285143,-0.894219576983472,1.1891817846824706,-1.7241048503790528,-0.8569407439821098,-0.1635174850419322,1.0,1.0,2.0
0.543222251643536,1.6336834765803228,1.5113877700108176,-0.28428741624389964,1.230114139326829,1.6876924377998244,1.140556266826319,-0.11057994039768024,-0.1635174850419322,1.0,1.0,0.0
0.05360183387341284,0.7753291994222422,1.1345631801020333,-0.4274218107822367,0.5396192218100468,1.0216291187610227,-1.7241048503790528,-0.47374386050515327,-0.1635174850419322,0.0,1.0,1.0
-0.44555402428875895,1.0514345204231934,-0.9890951885826851,-1.6533117598930798,-0.3495561374770991,0.8533362631721321,-0.5481931811589248,0.894325408286136,-0.1635174850419322,0.0,0.0,2.0
0.05360183387341284,1.3674937775823721,-1.2908814362090884,-1.020481110075995,-1.310689232123601,0.17205474741716534,-0.5481931811589248,-0.11057994039768024,-0.1635174850419322,0.0,2.0,1.0
-0.9550457526179861,-0.9125062780951316,1.3241176047960659,-0.5724902115541441,-1.7433341372734918,-0.7012588509314922,-0.9191654829284832,0.894325408286136,-0.1635174850419322,1.0,1.0,1.0
-0.44555402428875895,0.35099631856497027,-0.5503706686590246,-0.8688890132809265,-0.12111211010697699,-1.6069900236463888,0.8191207066143766,0.5710179026968245,-0.1635174850419322,1.0,0.0,2.0
1.0240049297866194,-1.5272200802113427,-0.12655984202839937,0.27081450088117354,-1.6633879674726046,-1.2399917830476341,1.140556266826319,1.2081806411913485,-0.1635174850419322,1.0,2.0,1.0
1.0240049297866194,1.3674937775823721,0.011698359457527993,0.671029675894705,0.9295627935672861,-0.000500383324214444,-0.1912498900650458,-0.47374386050515327,-0.1635174850419322,1.0,2.0,0.0
0.543222251643536,0.44643194171372647,0.48480861623986793,1.0593237239285143,-0.47440047323219026,1.0216291187610227,-0.1912498900650458,0.5710179026968245,-0.1635174850419322,0.0,2.0,1.0
0.543222251643536,-0.3383699412097496,0.878088657170915,-1.490741225592954,0.8331861482950594,-0.000500383324214444,0.8191207066143766,1.2081806411913485,-0.1635174850419322,1.0,1.0,1.0
-0.9550457526179861,0.5411962493228749,0.41820101420353395,0.27081450088117354,-0.655074247230416,-1.058973901121688,0.49076280145649415,-0.8569407439821098,-0.1635174850419322,1.0,1.0,1.0
-1.4757996087474416,-1.1305051137713682,1.5113877700108176,-0.7196046337010801,0.5065769547002548,0.8533362631721321,1.140556266826319,-1.715731238282246,-0.1635174850419322,0.0,2.0,0.0
-1.4757996087474416,1.6336834765803228,1.6350136766143886,0.671029675894705,1.4164490967654848,0.3436706052506409,0.8191207066143766,-0.47374386050515327,-0.1635174850419322,1.0,0.0,1.0
1.4965627105912247,1.005764365828633,-0.26628463287827686,0.5390235871302541,-0.1909407528546032,0.8533362631721321,-0.5481931811589248,-0.11057994039768024,-0.1635174850419322,1.0,0.0,1.0
-0.44555402428875895,0.5883344937466836,1.3241176047960659,-0.5724902115541441,-0.8385911463433974,-0.1740473246526601,-1.3085319993581312,-0.47374386050515327,-0.1635174850419322,0.0,1.0,0.0
-0.44555402428875895,-0.4916918972954779,-0.05725090240451368,-1.3312230541969663,-0.42073465957122735,1.3560247658602866,-0.5481931811589248,-1.2668614023614053,-0.1635174850419322,0.0,1.0,0.0
0.05360183387341284,1.3674937775823721,0.5511046204356127,0.1344843807459184,-1.5445597438465837,0.684270124910551,0.49076280145649415,-0.8569407439821098,-0.1635174850419322,1.0,0.0,2.0
0.543222251643536,-1.24172126944759,0.9426198985887332,0.5390235871302541,0.5725751070889692,0.8533362631721321,-1.7241048503790528,0.5710179026968245,-0.1635174850419322,0.0,0.0,1.0
-1.4757996087474416,1.187650740685969,-1.0638063289392983,-0.7196046337010801,1.0886111964812841,-1.4226138089179434,-0.9191654829284832,-0.11057994039768024,-0.1635174850419322,0.0,1.0,2.0
1.0240049297866194,0.0112817071387272,0.41820101420353395,1.3122339150601035,-0.10371788503038212,1.3560247658602866,-1.7241048503790528,-1.2668614023614053,-0.1635174850419322,0.0,1.0,0.0
0.543222251643536,-1.4691939703974366,0.41820101420353395,-1.3312230541969663,0.7360804921789776,-0.1740473246526601,0.49076280145649415,1.5137689813775845,-0.1635174850419322,1.0,0.0,0.0
0.543222251643536,1.32271786953742,-0.12655984202839937,-1.020481110075995,-1.7232922021545976,-1.4226138089179434,0.1544340291715269,-0.8569407439821098,-0.1635174850419322,0.0,1.0,1.0
0.543222251643536,1.456686635883876,-0.26628463287827686,0.40563889553436827,1.4164490967654848,0.8533362631721321,1.140556266826319,0.5710179026968245,-0.1635174850419322,1.0,1.0,1.0
0.543222251643536,-1.8254823877003565,1.5113877700108176,0.5390235871302541,0.10309303464963106,-0.524357172984043,-1.7241048503790528,-0.8569407439821098,-0.1635174850419322,0.0,0.0,2.0
-1.4757996087474416,-0.7525019091301229,0.41820101420353395,-1.1745348256468418,-0.3850920737291324,1.1891817846824706,0.1544340291715269,1.2081806411913485,-0.1635174850419322,0.0,1.0,0.0
0.543222251643536,-0.5951877719293723,1.4492120556231152,-0.8688890132809265,-0.5824704469802257,-1.058973901121688,0.49076280145649415,1.2081806411913485,-0.1635174850419322,0.0,1.0,1.0
-1.4757996087474416,-1.354571085313629,1.386789862955685,-1.3312230541969663,0.6382302325867603,0.5143946858625097,-1.7241048503790528,-0.8569407439821098,-0.1635174850419322,0.0,2.0,2.0
1.4965627105912247,-0.805525388002438,1.5113877700108176,-1.1745348256468418,0.06886712748749368,-0.34864448663654474,0.8191207066143766,-1.2668614023614053,-0.1635174850419322,1.0,1.0,2.0
0.543222251643536,-0.5951877719293723,1.3241176047960659,0.5390235871302541,0.7523160489496722,-1.4226138089179434,-0.9191654829284832,1.5137689813775845,-0.1635174850419322,0.0,2.0,0.0
1.0240049297866194,0.8679293875290608,0.35127642696725764,-1.020481110075995,0.4568501979770428,-0.34864448663654474,0.1544340291715269,-1.715731238282246,-0.1635174850419322,1.0,0.0,2.0
-0.9550457526179861,-0.5433070124754603,-0.5503706686590246,-0.003422997290252508,0.719824253227096,-1.2399917830476341,-0.9191654829284832,-1.715731238282246,-0.1635174850419322,0.0,1.0,0.0
0.05360183387341284,1.3674937775823721,0.6827826110741356,-1.1745348256468418,1.230114139326829,0.5143946858625097,0.1544340291715269,-1.2668614023614053,-0.1635174850419322,0.0,1.0,2.0
-0.9550457526179861,-0.08753542517652442,0.9426198985887332,-1.8191897405928399,1.5697569955546198,-0.524357172984043,-0.5481931811589248,0.894325408286136,-0.1635174850419322,0.0,0.0,0.0
1.0240049297866194,1.5896038428398411,-1.679898435950304,1.4370323946529182,0.5065769547002548,0.684270124910551,-1.3085319993581312,-0.47374386050515327,-0.1635174850419322,1.0,1.0,0.0
-1.4757996087474416,0.35099631856497027,1.1980080848049837,1.4370323946529182,-1.5248799776497604,0.684270124910551,0.8191207066143766,-1.715731238282246,-0.1635174850419322,0.0,2.0,2.0
-0.44555402428875895,1.1423756380794456,-0.12655984202839937,-1.6533117598930798,-1.0438971037371532,-1.4226138089179434,-1.7241048503790528,-0.47374386050515327,-0.1635174850419322,1.0,1.0,1.0
-1.4757996087474416,1.232798202772087,-0.4787499811181418,-0.7196046337010801,1.431859398660455,1.6876924377998244,0.8191207066143766,0.5710179026968245,-0.1635174850419322,0.0,1.0,2.0
1.0240049297866194,-0.6473417699594429,0.9426198985887332,-1.490741225592954,0.849299135035505,0.5143946858625097,1.4558891884733496,0.23672891412393632,-0.1635174850419322,0.0,0.0,1.0
-1.4757996087474416,1.3674937775823721,0.41820101420353395,0.1344843807459184,-1.4270059686045937,0.684270124910551,1.4558891884733496,-0.11057994039768024,-0.1635174850419322,1.0,0.0,2.0
1.0240049297866194,-0.4916918972954779,-0.05725090240451368,1.560777685152403,0.6709307045561654,1.0216291187610227,-0.5481931811589248,-1.2668614023614053,-0.1635174850419322,1.0,2.0,0.0
1.0240049297866194,0.6353141012858273,0.748174617252752,0.671029675894705,1.1516902663941844,0.684270124910551,-0.5481931811589248,0.894325408286136,-0.1635174850419322,1.0,2.0,2.0
0.543222251643536,0.1580025306278114,-0.26628463287827686,0.5390235871302541,-1.0062931703904374,1.3560247658602866,0.8191207066143766,0.5710179026968245,-0.1635174850419322,1.0,2.0,0.0
-0.9550457526179861,0.7753291994222422,-0.4787499811181418,0.40563889553436827,1.5392357178097753,-0.000500383324214444,-0.5481931811589248,0.23672891412393632,-0.1635174850419322,0.0,1.0,1.0
-0.44555402428875895,0.9599582867341014,-0.12655984202839937,-0.7196046337010801,0.40692547855230493,-1.7932995761558612,-0.1912498900650458,-1.2668614023614053,-0.1635174850419322,1.0,0.0,2.0
1.0240049297866194,0.0112817071387272,1.1345631801020333,-0.14298535818167485,1.2613530866247729,0.3436706052506409,-1.3085319993581312,-1.715731238282246,-0.1635174850419322,1.0,1.0,1.0
0.05360183387341284,-0.5433070124754603,-0.7677484035526727,0.1344843807459184,0.6382302325867603,-1.2399917830476341,-1.3085319993581312,-0.47374386050515327,-0.1635174850419322,0.0,1.0,1.0
0.543222251643536,1.0514345204231934,-1.5226267790597876,-1.6533117598930798,1.323609795153158,-1.7932995761558612,-1.7241048503790528,0.5710179026968245,-0.1635174850419322,0.0,1.0,1.0
-0.44555402428875895,0.8217019130993611,1.1345631801020333,0.8017138485970642,0.849299135035505,0.5143946858625097,-0.5481931811589248,1.2081806411913485,-0.1635174850419322,1.0,1.0,1.0
0.543222251643536,-0.23736001536704487,1.386789862955685,-1.020481110075995,-1.4465113712587756,-1.6069900236463888,0.49076280145649415,-0.11057994039768024,-0.1635174850419322,1.0,0.0,1.0
1.0240049297866194,0.060384881498312976,-1.679898435950304,-0.4274218107822367,-1.2146778153018354,-1.058973901121688,1.4558891884733496,1.5137689813775845,-0.1635174850419322,1.0,1.0,2.0
-0.44555402428875895,0.49389641630379155,0.9426198985887332,-0.28428741624389964,-0.2788006842467497,-0.524357172984043,1.4558891884733496,0.5710179026968245,-0.1635174850419322,0.0,2.0,0.0
-0.44555402428875895,-1.1859169214708323,-0.841076654561096,-0.4274218107822367,-0.5824704469802257,0.8533362631721321,0.49076280145649415,-0.11057994039768024,-0.1635174850419322,1.0,1.0,2.0
0.05360183387341284,1.005764365828633,-0.19623537091716278,-0.003422997290252508,-0.4923433829189565,1.3560247658602866,0.8191207066143766,-1.2668614023614053,-0.1635174850419322,0.0,1.0,1.0
-1.4757996087474416,1.5454122063354296,-0.9890951885826851,0.1344843807459184,1.0252254917379955,0.8533362631721321,1.4558891884733496,-0.8569407439821098,6.1155539405682635,1.0,1.0,2.0
1.4965627105912247,0.35099631856497027,0.8132750767709701,-0.5724902115541441,1.5239489681364762,0.8533362631721321,-0.1912498900650458,0.894325408286136,-0.1635174850419322,1.0,1.0,0.0
-0.9550457526179861,-0.3892300702681407,0.48480861623986793,-0.003422997290252508,-0.8016542871438328,1.3560247658602866,-0.5481931811589248,-0.11057994039768024,-0.1635174850419322,0.0,0.0,2.0
-0.44555402428875895,1.4121494557963326,-0.05725090240451368,1.4370323946529182,0.1542534952128012,1.3560247658602866,-0.1912498900650458,0.894325408286136,-0.1635174850419322,1.0,0.0,1.0
0.05360183387341284,-1.0208019225091476,-0.6948609147257517,0.8017138485970642,0.8008993563407216,-0.879432749798081,-1.7241048503790528,-1.2668614023614053,-0.1635174850419322,0.0,1.0,0.0
-0.44555402428875895,-0.5951877719293723,0.08029463334037092,-0.5724902115541441,-0.9128224289344471,-1.2399917830476341,0.1544340291715269,0.5710179026968245,-0.1635174850419322,0.0,1.0,2.0
0.543222251643536,0.35099631856497027,-0.26628463287827686,-1.6533117598930798,0.2052020731813306,-0.7012588509314922,-1.3085319993581312,1.2081806411913485,-0.1635174850419322,0.0,0.0,2.0
1.0240049297866194,0.8679293875290608,1.0068732186376965,-0.003422997290252508,-0.1734456273182378,-1.2399917830476341,-1.7241048503790528,-1.2668614023614053,-0.1635174850419322,1.0,0.0,2.0
1.0240049297866194,-1.7044388412905458,-1.3675937313640782,0.8017138485970642,-1.2146778153018354,-0.000500383324214444,0.49076280145649415,0.894325408286136,-0.1635174850419322,1.0,1.0,1.0
-0.44555402428875895,-0.8588568552171707,-0.19623537091716278,1.560777685152403,0.051718215207453316,1.3560247658602866,-0.9191654829284832,0.5710179026968245,-0.1635174850419322,1.0,2.0,2.0
1.4965627105912247,0.10929040844127494,1.1980080848049837,0.1344843807459184,-1.252983549890825,-0.000500383324214444,-0.5481931811589248,0.5710179026968245,-0.1635174850419322,1.0,2.0,1.0
0.543222251643536,0.0112817071387272,0.6170942581486994,-1.1745348256468418,-1.1005376145680983,-0.1740473246526601,-0.9191654829284832,0.894325408286136,-0.1635174850419322,0.0,0.0,2.0
-0.44555402428875895,-0.3892300702681407,-1.7594114505897807,-1.1745348256468418,0.08599203614099735,0.684270124910551,0.8191207066143766,1.5137689813775845,-0.1635174850419322,1.0,0.0,2.0
0.543222251643536,1.6336834765803228,-1.2908814362090884,1.1863444427452885,0.18824260544358368,-1.6069900236463888,-1.3085319993581312,0.23672891412393632,-0.1635174850419322,1.0,1.0,0.0
0.05360183387341284,1.4121494557963326,-1.7594114505897807,-1.8191897405928399,1.2613530866247729,0.17205474741716534,-0.1912498900650458,0.5710179026968245,-0.1635174850419322,0.0,0.0,2.0
-0.44555402428875895,-1.354571085313629,-0.4075341609748106,0.8017138485970642,-0.8571040707426354,-1.2399917830476341,1.140556266826319,-0.47374386050515327,-0.1635174850419322,1.0,2.0,0.0
1.4965627105912247,-0.1871985627031522,0.011698359457527993,-1.1745348256468418,-0.8571040707426354,0.3436706052506409,-0.9191654829284832,-0.47374386050515327,-0.1635174850419322,0.0,1.0,0.0
1.4965627105912247,-1.5272200802113427,1.4492120556231152,-0.4274218107822367,-0.4564847926096783,1.0216291187610227,-0.9191654829284832,-0.47374386050515327,-0.1635174850419322,1.0,2.0,2.0
-0.9550457526179861,1.1423756380794456,1.0708529170514978,-0.14298535818167485,-0.546336647893924,-1.6069900236463888,-0.9191654829284832,-0.8569407439821098,-0.1635174850419322,0.0,2.0,2.0
-1.4757996087474416,0.8679293875290608,1.3241176047960659,-0.14298535818167485,-1.7032873221923566,0.8533362631721321,-0.9191654829284832,1.2081806411913485,-0.1635174850419322,0.0,1.0,2.0
1.4965627105912247,0.9599582867341014,0.011698359457527993,-0.8688890132809265,1.2457428798352637,0.3436706052506409,1.140556266826319,0.894325408286136,-0.1635174850419322,0.0,2.0,1.0
-0.9550457526179861,-0.3892300702681407,-0.4787499811181418,-0.003422997290252508,-0.12111211010697699,-1.4226138089179434,1.4558891884733496,-0.8569407439821098,-0.1635174850419322,0.0,2.0,1.0
-1.4757996087474416,0.25486272761128687,-0.841076654561096,1.1863444427452885,-1.6833193069200196,1.1891817846824706,-0.5481931811589248,-0.11057994039768024,-0.1635174850419322,1.0,1.0,2.0
1.4965627105912247,1.4121494557963326,1.4492120556231152,-1.1745348256468418,-1.2721856753530298,1.0216291187610227,0.8191207066143766,-0.47374386050515327,-0.1635174850419322,0.0,2.0,0.0
-1.4757996087474416,1.2778199534505161,0.21645392692877596,-1.1745348256468418,-1.062745847544562,-0.7012588509314922,0.8191207066143766,-1.715731238282246,-0.1635174850419322,0.0,0.0,1.0
1.0240049297866194,-1.0208019225091476,0.011698359457527993,0.931128820937949,-0.5643896394478861,-0.524357172984043,-1.3085319993581312,-0.11057994039768024,-0.1635174850419322,0.0,1.0,1.0
1.0240049297866194,1.5011070047855046,0.1485443972737282,-0.14298535818167485,1.6911538342967363,1.5221862666845152,-0.9191654829284832,1.2081806411913485,-0.1635174850419322,1.0,0.0,0.0
-0.44555402428875895,1.2778199534505161,-0.4787499811181418,-1.490741225592954,1.5239489681364762,-0.000500383324214444,-0.9191654829284832,0.23672891412393632,-0.1635174850419322,1.0,0.0,2.0
0.05360183387341284,-0.3892300702681407,1.6964706160105125,-0.28428741624389964,0.7035472584373514,1.5221862666845152,-0.9191654829284832,-1.715731238282246,-0.1635174850419322,0.0,2.0,1.0
-0.9550457526179861,-0.6473417699594429,-0.6948609147257517,1.1863444427452885,0.3902395322004674,-0.1740473246526601,-1.7241048503790528,0.5710179026968245,-0.1635174850419322,1.0,1.0,1.0
-0.44555402428875895,1.4121494557963326,1.1345631801020333,1.0593237239285143,1.0093306644147038,0.3436706052506409,0.8191207066143766,1.5137689813775845,-0.1635174850419322,1.0,1.0,2.0
1.4965627105912247,-1.2979337421578345,-0.7677484035526727,-0.003422997290252508,-0.0690042524327977,-0.34864448663654474,-0.1912498900650458,1.2081806411913485,-0.1635174850419322,1.0,2.0,1.0
-1.4757996087474416,1.5896038428398411,1.5733205054899952,0.8017138485970642,0.7360804921789776,-0.879432749798081,1.140556266826319,-0.8569407439821098,-0.1635174850419322,1.0,1.0,1.0
-0.44555402428875895,-1.5272200802113427,0.35127642696725764,0.8017138485970642,0.35680058241775003,-0.1740473246526601,-1.7241048503790528,-0.11057994039768024,-0.1635174850419322,1.0,1.0,2.0
-0.9550457526179861,-0.4916918972954779,-1.2908814362090884,-1.490741225592954,-0.3673108300242129,-0.000500383324214444,0.49076280145649415,0.894325408286136,-0.1635174850419322,0.0,1.0,1.0
0.05360183387341284,-0.1372587708917808,-0.4787499811181418,-1.020481110075995,-0.31412596544069304,-1.6069900236463888,-0.1912498900650458,1.2081806411913485,-0.1635174850419322,1.0,0.0,0.0
1.4965627105912247,-1.24172126944759,-0.5503706686590246,0.931128820937949,1.0093306644147038,-0.000500383324214444,-0.9191654829284832,-0.47374386050515327,-0.1635174850419322,1.0,0.0,0.0
-0.9550457526179861,0.6353141012858273,-1.138999991320247,1.1863444427452885,-1.6038121390662905,-0.34864448663654474,-0.5481931811589248,1.2081806411913485,-0.1635174850419322,0.0,0.0,2.0
1.0240049297866194,-0.3383699412097496,-0.6948609147257517,-0.003422997290252508,0.18824260544358368,1.5221862666845152,1.4558891884733496,-0.8569407439821098,-0.1635174850419322,0.0,0.0,2.0
0.543222251643536,1.456686635883876,-0.3367150152718381,0.40563889553436827,-0.7648352016550344,0.8533362631721321,-0.1912498900650458,-1.715731238282246,-0.1635174850419322,0.0,1.0,2.0
1.0240049297866194,-1.0754713099518136,-0.05725090240451368,-0.5724902115541441,0.17125977611503784,1.1891817846824706,1.140556266826319,-0.11057994039768024,-0.1635174850419322,0.0,1.0,1.0
0.05360183387341284,1.5454122063354296,0.6827826110741356,-1.490741225592954,-0.728132848367978,0.3436706052506409,-0.5481931811589248,1.2081806411913485,-0.1635174850419322,0.0,0.0,2.0
-1.4757996087474416,-0.6997770045307161,-0.6948609147257517,0.27081450088117354,1.1674126048801496,-1.058973901121688,-0.5481931811589248,-1.2668614023614053,-0.1635174850419322,1.0,2.0,1.0
1.4965627105912247,1.187650740685969,-1.3675937313640782,0.8017138485970642,0.5231089254632676,1.1891817846824706,1.4558891884733496,-0.8569407439821098,6.1155539405682635,1.0,2.0,0.0
1.0240049297866194,-1.8254823877003565,0.5511046204356127,-1.020481110075995,0.30647325462559244,-0.7012588509314922,-1.7241048503790528,-0.47374386050515327,-0.1635174850419322,1.0,0.0,2.0
0.543222251643536,-0.9125062780951316,-0.6948609147257517,1.1863444427452885,-1.6236345684896554,-1.7932995761558612,-0.1912498900650458,0.23672891412393632,-0.1635174850419322,0.0,1.0,2.0
1.0240049297866194,-1.8254823877003565,1.0708529170514978,1.3122339150601035,-1.6833193069200196,-1.6069900236463888,1.4558891884733496,-1.2668614023614053,-0.1635174850419322,0.0,0.0,1.0
-1.4757996087474416,-1.411651335653741,-1.4448376346308454,-1.6533117598930798,0.881464643702809,1.1891817846824706,-1.7241048503790528,1.5137689813775845,-0.1635174850419322,1.0,1.0,2.0
-0.44555402428875895,-0.4916918972954779,1.0708529170514978,0.27081450088117354,0.8331861482950594,0.8533362631721321,-0.5481931811589248,-1.715731238282246,-0.1635174850419322,0.0,1.0,0.0
-0.44555402428875895,-0.9125062780951316,0.5511046204356127,1.560777685152403,0.5396192218100468,-0.34864448663654474,-1.3085319993581312,1.2081806411913485,-0.1635174850419322,1.0,1.0,2.0
1.4965627105912247,1.1423756380794456,1.386789862955685,-0.28428741624389964,0.9934163442881146,0.5143946858625097,0.1544340291715269,-1.715731238282246,-0.1635174850419322,1.0,2.0,1.0
1.4965627105912247,-0.03802352937807773,0.011698359457527993,-1.1745348256468418,-0.40289997964045315,-1.4226138089179434,1.140556266826319,0.894325408286136,-0.1635174850419322,1.0,0.0,2.0
1.0240049297866194,0.0112817071387272,1.0068732186376965,-0.4274218107822367,-1.0250795926620302,-1.6069900236463888,1.140556266826319,-1.715731238282246,-0.1635174850419322,0.0,0.0,0.0
-1.4757996087474416,1.5011070047855046,-1.4448376346308454,0.40563889553436827,0.23905128099421094,-0.000500383324214444,0.49076280145649415,0.894325408286136,6.1155539405682635,1.0,1.0,0.0
0.543222251643536,-1.6448163965569038,0.35127642696725764,0.931128820937949,0.18824260544358368,1.5221862666845152,1.4558891884733496,0.894325408286136,-0.1635174850419322,0.0,1.0,2.0
-0.9550457526179861,-0.805525388002438,-0.4075341609748106,-0.14298535818167485,0.6545909959793498,0.17205474741716534,1.4558891884733496,-0.8569407439821098,-0.1635174850419322,0.0,2.0,2.0
1.0240049297866194,-1.411651335653741,-0.19623537091716278,1.3122339150601035,-0.15597587984637895,0.17205474741716534,-1.3085319993581312,-0.47374386050515327,-0.1635174850419322,0.0,2.0,1.0
-0.9550457526179861,0.10929040844127494,-0.9148555078314746,0.671029675894705,-1.7032873221923566,0.17205474741716534,1.4558891884733496,0.5710179026968245,-0.1635174850419322,0.0,1.0,2.0
0.543222251643536,-0.4916918972954779,-1.2908814362090884,-1.490741225592954,1.5392357178097753,-0.7012588509314922,-0.9191654829284832,-1.715731238282246,-0.1635174850419322,1.0,0.0,0.0
0.05360183387341284,1.1423756380794456,-0.4075341609748106,-1.6533117598930798,1.1516902663941844,-0.879432749798081,0.8191207066143766,1.5137689813775845,6.1155539405682635,0.0,1.0,0.0
-0.9550457526179861,-1.24172126944759,-0.9890951885826851,-0.4274218107822367,0.017348002828467896,0.17205474741716534,-1.7241048503790528,1.2081806411913485,-0.1635174850419322,1.0,2.0,1.0
-0.44555402428875895,-0.8588568552171707,0.878088657170915,-1.020481110075995,1.2769448208706549,-0.879432749798081,1.4558891884733496,-1.715731238282246,-0.1635174850419322,0.0,1.0,2.0
-0.9550457526179861,-0.03802352937807773,0.6170942581486994,1.3122339150601035,0.5890208527608938,0.17205474741716534,-1.7241048503790528,1.2081806411913485,-0.1635174850419322,0.0,0.0,1.0
-0.44555402428875895,0.44643194171372647,0.41820101420353395,0.1344843807459184,-0.728132848367978,-1.6069900236463888,-0.5481931811589248,-0.47374386050515327,-0.1635174850419322,0.0,2.0,1.0
1.4965627105912247,0.1580025306278114,0.748174617252752,-1.020481110075995,-0.47440047323219026,0.8533362631721321,-0.5481931811589248,0.23672891412393632,-0.1635174850419322,1.0,0.0,1.0
1.4965627105912247,1.005764365828633,-1.4448376346308454,-0.8688890132809265,-1.1955738940664837,-0.000500383324214444,0.8191207066143766,-0.11057994039768024,-0.1635174850419322,1.0,1.0,1.0
-1.4757996087474416,0.10929040844127494,1.0708529170514978,-0.8688890132809265,-1.0438971037371532,-1.4226138089179434,1.4558891884733496,0.23672891412393632,-0.1635174850419322,0.0,2.0,1.0
0.05360183387341284,1.2778199534505161,-0.4075341609748106,1.560777685152403,0.35680058241775003,0.3436706052506409,0.8191207066143766,1.2081806411913485,-0.1635174850419322,1.0,0.0,2.0
0.05360183387341284,-0.3383699412097496,-0.4787499811181418,-0.5724902115541441,1.4472518796446847,1.0216291187610227,-0.5481931811589248,1.5137689813775845,-0.1635174850419322,1.0,2.0,2.0
1.4965627105912247,1.005764365828633,1.5733205054899952,-1.1745348256468418,1.4472518796446847,-1.2399917830476341,1.4558891884733496,0.23672891412393632,-0.1635174850419322,1.0,2.0,0.0
1.0240049297866194,-0.805525388002438,-1.2908814362090884,0.8017138485970642,0.13722367218363837,-1.2399917830476341,-1.7241048503790528,1.2081806411913485,-0.1635174850419322,0.0,0.0,1.0
0.543222251643536,1.6336834765803228,1.1345631801020333,-0.7196046337010801,-1.5052354318377899,-0.000500383324214444,0.8191207066143766,0.5710179026968245,-0.1635174850419322,0.0,1.0,1.0
-0.44555402428875895,1.3674937775823721,0.35127642696725764,-0.14298535818167485,0.881464643702809,-0.34864448663654474,0.49076280145649415,1.2081806411913485,-0.1635174850419322,1.0,2.0,2.0
-1.4757996087474416,-0.4916918972954779,-0.841076654561096,1.0593237239285143,-0.6732959499371788,0.17205474741716534,0.1544340291715269,-0.8569407439821098,-0.1635174850419322,0.0,2.0,0.0
1.4965627105912247,1.005764365828633,1.6964706160105125,1.560777685152403,-0.8571040707426354,1.1891817846824706,0.49076280145649415,1.2081806411913485,-0.1635174850419322,0.0,0.0,2.0
1.4965627105912247,0.3987996661979307,-1.2146876935998583,1.4370323946529182,-0.22600755120798224,-1.2399917830476341,1.140556266826319,0.23672891412393632,-0.1635174850419322,1.0,1.0,0.0
-0.44555402428875895,0.35099631856497027,-0.5503706686590246,-0.28428741624389964,0.30647325462559244,-1.6069900236463888,1.140556266826319,-0.47374386050515327,6.1155539405682635,0.0,2.0,1.0
0.05360183387341284,-1.4691939703974366,-1.5226267790597876,-0.4274218107822367,0.5396192218100468,0.3436706052506409,-0.5481931811589248,1.5137689813775845,-0.1635174850419322,1.0,0.0,2.0
-1.4757996087474416,1.4121494557963326,1.0708529170514978,0.40563889553436827,0.5065769547002548,-0.524357172984043,1.4558891884733496,-1.2668614023614053,-0.1635174850419322,1.0,0.0,2.0
-1.4757996087474416,-0.23736001536704487,-0.9890951885826851,1.560777685152403,1.4472518796446847,-1.6069900236463888,0.8191207066143766,1.5137689813775845,-0.1635174850419322,1.0,2.0,1.0
1.0240049297866194,-0.3892300702681407,1.0068732186376965,1.3122339150601035,0.2728081081981745,-1.2399917830476341,0.1544340291715269,-0.11057994039768024,-0.1635174850419322,0.0,0.0,2.0
-0.9550457526179861,-1.5857525704419249,-1.5226267790597876,0.5390235871302541,1.5392357178097753,0.8533362631721321,-1.3085319993581312,-0.47374386050515327,-0.1635174850419322,1.0,0.0,1.0
1.4965627105912247,-1.6448163965569038,-1.2146876935998583,-1.8191897405928399,1.0252254917379955,1.1891817846824706,-0.1912498900650458,0.23672891412393632,-0.1635174850419322,1.0,0.0,0.0
-0.9550457526179861,-1.8254823877003565,-0.19623537091716278,1.0593237239285143,-0.26117710801268423,1.3560247658602866,1.4558891884733496,-0.8569407439821098,-0.1635174850419322,0.0,0.0,0.0
-1.4757996087474416,-0.7525019091301229,-0.12655984202839937,-1.3312230541969663,1.6305922028335875,0.17205474741716534,1.4558891884733496,-0.8569407439821098,-0.1635174850419322,1.0,0.0,1.0
-1.4757996087474416,-0.08753542517652442,0.748174617252752,1.3122339150601035,-1.1955738940664837,-0.34864448663654474,1.4558891884733496,-1.715731238282246,-0.1635174850419322,1.0,2.0,0.0
-0.44555402428875895,1.32271786953742,-1.4448376346308454,0.8017138485970642,-0.3318278857963809,1.3560247658602866,0.1544340291715269,1.2081806411913485,-0.1635174850419322,1.0,0.0,2.0
-1.4757996087474416,-1.7044388412905458,0.9426198985887332,1.1863444427452885,0.10309303464963106,-1.2399917830476341,1.140556266826319,1.5137689813775845,-0.1635174850419322,1.0,2.0,1.0
1.4965627105912247,0.728808734713399,-0.05725090240451368,1.4370323946529182,1.660907001138069,1.6876924377998244,0.1544340291715269,-1.2668614023614053,-0.1635174850419322,0.0,0.0,2.0
-0.9550457526179861,-0.5433070124754603,-1.2908814362090884,0.40563889553436827,-1.233814315428717,1.5221862666845152,1.4558891884733496,0.23672891412393632,-0.1635174850419322,1.0,1.0,0.0
-1.4757996087474416,0.44643194171372647,0.08029463334037092,-1.3312230541969663,0.37353126132635617,-1.2399917830476341,-0.9191654829284832,-0.8569407439821098,-0.1635174850419322,1.0,1.0,2.0
1.4965627105912247,1.232798202772087,-0.05725090240451368,-1.3312230541969663,1.1674126048801496,-0.879432749798081,0.49076280145649415,0.5710179026968245,-0.1635174850419322,0.0,2.0,0.0
0.05360183387341284,-1.8869729800593313,-1.679898435950304,-0.5724902115541441,-1.3299909829890073,-1.058973901121688,-1.7241048503790528,0.894325408286136,-0.1635174850419322,0.0,0.0,1.0
1.4965627105912247,-1.0754713099518136,1.5113877700108176,-0.14298535818167485,-0.9875376940791484,-1.6069900236463888,1.140556266826319,0.5710179026968245,-0.1635174850419322,0.0,1.0,2.0
0.543222251643536,0.44643194171372647,-0.4787499811181418,1.0593237239285143,0.30647325462559244,1.5221862666845152,1.4558891884733496,-0.8569407439821098,-0.1635174850419322,0.0,0.0,2.0
-0.9550457526179861,0.9140140580199679,-0.5503706686590246,-1.3312230541969663,1.6911538342967363,1.5221862666845152,-1.7241048503790528,-0.8569407439821098,-0.1635174850419322,1.0,1.0,2.0
0.05360183387341284,0.49389641630379155,-0.4075341609748106,1.0593237239285143,-1.1005376145680983,-0.000500383324214444,-1.3085319993581312,0.894325408286136,-0.1635174850419322,0.0,0.0,1.0
0.543222251643536,-1.5857525704419249,1.0708529170514978,-1.8191897405928399,0.10309303464963106,-1.058973901121688,-1.3085319993581312,-0.8569407439821098,-0.1635174850419322,1.0,0.0,2.0
-0.44555402428875895,1.0969709114045316,0.1485443972737282,0.5390235871302541,0.8008993563407216,1.1891817846824706,1.4558891884733496,0.894325408286136,-0.1635174850419322,1.0,0.0,1.0
1.4965627105912247,-0.03802352937807773,0.6827826110741356,1.4370323946529182,0.5561079228172254,0.8533362631721321,-0.1912498900650458,-0.47374386050515327,-0.1635174850419322,0.0,1.0,2.0
1.0240049297866194,0.9140140580199679,0.6827826110741356,-0.28428741624389964,-0.05168464607093077,-0.7012588509314922,-1.3085319993581312,-0.11057994039768024,-0.1635174850419322,1.0,2.0,1.0
-0.9550457526179861,0.10929040844127494,-1.4448376346308454,0.5390235871302541,1.5697569955546198,-0.1740473246526601,-1.7241048503790528,-0.47374386050515327,-0.1635174850419322,0.0,2.0,1.0
-1.4757996087474416,-0.4916918972954779,0.2840293044794417,-0.28428741624389964,-1.0816259691100458,1.3560247658602866,-0.9191654829284832,-1.2668614023614053,-0.1635174850419322,0.0,1.0,2.0
1.4965627105912247,1.2778199534505161,0.1485443972737282,1.560777685152403,-0.3673108300242129,-1.2399917830476341,1.4558891884733496,1.2081806411913485,-0.1635174850419322,1.0,2.0,2.0
0.543222251643536,0.9599582867341014,-1.679898435950304,1.3122339150601035,1.1674126048801496,0.17205474741716534,1.4558891884733496,1.5137689813775845,-0.1635174850419322,1.0,1.0,2.0
0.05360183387341284,1.0514345204231934,0.2840293044794417,0.27081450088117354,0.22213826874583137,0.684270124910551,1.140556266826319,-1.715731238282246,-0.1635174850419322,0.0,0.0,0.0
1.0240049297866194,1.4121494557963326,-0.9148555078314746,1.1863444427452885,1.4164490967654848,-0.524357172984043,-0.9191654829284832,0.894325408286136,-0.1635174850419322,1.0,2.0,1.0
-0.44555402428875895,1.456686635883876,0.8132750767709701,1.3122339150601035,-1.062745847544562,0.3436706052506409,1.4558891884733496,-0.8569407439821098,-0.1635174850419322,1.0,1.0,2.0
0.543222251643536,-1.8254823877003565,1.6964706160105125,1.560777685152403,-0.3673108300242129,-0.000500383324214444,0.8191207066143766,-1.2668614023614053,-0.1635174850419322,0.0,1.0,2.0
-0.44555402428875895,-0.805525388002438,0.011698359457527993,-1.490741225592954,0.7685309967677633,1.0216291187610227,1.4558891884733496,0.5710179026968245,-0.1635174850419322,0.0,2.0,1.0
-1.4757996087474416,-1.5857525704419249,1.0068732186376965,0.1344843807459184,-0.1734456273182378,0.17205474741716534,0.49076280145649415,-1.715731238282246,-0.1635174850419322,0.0,0.0,2.0
0.543222251643536,0.728808734713399,1.5733205054899952,-0.5724902115541441,1.6911538342967363,-0.1740473246526601,1.4558891884733496,0.5710179026968245,-0.1635174850419322,0.0,0.0,2.0
0.543222251643536,1.2778199534505161,1.5733205054899952,1.0593237239285143,1.6457581242570318,1.5221862666845152,-0.9191654829284832,1.2081806411913485,-0.1635174850419322,1.0,2.0,1.0
0.543222251643536,0.49389641630379155,-0.26628463287827686,1.4370323946529182,0.7523160489496722,-1.7932995761558612,-0.9191654829284832,0.894325408286136,-0.1635174850419322,0.0,0.0,2.0
-0.44555402428875895,0.44643194171372647,0.5511046204356127,-0.7196046337010801,0.6218483385282111,0.5143946858625097,0.8191207066143766,-1.715731238282246,-0.1635174850419322,1.0,1.0,0.0
-1.4757996087474416,-0.9125062780951316,0.35127642696725764,-0.4274218107822367,-0.13853140802254915,0.8533362631721321,0.1544340291715269,-0.8569407439821098,-0.1635174850419322,1.0,0.0,1.0
-0.44555402428875895,-0.3383699412097496,0.48480861623986793,-1.8191897405928399,0.22213826874583137,-1.4226138089179434,1.140556266826319,0.5710179026968245,-0.1635174850419322,1.0,2.0,2.0
-0.44555402428875895,0.5883344937466836,-0.19623537091716278,-1.490741225592954,0.22213826874583137,-0.7012588509314922,1.140556266826319,0.5710179026968245,-0.1635174850419322,0.0,1.0,2.0
1.0240049297866194,1.0969709114045316,0.08029463334037092,1.3122339150601035,0.03454520521776455,1.5221862666845152,-0.5481931811589248,-0.11057994039768024,-0.1635174850419322,1.0,1.0,1.0
-0.9550457526179861,0.44643194171372647,-0.5503706686590246,0.1344843807459184,0.10309303464963106,-0.1740473246526601,0.1544340291715269,0.894325408286136,-0.1635174850419322,1.0,1.0,1.0
-1.4757996087474416,-0.44033520687645467,1.5113877700108176,-1.3312230541969663,-0.9688130219591131,0.5143946858625097,0.1544340291715269,0.894325408286136,-0.1635174850419322,0.0,2.0,1.0
-1.4757996087474416,-1.2979337421578345,1.5113877700108176,0.27081450088117354,-1.2146778153018354,0.3436706052506409,0.49076280145649415,1.2081806411913485,-0.1635174850419322,0.0,1.0,2.0
1.0240049297866194,-1.2979337421578345,1.3241176047960659,-0.28428741624389964,-0.2084613595549251,0.3436706052506409,-0.5481931811589248,-0.11057994039768024,-0.1635174850419322,1.0,2.0,1.0
0.05360183387341284,-0.3383699412097496,-0.26628463287827686,1.6835053479664595,-1.5642749071286417,-1.4226138089179434,1.140556266826319,-1.715731238282246,-0.1635174850419322,0.0,2.0,1.0
1.0240049297866194,-1.0208019225091476,-1.600975412151823,-0.4274218107822367,1.5392357178097753,-0.524357172984043,-1.3085319993581312,-0.8569407439821098,-0.1635174850419322,1.0,1.0,0.0
-1.4757996087474416,-0.23736001536704487,-1.4448376346308454,1.0593237239285143,1.0727936795515087,0.684270124910551,-1.3085319993581312,1.5137689813775845,-0.1635174850419322,0.0,1.0,2.0
0.05360183387341284,-1.1305051137713682,-1.679898435950304,-1.3312230541969663,0.3902395322004674,1.1891817846824706,-0.9191654829284832,0.894325408286136,-0.1635174850419322,1.0,0.0,2.0
1.0240049297866194,-1.764649843030275,-1.679898435950304,-0.8688890132809265,0.1542534952128012,1.0216291187610227,-0.9191654829284832,0.23672891412393632,-0.1635174850419322,1.0,0.0,1.0
0.05360183387341284,0.5411962493228749,1.0068732186376965,0.40563889553436827,1.5545050418513908,-0.7012588509314922,-0.9191654829284832,1.5137689813775845,-0.1635174850419322,0.0,2.0,2.0
1.4965627105912247,-1.24172126944759,-0.841076654561096,1.0593237239285143,0.2559411982280448,-1.2399917830476341,1.140556266826319,-0.8569407439821098,-0.1635174850419322,1.0,2.0,1.0
1.0240049297866194,1.0514345204231934,1.5733205054899952,0.27081450088117354,-0.7098251249475177,-0.000500383324214444,0.8191207066143766,-0.8569407439821098,-0.1635174850419322,1.0,1.0,1.0
0.543222251643536,1.4121494557963326,-0.3367150152718381,1.560777685152403,1.2457428798352637,1.1891817846824706,-1.7241048503790528,1.5137689813775845,-0.1635174850419322,0.0,1.0,1.0
0.543222251643536,1.32271786953742,0.21645392692877596,-1.020481110075995,0.7685309967677633,1.1891817846824706,-0.1912498900650458,-1.2668614023614053,-0.1635174850419322,0.0,1.0,2.0
0.05360183387341284,-1.5857525704419249,-1.679898435950304,-0.5724902115541441,1.1831160987207288,0.3436706052506409,0.1544340291715269,0.23672891412393632,-0.1635174850419322,1.0,2.0,0.0
-0.44555402428875895,0.44643194171372647,-1.600975412151823,-0.28428741624389964,-0.40289997964045315,-1.058973901121688,0.1544340291715269,-0.11057994039768024,-0.1635174850419322,1.0,1.0,0.0
0.543222251643536,-0.805525388002438,0.21645392692877596,-0.28428741624389964,1.1044095491838162,-0.34864448663654474,0.1544340291715269,-0.47374386050515327,-0.1635174850419322,1.0,0.0,2.0
1.4965627105912247,1.3674937775823721,1.261191602925577,-0.4274218107822367,1.1359490200494988,-1.058973901121688,1.140556266826319,0.23672891412393632,-0.1635174850419322,0.0,0.0,1.0
0.05360183387341284,0.20652532819172656,0.2840293044794417,-1.020481110075995,0.3902395322004674,1.5221862666845152,-0.5481931811589248,0.894325408286136,-0.1635174850419322,1.0,1.0,0.0
0.543222251643536,0.10929040844127494,0.5511046204356127,1.3122339150601035,-1.6434931165682163,0.684270124910551,-1.7241048503790528,-0.47374386050515327,-0.1635174850419322,1.0,2.0,1.0
-0.44555402428875895,1.3674937775823721,1.4492120556231152,-1.1745348256468418,-1.1765023974869506,-1.7932995761558612,-0.1912498900650458,-0.8569407439821098,-0.1635174850419322,0.0,1.0,1.0
1.0240049297866194,0.060384881498312976,-1.5226267790597876,1.560777685152403,0.00012651273730304285,-0.7012588509314922,1.140556266826319,0.894325408286136,-0.1635174850419322,1.0,0.0,2.0
-0.44555402428875895,-1.5857525704419249,1.5113877700108176,-0.7196046337010801,-0.7648352016550344,-1.6069900236463888,0.49076280145649415,-1.2668614023614053,-0.1635174850419322,0.0,0.0,1.0
1.0240049297866194,-0.2877485763542665,-0.841076654561096,0.1344843807459184,-0.9688130219591131,-0.7012588509314922,-0.1912498900650458,-0.11057994039768024,-0.1635174850419322,0.0,2.0,0.0
-0.9550457526179861,-0.44033520687645467,-1.679898435950304,1.560777685152403,-0.2084613595549251,-0.879432749798081,0.1544340291715269,0.5710179026968245,-0.1635174850419322,0.0,1.0,2.0
-0.44555402428875895,-1.1305051137713682,0.9426198985887332,1.6835053479664595,-1.1765023974869506,0.684270124910551,1.140556266826319,1.5137689813775845,-0.1635174850419322,1.0,0.0,2.0
1.0240049297866194,-0.805525388002438,1.3241176047960659,1.1863444427452885,-0.6732959499371788,1.3560247658602866,-1.7241048503790528,-0.8569407439821098,-0.1635174850419322,0.0,1.0,2.0
-1.4757996087474416,0.728808734713399,-0.9890951885826851,1.0593237239285143,-0.7098251249475177,1.3560247658602866,1.140556266826319,-1.2668614023614053,-0.1635174850419322,0.0,2.0,0.0
0.543222251643536,-0.23736001536704487,0.21645392692877596,-1.6533117598930798,-0.7832300881358197,0.8533362631721321,0.8191207066143766,-0.11057994039768024,-0.1635174850419322,0.0,1.0,0.0
-0.9550457526179861,-1.6448163965569038,0.41820101420353395,0.1344843807459184,-0.4564847926096783,-0.1740473246526601,-0.5481931811589248,-1.2668614023614053,-0.1635174850419322,1.0,0.0,1.0
1.0240049297866194,-1.6448163965569038,-0.19623537091716278,-0.14298535818167485,-0.6915462008071491,0.3436706052506409,0.49076280145649415,0.894325408286136,-0.1635174850419322,0.0,2.0,0.0
1.4965627105912247,0.728808734713399,-0.5503706686590246,-0.8688890132809265,-0.9314555285204121,1.1891817846824706,-0.9191654829284832,-0.8569407439821098,-0.1635174850419322,1.0,0.0,2.0
1.0240049297866194,0.25486272761128687,-0.4075341609748106,-0.5724902115541441,-1.5248799776497604,-1.6069900236463888,1.140556266826319,-1.2668614023614053,-0.1635174850419322,1.0,0.0,1.0
1.4965627105912247,1.232798202772087,1.3241176047960659,0.1344843807459184,-0.03438971485437587,0.5143946858625097,0.1544340291715269,0.894325408286136,-0.1635174850419322,1.0,2.0,2.0
-1.4757996087474416,-1.0208019225091476,-0.05725090240451368,0.1344843807459184,-1.3686952381208548,-1.6069900236463888,-0.9191654829284832,1.2081806411913485,-0.1635174850419322,1.0,1.0,0.0
0.543222251643536,0.35099631856497027,-1.2146876935998583,0.931128820937949,-0.31412596544069304,0.5143946858625097,0.1544340291715269,1.2081806411913485,-0.1635174850419322,1.0,1.0,0.0
0.543222251643536,0.25486272761128687,0.6170942581486994,0.27081450088117354,1.431859398660455,-1.058973901121688,1.140556266826319,1.2081806411913485,-0.1635174850419322,0.0,2.0,0.0
0.05360183387341284,-0.5433070124754603,1.6350136766143886,1.1863444427452885,-0.728132848367978,1.3560247658602866,-1.3085319993581312,-0.11057994039768024,-0.1635174850419322,1.0,0.0,0.0
-0.44555402428875895,-0.1372587708917808,0.2840293044794417,-0.4274218107822367,-1.7433341372734918,-0.000500383324214444,0.1544340291715269,-0.47374386050515327,-0.1635174850419322,0.0,2.0,1.0
-0.44555402428875895,0.0112817071387272,-0.6948609147257517,-0.7196046337010801,1.323609795153158,1.1891817846824706,0.8191207066143766,0.5710179026968245,-0.1635174850419322,0.0,0.0,0.0
-1.4757996087474416,0.8217019130993611,0.48480861623986793,0.671029675894705,0.8008993563407216,-1.4226138089179434,-1.3085319993581312,-1.2668614023614053,-0.1635174850419322,1.0,0.0,2.0
1.0240049297866194,0.5411962493228749,1.0708529170514978,0.931128820937949,0.00012651273730304285,-1.7932995761558612,1.4558891884733496,-0.8569407439821098,-0.1635174850419322,1.0,0.0,1.0
1.4965627105912247,0.49389641630379155,-0.9148555078314746,1.3122339150601035,-0.6915462008071491,0.684270124910551,-0.9191654829284832,0.5710179026968245,-0.1635174850419322,1.0,2.0,1.0
0.543222251643536,-0.2877485763542665,0.878088657170915,-1.020481110075995,-1.5642749071286417,1.3560247658602866,-0.5481931811589248,-0.11057994039768024,-0.1635174850419322,1.0,0.0,0.0
-1.4757996087474416,0.6821379271824294,1.4492120556231152,0.27081450088117354,1.508644737248679,-1.4226138089179434,0.1544340291715269,1.2081806411913485,-0.1635174850419322,1.0,1.0,2.0
0.543222251643536,-0.2877485763542665,0.48480861623986793,0.931128820937949,1.4164490967654848,-0.34864448663654474,0.1544340291715269,1.5137689813775845,-0.1635174850419322,1.0,1.0,0.0
-0.9550457526179861,1.2778199534505161,-0.9890951885826851,1.560777685152403,1.323609795153158,-1.058973901121688,-0.5481931811589248,-1.2668614023614053,-0.1635174850419322,0.0,0.0,2.0
-0.9550457526179861,-0.3383699412097496,-1.138999991320247,0.27081450088117354,1.6457581242570318,-1.4226138089179434,0.1544340291715269,0.23672891412393632,-0.1635174850419322,1.0,1.0,0.0
0.543222251643536,0.25486272761128687,1.6964706160105125,1.0593237239285143,0.7523160489496722,-0.1740473246526601,1.4558891884733496,-0.11057994039768024,-0.1635174850419322,0.0,0.0,0.0
1.0240049297866194,-0.8588568552171707,0.35127642696725764,0.8017138485970642,0.2728081081981745,-1.6069900236463888,-1.7241048503790528,1.2081806411913485,-0.1635174850419322,1.0,1.0,2.0
1.4965627105912247,0.5411962493228749,0.08029463334037092,-0.4274218107822367,0.40692547855230493,-1.7932995761558612,1.140556266826319,0.5710179026968245,-0.1635174850419322,1.0,2.0,0.0
1.0240049297866194,-1.1859169214708323,-1.4448376346308454,-0.003422997290252508,-0.15597587984637895,0.17205474741716534,1.140556266826319,0.5710179026968245,-0.1635174850419322,0.0,1.0,0.0
1.0240049297866194,1.32271786953742,0.6170942581486994,1.4370323946529182,0.5890208527608938,-1.058973901121688,0.8191207066143766,-1.715731238282246,-0.1635174850419322,0.0,0.0,1.0
1.0240049297866194,-0.805525388002438,-1.3675937313640782,1.0593237239285143,0.35680058241775003,0.5143946858625097,0.49076280145649415,0.894325408286136,-0.1635174850419322,1.0,1.0,1.0
1.4965627105912247,1.0969709114045316,1.3241176047960659,0.5390235871302541,0.34004741144838463,1.6876924377998244,1.4558891884733496,-1.715731238282246,-0.1635174850419322,1.0,1.0,2.0
-1.4757996087474416,0.10929040844127494,0.2840293044794417,-0.4274218107822367,1.5545050418513908,-0.34864448663654474,0.1544340291715269,1.2081806411913485,-0.1635174850419322,0.0,0.0,0.0
1.0240049297866194,0.0112817071387272,-0.9890951885826851,1.0593237239285143,-0.5283113532838831,-0.524357172984043,1.140556266826319,-1.715731238282246,-0.1635174850419322,1.0,2.0,2.0
1.4965627105912247,-1.5857525704419249,0.2840293044794417,1.0593237239285143,-1.5052354318377899,-1.4226138089179434,0.8191207066143766,1.5137689813775845,-0.1635174850419322,1.0,2.0,2.0
-0.9550457526179861,1.2778199534505161,0.41820101420353395,0.8017138485970642,1.2925181434174686,-0.524357172984043,-0.5481931811589248,0.5710179026968245,-0.1635174850419322,0.0,0.0,1.0
0.05360183387341284,0.728808734713399,-1.679898435950304,0.931128820937949,-0.6005791903674813,0.17205474741716534,0.1544340291715269,-0.8569407439821098,-0.1635174850419322,0.0,0.0,0.0
0.543222251643536,0.8217019130993611,-0.19623537091716278,0.931128820937949,0.17125977611503784,1.3560247658602866,0.1544340291715269,0.894325408286136,-0.1635174850419322,0.0,0.0,0.0
0.543222251643536,-1.1859169214708323,0.5511046204356127,-1.8191897405928399,-1.0250795926620302,0.3436706052506409,-0.5481931811589248,0.894325408286136,-0.1635174850419322,0.0,0.0,2.0
1.0240049297866194,-0.1372587708917808,-0.6948609147257517,-0.8688890132809265,-1.157463172522485,-1.2399917830476341,1.140556266826319,-1.715731238282246,-0.1635174850419322,0.0,1.0,1.0
1.0240049297866194,-0.3383699412097496,-1.3675937313640782,-0.5724902115541441,0.18824260544358368,-1.2399917830476341,0.8191207066143766,-1.715731238282246,-0.1635174850419322,0.0,0.0,2.0
0.05360183387341284,-0.08753542517652442,-0.26628463287827686,-0.4274218107822367,0.051718215207453316,1.1891817846824706,0.49076280145649415,-0.47374386050515327,-0.1635174850419322,0.0,1.0,1.0
0.543222251643536,1.2778199534505161,1.1980080848049837,1.560777685152403,1.214466803590893,-0.000500383324214444,-1.3085319993581312,-0.11057994039768024,-0.1635174850419322,0.0,2.0,0.0
0.543222251643536,-1.4691939703974366,-0.05725090240451368,-0.28428741624389964,-0.5103136374171666,1.3560247658602866,-0.5481931811589248,1.5137689813775845,-0.1635174850419322,0.0,0.0,1.0
-1.4757996087474416,-1.1859169214708323,0.878088657170915,0.5390235871302541,-1.119480931173728,1.1891817846824706,0.8191207066143766,0.5710179026968245,-0.1635174850419322,0.0,0.0,1.0
0.543222251643536,0.49389641630379155,-0.05725090240451368,-1.3312230541969663,-0.6368809684732045,1.0216291187610227,0.8191207066143766,0.5710179026968245,-0.1635174850419322,0.0,1.0,0.0
-0.44555402428875895,1.6336834765803228,-0.4787499811181418,-0.5724902115541441,0.9774824645327043,-1.6069900236463888,0.49076280145649415,-0.11057994039768024,6.1155539405682635,0.0,0.0,0.0
1.4965627105912247,0.5411962493228749,1.1345631801020333,1.6835053479664595,-0.3495561374770991,-0.524357172984043,-0.9191654829284832,-0.47374386050515327,-0.1635174850419322,0.0,2.0,2.0
0.543222251643536,-1.1859169214708323,0.48480861623986793,-0.8688890132809265,-0.8016542871438328,0.8533362631721321,-1.7241048503790528,-1.2668614023614053,-0.1635174850419322,1.0,2.0,1.0
-1.4757996087474416,-1.0208019225091476,1.261191602925577,-0.14298535818167485,-0.0690042524327977,-0.7012588509314922,-1.3085319993581312,0.23672891412393632,-0.1635174850419322,1.0,1.0,0.0
0.543222251643536,1.1423756380794456,1.1980080848049837,-1.3312230541969663,-1.062745847544562,-1.7932995761558612,1.4558891884733496,0.5710179026968245,-0.1635174850419322,0.0,1.0,2.0
1.4965627105912247,0.9140140580199679,0.21645392692877596,0.931128820937949,-1.3686952381208548,0.5143946858625097,-1.3085319993581312,-1.2668614023614053,-0.1635174850419322,1.0,0.0,1.0
-0.44555402428875895,0.5883344937466836,0.748174617252752,0.931128820937949,-0.1909407528546032,0.5143946858625097,1.4558891884733496,-1.2668614023614053,-0.1635174850419322,0.0,1.0,2.0
-0.44555402428875895,1.187650740685969,-0.3367150152718381,-0.5724902115541441,-0.0690042524327977,0.3436706052506409,-1.3085319993581312,0.23672891412393632,-0.1635174850419322,0.0,1.0,1.0
0.05360183387341284,-1.2979337421578345,1.1980080848049837,-1.020481110075995,0.34004741144838463,-0.1740473246526601,0.49076280145649415,1.5137689813775845,-0.1635174850419322,1.0,1.0,2.0
0.05360183387341284,-1.24172126944759,-1.2908814362090884,0.40563889553436827,-0.7098251249475177,1.3560247658602866,-0.5481931811589248,-0.47374386050515327,-0.1635174850419322,0.0,0.0,0.0
0.543222251643536,1.1423756380794456,-0.19623537091716278,0.931128820937949,1.339128244399569,0.17205474741716534,-0.5481931811589248,1.2081806411913485,-0.1635174850419322,0.0,2.0,2.0
0.543222251643536,1.0969709114045316,-0.4787499811181418,-0.8688890132809265,0.5725751070889692,0.5143946858625097,1.4558891884733496,1.5137689813775845,-0.1635174850419322,0.0,2.0,2.0
-0.44555402428875895,-1.7044388412905458,0.8132750767709701,-1.6533117598930798,0.849299135035505,1.5221862666845152,-1.7241048503790528,-0.47374386050515327,-0.1635174850419322,0.0,2.0,1.0
1.4965627105912247,-1.411651335653741,0.878088657170915,0.671029675894705,1.339128244399569,-1.2399917830476341,0.1544340291715269,0.5710179026968245,-0.1635174850419322,1.0,2.0,2.0
-0.44555402428875895,-0.03802352937807773,-0.7677484035526727,-1.1745348256468418,1.3080731147814824,-0.879432749798081,-0.1912498900650458,-0.11057994039768024,-0.1635174850419322,0.0,2.0,0.0
0.543222251643536,-0.3892300702681407,-0.05725090240451368,-0.5724902115541441,-0.4385962261062844,0.17205474741716534,0.1544340291715269,1.2081806411913485,-0.1635174850419322,0.0,1.0,2.0
0.543222251643536,-1.7044388412905458,1.261191602925577,-1.020481110075995,1.6154091832682105,0.3436706052506409,-1.7241048503790528,-1.715731238282246,-0.1635174850419322,1.0,0.0,2.0
1.0240049297866194,-0.23736001536704487,-1.2908814362090884,0.671029675894705,1.230114139326829,-0.7012588509314922,-1.7241048503790528,-0.47374386050515327,-0.1635174850419322,0.0,1.0,2.0
-1.4757996087474416,-0.4916918972954779,-0.7677484035526727,1.3122339150601035,1.230114139326829,-0.879432749798081,0.49076280145649415,-1.2668614023614053,-0.1635174850419322,0.0,1.0,1.0
0.543222251643536,1.187650740685969,1.6350136766143886,-1.6533117598930798,1.1831160987207288,-1.4226138089179434,-1.3085319993581312,-0.47374386050515327,-0.1635174850419322,0.0,2.0,2.0
0.05360183387341284,-1.1305051137713682,1.5733205054899952,-1.020481110075995,-0.7832300881358197,1.6876924377998244,1.4558891884733496,1.5137689813775845,-0.1635174850419322,1.0,2.0,2.0
0.543222251643536,1.005764365828633,1.1980080848049837,-1.490741225592954,-0.12111211010697699,-0.34864448663654474,0.49076280145649415,0.5710179026968245,-0.1635174850419322,1.0,2.0,1.0
-0.44555402428875895,-1.764649843030275,0.6827826110741356,1.3122339150601035,-0.05168464607093077,0.684270124910551,0.49076280145649415,-0.47374386050515327,-0.1635174850419322,1.0,0.0,1.0
-0.9550457526179861,-1.7044388412905458,0.878088657170915,0.27081450088117354,-1.233814315428717,0.8533362631721321,-1.3085319993581312,-1.2668614023614053,-0.1635174850419322,0.0,2.0,1.0
0.543222251643536,1.005764365828633,1.0708529170514978,0.27081450088117354,-0.15597587984637895,-1.058973901121688,0.8191207066143766,-0.11057994039768024,-0.1635174850419322,0.0,0.0,2.0
1.0240049297866194,1.4121494557963326,0.8132750767709701,0.1344843807459184,0.40692547855230493,1.1891817846824706,0.1544340291715269,0.23672891412393632,-0.1635174850419322,1.0,2.0,0.0
1.0240049297866194,-0.3892300702681407,0.41820101420353395,-0.4274218107822367,-1.6633879674726046,-1.058973901121688,1.140556266826319,-0.11057994039768024,-0.1635174850419322,1.0,1.0,2.0
1.0240049297866194,0.0112817071387272,-1.4448376346308454,0.27081450088117354,-1.252983549890825,-1.7932995761558612,0.8191207066143766,1.5137689813775845,-0.1635174850419322,1.0,1.0,1.0
-0.9550457526179861,0.6353141012858273,0.35127642696725764,-1.490741225592954,0.10309303464963106,1.5221862666845152,1.140556266826319,-0.47374386050515327,-0.1635174850419322,1.0,0.0,0.0
-1.4757996087474416,1.5896038428398411,-0.4075341609748106,-1.3312230541969663,0.6054452375039419,1.0216291187610227,0.49076280145649415,-1.2668614023614053,-0.1635174850419322,1.0,1.0,2.0
-0.9550457526179861,-1.1305051137713682,1.0708529170514978,1.0593237239285143,0.22213826874583137,1.1891817846824706,0.1544340291715269,0.5710179026968245,-0.1635174850419322,1.0,2.0,2.0
1.0240049297866194,-1.5272200802113427,-0.9148555078314746,1.3122339150601035,1.0252254917379955,-0.34864448663654474,1.140556266826319,0.5710179026968245,-0.1635174850419322,1.0,2.0,0.0
-1.4757996087474416,0.6353141012858273,0.5511046204356127,-0.8688890132809265,-0.4564847926096783,-1.058973901121688,-0.9191654829284832,0.5710179026968245,-0.1635174850419322,1.0,2.0,1.0
1.0240049297866194,0.9599582867341014,0.21645392692877596,1.0593237239285143,0.051718215207453316,-1.6069900236463888,0.49076280145649415,0.5710179026968245,-0.1635174850419322,0.0,0.0,0.0
-1.4757996087474416,-0.5951877719293723,0.6827826110741356,-1.1745348256468418,-0.7464694979898008,-1.4226138089179434,1.4558891884733496,0.23672891412393632,-0.1635174850419322,0.0,0.0,2.0
1.4965627105912247,0.44643194171372647,-1.4448376346308454,0.8017138485970642,0.6545909959793498,-1.058973901121688,-0.9191654829284832,0.894325408286136,-0.1635174850419322,0.0,2.0,0.0
-0.44555402428875895,-1.24172126944759,-1.4448376346308454,0.5390235871302541,0.8008993563407216,1.5221862666845152,0.1544340291715269,0.5710179026968245,-0.1635174850419322,1.0,1.0,1.0
-1.4757996087474416,1.5454122063354296,0.6827826110741356,-0.003422997290252508,-0.3318278857963809,0.17205474741716534,-1.7241048503790528,-0.47374386050515327,-0.1635174850419322,0.0,1.0,1.0
0.543222251643536,0.30301850995632895,-0.9890951885826851,0.671029675894705,1.041100892709567,0.3436706052506409,-0.9191654829284832,1.2081806411913485,-0.1635174850419322,1.0,0.0,0.0
1.0240049297866194,0.49389641630379155,-0.6224047128565435,0.1344843807459184,-1.2914208497147652,-1.7932995761558612,-0.5481931811589248,1.5137689813775845,-0.1635174850419322,0.0,0.0,0.0
0.05360183387341284,-0.9125062780951316,-1.600975412151823,0.931128820937949,0.17125977611503784,-1.4226138089179434,0.8191207066143766,-0.47374386050515327,-0.1635174850419322,1.0,1.0,0.0
1.4965627105912247,1.6336834765803228,-1.2146876935998583,-1.8191897405928399,-1.4075349241594797,-0.7012588509314922,0.8191207066143766,0.23672891412393632,6.1155539405682635,1.0,2.0,2.0
0.05360183387341284,0.44643194171372647,1.5113877700108176,0.27081450088117354,-0.4923433829189565,0.5143946858625097,-0.1912498900650458,0.5710179026968245,-0.1635174850419322,1.0,2.0,1.0
-1.4757996087474416,1.32271786953742,-1.600975412151823,-0.5724902115541441,-1.4465113712587756,-0.000500383324214444,-0.1912498900650458,-1.2668614023614053,-0.1635174850419322,1.0,0.0,0.0
-0.9550457526179861,1.5011070047855046,-0.19623537091716278,-1.3312230541969663,0.8653919433958647,0.8533362631721321,1.4558891884733496,1.2081806411913485,-0.1635174850419322,0.0,1.0,2.0
-1.4757996087474416,-0.1372587708917808,1.0068732186376965,1.3122339150601035,1.323609795153158,-1.6069900236463888,0.49076280145649415,-1.2668614023614053,-0.1635174850419322,0.0,1.0,2.0
-1.4757996087474416,-0.4916918972954779,1.5113877700108176,-0.4274218107822367,0.9135499994591089,0.5143946858625097,-0.5481931811589248,-0.11057994039768024,-0.1635174850419322,0.0,0.0,0.0
0.05360183387341284,0.30301850995632895,-1.2908814362090884,-0.8688890132809265,-0.3495561374770991,0.8533362631721321,-0.9191654829284832,0.23672891412393632,-0.1635174850419322,1.0,2.0,2.0
-0.9550457526179861,0.7753291994222422,0.41820101420353395,1.3122339150601035,1.6457581242570318,-0.000500383324214444,0.8191207066143766,0.894325408286136,-0.1635174850419322,0.0,1.0,2.0
0.05360183387341284,0.3987996661979307,-0.7677484035526727,0.931128820937949,0.10309303464963106,1.0216291187610227,1.140556266826319,-1.715731238282246,-0.1635174850419322,1.0,2.0,2.0
-1.4757996087474416,-1.7044388412905458,1.5113877700108176,-1.1745348256468418,1.6911538342967363,-1.6069900236463888,1.140556266826319,1.2081806411913485,-0.1635174850419322,0.0,2.0,1.0
-0.44555402428875895,0.9140140580199679,-0.3367150152718381,-0.14298535818167485,1.6457581242570318,-0.000500383324214444,-1.3085319993581312,0.23672891412393632,-0.1635174850419322,0.0,1.0,0.0
-1.4757996087474416,-1.5272200802113427,-0.9890951885826851,1.3122339150601035,-1.157463172522485,1.5221862666845152,1.140556266826319,-0.11057994039768024,-0.1635174850419322,1.0,2.0,1.0
-1.4757996087474416,-0.23736001536704487,-1.600975412151823,-1.1745348256468418,-0.3495561374770991,-0.000500383324214444,-0.5481931811589248,0.894325408286136,-0.1635174850419322,1.0,1.0,0.0
1.0240049297866194,0.25486272761128687,-1.5226267790597876,-0.8688890132809265,-1.3299909829890073,-1.6069900236463888,-1.3085319993581312,-1.2668614023614053,-0.1635174850419322,1.0,1.0,0.0
-0.9550457526179861,0.5883344937466836,0.21645392692877596,1.1863444427452885,-1.0816259691100458,1.3560247658602866,1.4558891884733496,0.5710179026968245,-0.1635174850419322,0.0,1.0,0.0
1.0240049297866194,1.0969709114045316,1.4492120556231152,-0.8688890132809265,-1.062745847544562,1.0216291187610227,1.4558891884733496,1.5137689813775845,-0.1635174850419322,1.0,2.0,0.0
0.543222251643536,-0.03802352937807773,-0.26628463287827686,-0.7196046337010801,-0.8385911463433974,-0.1740473246526601,-1.3085319993581312,0.23672891412393632,-0.1635174850419322,0.0,1.0,2.0
1.0240049297866194,1.0969709114045316,-0.6948609147257517,-1.1745348256468418,-0.546336647893924,-1.2399917830476341,-1.7241048503790528,0.894325408286136,-0.1635174850419322,1.0,0.0,0.0
0.05360183387341284,-1.2979337421578345,0.9426198985887332,-1.8191897405928399,-0.24357943229830545,0.684270124910551,-1.3085319993581312,-0.47374386050515327,-0.1635174850419322,1.0,2.0,0.0
0.05360183387341284,0.3987996661979307,-1.5226267790597876,-0.28428741624389964,-0.728132848367978,-1.2399917830476341,0.49076280145649415,1.5137689813775845,6.1155539405682635,0.0,2.0,0.0
-0.9550457526179861,-0.8588568552171707,-1.5226267790597876,1.6835053479664595,-1.4856259311535789,1.5221862666845152,-0.9191654829284832,0.5710179026968245,-0.1635174850419322,1.0,0.0,2.0
0.05360183387341284,-0.2877485763542665,-1.600975412151823,0.5390235871302541,-1.2146778153018354,0.17205474741716534,-0.1912498900650458,0.5710179026968245,-0.1635174850419322,1.0,2.0,2.0
0.05360183387341284,-0.1372587708917808,-0.05725090240451368,-0.7196046337010801,1.2613530866247729,1.5221862666845152,-0.9191654829284832,0.5710179026968245,-0.1635174850419322,0.0,2.0,1.0
1.4965627105912247,0.060384881498312976,-0.6224047128565435,1.0593237239285143,1.6305922028335875,-0.34864448663654474,1.4558891884733496,0.5710179026968245,-0.1635174850419322,0.0,1.0,0.0
1.0240049297866194,0.3987996661979307,-1.2908814362090884,-0.28428741624389964,-0.728132848367978,-0.7012588509314922,-0.9191654829284832,-0.47374386050515327,-0.1635174850419322,0.0,0.0,2.0
1.4965627105912247,0.8679293875290608,-0.4787499811181418,-0.4274218107822367,-1.7032873221923566,0.17205474741716534,0.1544340291715269,-1.715731238282246,-0.1635174850419322,1.0,2.0,1.0
-0.9550457526179861,0.9140140580199679,-0.4787499811181418,-1.1745348256468418,-1.6434931165682163,1.3560247658602866,-0.5481931811589248,-1.2668614023614053,-0.1635174850419322,1.0,1.0,0.0
1.4965627105912247,-0.23736001536704487,0.6827826110741356,1.3122339150601035,0.7685309967677633,0.684270124910551,-0.5481931811589248,0.5710179026968245,-0.1635174850419322,0.0,0.0,2.0
0.543222251643536,1.4121494557963326,-1.2146876935998583,0.5390235871302541,-0.7098251249475177,-1.6069900236463888,1.140556266826319,-1.715731238282246,-0.1635174850419322,0.0,0.0,0.0
-1.4757996087474416,0.8217019130993611,1.4492120556231152,0.1344843807459184,-1.3880980696423586,-0.524357172984043,-0.5481931811589248,0.5710179026968245,-0.1635174850419322,1.0,1.0,0.0
1.0240049297866194,-1.411651335653741,-1.0638063289392983,1.3122339150601035,-1.5248799776497604,-1.4226138089179434,-0.9191654829284832,0.894325408286136,-0.1635174850419322,1.0,0.0,1.0
1.4965627105912247,-0.2877485763542665,0.6827826110741356,1.0593237239285143,1.2925181434174686,-1.2399917830476341,0.8191207066143766,-0.8569407439821098,-0.1635174850419322,0.0,2.0,2.0
1.4965627105912247,-1.24172126944759,1.5733205054899952,0.8017138485970642,-1.3299909829890073,0.3436706052506409,-0.1912498900650458,-0.8569407439821098,-0.1635174850419322,1.0,1.0,0.0
-0.44555402428875895,1.32271786953742,0.6170942581486994,1.4370323946529182,-0.8756468361042332,-1.2399917830476341,0.49076280145649415,-0.11057994039768024,-0.1635174850419322,0.0,2.0,1.0
-1.4757996087474416,0.060384881498312976,-0.7677484035526727,0.8017138485970642,-0.9501190133242539,-1.4226138089179434,1.140556266826319,-0.11057994039768024,-0.1635174850419322,1.0,2.0,1.0
-0.44555402428875895,-0.9125062780951316,1.5733205054899952,0.27081450088117354,-1.4856259311535789,-1.058973901121688,1.4558891884733496,-0.8569407439821098,-0.1635174850419322,0.0,0.0,0.0
-0.44555402428875895,-0.9125062780951316,0.08029463334037092,-0.14298535818167485,-1.4856259311535789,-1.058973901121688,0.1544340291715269,0.23672891412393632,-0.1635174850419322,0.0,0.0,0.0
-0.9550457526179861,1.187650740685969,0.9426198985887332,-0.8688890132809265,1.401020916290116,0.684270124910551,-0.5481931811589248,-1.2668614023614053,-0.1635174850419322,0.0,2.0,2.0
0.05360183387341284,1.5896038428398411,1.0708529170514978,-0.14298535818167485,0.8653919433958647,0.8533362631721321,-0.1912498900650458,0.23672891412393632,-0.1635174850419322,1.0,2.0,0.0
-0.9550457526179861,-0.6997770045307161,1.5733205054899952,-0.28428741624389964,1.5545050418513908,-0.7012588509314922,1.140556266826319,0.23672891412393632,-0.1635174850419322,1.0,2.0,2.0
-0.9550457526179861,-1.0208019225091476,-0.7677484035526727,0.931128820937949,1.4933229692719605,0.5143946858625097,1.140556266826319,0.23672891412393632,-0.1635174850419322,1.0,0.0,0.0
0.05360183387341284,-1.6448163965569038,-0.841076654561096,-0.003422997290252508,1.4164490967654848,-0.524357172984043,-0.5481931811589248,-0.8569407439821098,-0.1635174850419322,0.0,0.0,1.0
-0.9550457526179861,-1.0208019225091476,-0.5503706686590246,1.560777685152403,-1.2914208497147652,-0.879432749798081,1.140556266826319,-0.11057994039768024,-0.1635174850419322,1.0,2.0,1.0
1.0240049297866194,0.49389641630379155,-0.9890951885826851,-1.1745348256468418,-0.03438971485437587,0.17205474741716534,1.4558891884733496,1.5137689813775845,-0.1635174850419322,1.0,1.0,1.0
-1.4757996087474416,0.7753291994222422,0.011698359457527993,1.4370323946529182,-0.7832300881358197,1.5221862666845152,-1.7241048503790528,1.2081806411913485,-0.1635174850419322,0.0,0.0,1.0
0.543222251643536,0.25486272761128687,-1.0638063289392983,0.5390235871302541,-1.7433341372734918,-0.000500383324214444,-0.5481931811589248,1.2081806411913485,-0.1635174850419322,0.0,0.0,1.0
-1.4757996087474416,-0.3383699412097496,1.6350136766143886,1.0593237239285143,-1.1955738940664837,-0.7012588509314922,1.140556266826319,0.5710179026968245,-0.1635174850419322,0.0,0.0,0.0
1.4965627105912247,0.5883344937466836,-1.138999991320247,0.671029675894705,1.1674126048801496,-0.1740473246526601,0.49076280145649415,-0.11057994039768024,-0.1635174850419322,1.0,1.0,1.0
-0.9550457526179861,-0.3383699412097496,0.748174617252752,-1.8191897405928399,-1.4075349241594797,-0.000500383324214444,-1.3085319993581312,-1.2668614023614053,-0.1635174850419322,1.0,0.0,2.0
0.543222251643536,-0.9664842256127052,0.08029463334037092,-0.28428741624389964,1.3855747992577276,-1.4226138089179434,0.1544340291715269,-1.715731238282246,-0.1635174850419322,0.0,1.0,0.0
-0.44555402428875895,-0.4916918972954779,-1.3675937313640782,1.3122339150601035,-0.8571040707426354,0.684270124910551,-0.1912498900650458,1.5137689813775845,-0.1635174850419322,1.0,2.0,1.0
1.0240049297866194,0.49389641630379155,-0.7677484035526727,1.1863444427452885,0.23905128099421094,1.6876924377998244,0.1544340291715269,-0.8569407439821098,-0.1635174850419322,0.0,1.0,1.0
1.0240049297866194,-1.0208019225091476,0.48480861623986793,-0.14298535818167485,1.6457581242570318,-0.524357172984043,0.49076280145649415,-0.8569407439821098,-0.1635174850419322,0.0,2.0,2.0
1.0240049297866194,-1.354571085313629,-0.9148555078314746,1.560777685152403,-0.5824704469802257,-0.000500383324214444,-0.9191654829284832,-1.2668614023614053,-0.1635174850419322,0.0,0.0,1.0
-1.4757996087474416,-0.08753542517652442,-1.4448376346308454,-1.490741225592954,0.40692547855230493,-1.2399917830476341,-1.3085319993581312,0.23672891412393632,-0.1635174850419322,1.0,1.0,1.0
1.4965627105912247,-0.5433070124754603,-1.5226267790597876,-1.490741225592954,-1.4270059686045937,-0.524357172984043,-1.7241048503790528,-0.47374386050515327,-0.1635174850419322,0.0,2.0,0.0
-0.44555402428875895,-0.5433070124754603,1.0708529170514978,-1.020481110075995,-1.157463172522485,-0.000500383324214444,0.49076280145649415,0.23672891412393632,-0.1635174850419322,1.0,0.0,0.0
1.4965627105912247,-1.4691939703974366,0.41820101420353395,1.3122339150601035,-1.6236345684896554,-0.879432749798081,-0.5481931811589248,1.5137689813775845,-0.1635174850419322,0.0,0.0,0.0
1.4965627105912247,1.5011070047855046,-1.600975412151823,1.1863444427452885,-1.3686952381208548,1.3560247658602866,1.140556266826319,-0.47374386050515327,6.1155539405682635,1.0,1.0,1.0
1.4965627105912247,-1.24172126944759,0.2840293044794417,0.671029675894705,-1.119480931173728,-0.000500383324214444,0.1544340291715269,0.5710179026968245,-0.1635174850419322,1.0,2.0,2.0
