{
    "loss": 1.4738866090774536,
    "accuracy": 0.6115108132362366
}